solid
facet normal 0.0 0.0 -1.0
outer loop
vertex 0.0741 0.0 -0.28
vertex 0.07395378057653493 0.004652777497122121 -0.28
vertex 0.075 0.0 -0.28
endloop
endfacet
facet normal 0.0 0.0 -1.0
outer loop
vertex 0.075 0.0 -0.28
vertex 0.07395378057653493 0.004652777497122121 -0.28
vertex 0.07485200463212037 0.004709288964698503 -0.28
endloop
endfacet
facet normal 0.9995065603657315 0.03141075907812716 0.0
outer loop
vertex 0.075 0.0 -0.28
vertex 0.07485200463212037 0.004709288964698503 -0.28
vertex 0.075 0.0 0.28
endloop
endfacet
facet normal 0.9995065603657315 0.03141075907812716 -0.0
outer loop
vertex 0.075 0.0 0.28
vertex 0.07485200463212037 0.004709288964698503 -0.28
vertex 0.07485200463212037 0.004709288964698503 0.28
endloop
endfacet
facet normal 0.0 0.0 1.0
outer loop
vertex 0.075 0.0 0.28
vertex 0.07485200463212037 0.004709288964698503 0.28
vertex 0.0741 0.0 0.28
endloop
endfacet
facet normal 0.0 -0.0 1.0
outer loop
vertex 0.0741 0.0 0.28
vertex 0.07485200463212037 0.004709288964698503 0.28
vertex 0.07395378057653493 0.004652777497122121 0.28
endloop
endfacet
facet normal -0.9995065603657316 -0.03141075907812708 0.0
outer loop
vertex 0.0741 0.0 0.28
vertex 0.07395378057653493 0.004652777497122121 0.28
vertex 0.0741 0.0 -0.28
endloop
endfacet
facet normal -0.9995065603657316 -0.03141075907812708 -0.0
outer loop
vertex 0.0741 0.0 -0.28
vertex 0.07395378057653493 0.004652777497122121 0.28
vertex 0.07395378057653493 0.004652777497122121 -0.28
endloop
endfacet
facet normal 0.0 0.0 -1.0
outer loop
vertex 0.07395378057653493 0.004652777497122121 -0.28
vertex 0.0735156993674028 0.009287192607114945 -0.28
vertex 0.07485200463212037 0.004709288964698503 -0.28
endloop
endfacet
facet normal 0.0 0.0 -1.0
outer loop
vertex 0.07485200463212037 0.004709288964698503 -0.28
vertex 0.0735156993674028 0.009287192607114945 -0.28
vertex 0.07440860259858584 0.00939999251732282 -0.28
endloop
endfacet
facet normal 0.99556196460308 0.09410831331851471 0.0
outer loop
vertex 0.07485200463212037 0.004709288964698503 -0.28
vertex 0.07440860259858584 0.00939999251732282 -0.28
vertex 0.07485200463212037 0.004709288964698503 0.28
endloop
endfacet
facet normal 0.99556196460308 0.09410831331851471 -0.0
outer loop
vertex 0.07485200463212037 0.004709288964698503 0.28
vertex 0.07440860259858584 0.00939999251732282 -0.28
vertex 0.07440860259858584 0.00939999251732282 0.28
endloop
endfacet
facet normal 0.0 0.0 1.0
outer loop
vertex 0.07485200463212037 0.004709288964698503 0.28
vertex 0.07440860259858584 0.00939999251732282 0.28
vertex 0.07395378057653493 0.004652777497122121 0.28
endloop
endfacet
facet normal 0.0 -0.0 1.0
outer loop
vertex 0.07395378057653493 0.004652777497122121 0.28
vertex 0.07440860259858584 0.00939999251732282 0.28
vertex 0.0735156993674028 0.009287192607114945 0.28
endloop
endfacet
facet normal -0.9955619646030799 -0.09410831331851553 0.0
outer loop
vertex 0.07395378057653493 0.004652777497122121 0.28
vertex 0.0735156993674028 0.009287192607114945 0.28
vertex 0.07395378057653493 0.004652777497122121 -0.28
endloop
endfacet
facet normal -0.9955619646030799 -0.09410831331851553 -0.0
outer loop
vertex 0.07395378057653493 0.004652777497122121 -0.28
vertex 0.0735156993674028 0.009287192607114945 0.28
vertex 0.0735156993674028 0.009287192607114945 -0.28
endloop
endfacet
facet normal 0.0 0.0 -1.0
outer loop
vertex 0.0735156993674028 0.009287192607114945 -0.28
vertex 0.07278748527899584 0.013884955410802195 -0.28
vertex 0.07440860259858584 0.00939999251732282 -0.28
endloop
endfacet
facet normal 0.0 0.0 -1.0
outer loop
vertex 0.07440860259858584 0.00939999251732282 -0.28
vertex 0.07278748527899584 0.013884955410802195 -0.28
vertex 0.07367154380465166 0.014053598593929347 -0.28
endloop
endfacet
facet normal 0.9876883405951378 0.15643446504022984 0.0
outer loop
vertex 0.07440860259858584 0.00939999251732282 -0.28
vertex 0.07367154380465166 0.014053598593929347 -0.28
vertex 0.07440860259858584 0.00939999251732282 0.28
endloop
endfacet
facet normal 0.9876883405951378 0.15643446504022984 -0.0
outer loop
vertex 0.07440860259858584 0.00939999251732282 0.28
vertex 0.07367154380465166 0.014053598593929347 -0.28
vertex 0.07367154380465166 0.014053598593929347 0.28
endloop
endfacet
facet normal 0.0 0.0 1.0
outer loop
vertex 0.07440860259858584 0.00939999251732282 0.28
vertex 0.07367154380465166 0.014053598593929347 0.28
vertex 0.0735156993674028 0.009287192607114945 0.28
endloop
endfacet
facet normal 0.0 -0.0 1.0
outer loop
vertex 0.0735156993674028 0.009287192607114945 0.28
vertex 0.07367154380465166 0.014053598593929347 0.28
vertex 0.07278748527899584 0.013884955410802195 0.28
endloop
endfacet
facet normal -0.987688340595138 -0.15643446504022898 0.0
outer loop
vertex 0.0735156993674028 0.009287192607114945 0.28
vertex 0.07278748527899584 0.013884955410802195 0.28
vertex 0.0735156993674028 0.009287192607114945 -0.28
endloop
endfacet
facet normal -0.987688340595138 -0.15643446504022898 -0.0
outer loop
vertex 0.0735156993674028 0.009287192607114945 -0.28
vertex 0.07278748527899584 0.013884955410802195 0.28
vertex 0.07278748527899584 0.013884955410802195 -0.28
endloop
endfacet
facet normal 0.0 0.0 -1.0
outer loop
vertex 0.07278748527899584 0.013884955410802195 -0.28
vertex 0.07177201223963156 0.01842792063891574 -0.28
vertex 0.07367154380465166 0.014053598593929347 -0.28
endloop
endfacet
facet normal 0.0 0.0 -1.0
outer loop
vertex 0.07367154380465166 0.014053598593929347 -0.28
vertex 0.07177201223963156 0.01842792063891574 -0.28
vertex 0.07264373708464733 0.018651741537364108 -0.28
endloop
endfacet
facet normal 0.975916761938747 0.21814324139654445 0.0
outer loop
vertex 0.07367154380465166 0.014053598593929347 -0.28
vertex 0.07264373708464733 0.018651741537364108 -0.28
vertex 0.07367154380465166 0.014053598593929347 0.28
endloop
endfacet
facet normal 0.975916761938747 0.21814324139654445 -0.0
outer loop
vertex 0.07367154380465166 0.014053598593929347 0.28
vertex 0.07264373708464733 0.018651741537364108 -0.28
vertex 0.07264373708464733 0.018651741537364108 0.28
endloop
endfacet
facet normal 0.0 0.0 1.0
outer loop
vertex 0.07367154380465166 0.014053598593929347 0.28
vertex 0.07264373708464733 0.018651741537364108 0.28
vertex 0.07278748527899584 0.013884955410802195 0.28
endloop
endfacet
facet normal 0.0 0.0 1.0
outer loop
vertex 0.07278748527899584 0.013884955410802195 0.28
vertex 0.07264373708464733 0.018651741537364108 0.28
vertex 0.07177201223963156 0.01842792063891574 0.28
endloop
endfacet
facet normal -0.9759167619387468 -0.21814324139654523 0.0
outer loop
vertex 0.07278748527899584 0.013884955410802195 0.28
vertex 0.07177201223963156 0.01842792063891574 0.28
vertex 0.07278748527899584 0.013884955410802195 -0.28
endloop
endfacet
facet normal -0.9759167619387468 -0.21814324139654523 -0.0
outer loop
vertex 0.07278748527899584 0.013884955410802195 -0.28
vertex 0.07177201223963156 0.01842792063891574 0.28
vertex 0.07177201223963156 0.01842792063891574 -0.28
endloop
endfacet
facet normal 0.0 0.0 -1.0
outer loop
vertex 0.07177201223963156 0.01842792063891574 -0.28
vertex 0.07047328785747088 0.022898159283183603 -0.28
vertex 0.07264373708464733 0.018651741537364108 -0.28
endloop
endfacet
facet normal 0.0 0.0 -1.0
outer loop
vertex 0.07264373708464733 0.018651741537364108 -0.28
vertex 0.07047328785747088 0.022898159283183603 -0.28
vertex 0.0713292387221365 0.023176274578121055 -0.28
endloop
endfacet
facet normal 0.9602936856769426 0.27899110603923083 0.0
outer loop
vertex 0.07264373708464733 0.018651741537364108 -0.28
vertex 0.0713292387221365 0.023176274578121055 -0.28
vertex 0.07264373708464733 0.018651741537364108 0.28
endloop
endfacet
facet normal 0.9602936856769426 0.27899110603923083 -0.0
outer loop
vertex 0.07264373708464733 0.018651741537364108 0.28
vertex 0.0713292387221365 0.023176274578121055 -0.28
vertex 0.0713292387221365 0.023176274578121055 0.28
endloop
endfacet
facet normal 0.0 0.0 1.0
outer loop
vertex 0.07264373708464733 0.018651741537364108 0.28
vertex 0.0713292387221365 0.023176274578121055 0.28
vertex 0.07177201223963156 0.01842792063891574 0.28
endloop
endfacet
facet normal 0.0 0.0 1.0
outer loop
vertex 0.07177201223963156 0.01842792063891574 0.28
vertex 0.0713292387221365 0.023176274578121055 0.28
vertex 0.07047328785747088 0.022898159283183603 0.28
endloop
endfacet
facet normal -0.9602936856769434 -0.27899110603922794 0.0
outer loop
vertex 0.07177201223963156 0.01842792063891574 0.28
vertex 0.07047328785747088 0.022898159283183603 0.28
vertex 0.07177201223963156 0.01842792063891574 -0.28
endloop
endfacet
facet normal -0.9602936856769434 -0.27899110603922794 -0.0
outer loop
vertex 0.07177201223963156 0.01842792063891574 -0.28
vertex 0.07047328785747088 0.022898159283183603 0.28
vertex 0.07047328785747088 0.022898159283183603 -0.28
endloop
endfacet
facet normal 0.0 0.0 -1.0
outer loop
vertex 0.07047328785747088 0.022898159283183603 -0.28
vertex 0.06889643760431942 0.027278029353934637 -0.28
vertex 0.0713292387221365 0.023176274578121055 -0.28
endloop
endfacet
facet normal 0.0 0.0 -1.0
outer loop
vertex 0.0713292387221365 0.023176274578121055 -0.28
vertex 0.06889643760431942 0.027278029353934637 -0.28
vertex 0.06973323644161884 0.027609341451350848 -0.28
endloop
endfacet
facet normal 0.9408807689542255 0.33873792024529137 0.0
outer loop
vertex 0.0713292387221365 0.023176274578121055 -0.28
vertex 0.06973323644161884 0.027609341451350848 -0.28
vertex 0.0713292387221365 0.023176274578121055 0.28
endloop
endfacet
facet normal 0.9408807689542255 0.33873792024529137 -0.0
outer loop
vertex 0.0713292387221365 0.023176274578121055 0.28
vertex 0.06973323644161884 0.027609341451350848 -0.28
vertex 0.06973323644161884 0.027609341451350848 0.28
endloop
endfacet
facet normal 0.0 0.0 1.0
outer loop
vertex 0.0713292387221365 0.023176274578121055 0.28
vertex 0.06973323644161884 0.027609341451350848 0.28
vertex 0.07047328785747088 0.022898159283183603 0.28
endloop
endfacet
facet normal 0.0 0.0 1.0
outer loop
vertex 0.07047328785747088 0.022898159283183603 0.28
vertex 0.06973323644161884 0.027609341451350848 0.28
vertex 0.06889643760431942 0.027278029353934637 0.28
endloop
endfacet
facet normal -0.9408807689542247 -0.33873792024529353 0.0
outer loop
vertex 0.07047328785747088 0.022898159283183603 0.28
vertex 0.06889643760431942 0.027278029353934637 0.28
vertex 0.07047328785747088 0.022898159283183603 -0.28
endloop
endfacet
facet normal -0.9408807689542247 -0.33873792024529353 -0.0
outer loop
vertex 0.07047328785747088 0.022898159283183603 -0.28
vertex 0.06889643760431942 0.027278029353934637 0.28
vertex 0.06889643760431942 0.027278029353934637 -0.28
endloop
endfacet
facet normal 0.0 0.0 -0.9999999999999999
outer loop
vertex 0.06889643760431942 0.027278029353934637 -0.28
vertex 0.06704768458773204 0.03155024550497189 -0.28
vertex 0.06973323644161884 0.027609341451350848 -0.28
endloop
endfacet
facet normal 0.0 0.0 -1.0
outer loop
vertex 0.06973323644161884 0.027609341451350848 -0.28
vertex 0.06704768458773204 0.03155024550497189 -0.28
vertex 0.06786202893495145 0.03193344686738045 -0.28
endloop
endfacet
facet normal 0.9177546256839813 0.39714789063478023 0.0
outer loop
vertex 0.06973323644161884 0.027609341451350848 -0.28
vertex 0.06786202893495145 0.03193344686738045 -0.28
vertex 0.06973323644161884 0.027609341451350848 0.28
endloop
endfacet
facet normal 0.9177546256839813 0.39714789063478023 -0.0
outer loop
vertex 0.06973323644161884 0.027609341451350848 0.28
vertex 0.06786202893495145 0.03193344686738045 -0.28
vertex 0.06786202893495145 0.03193344686738045 0.28
endloop
endfacet
facet normal 0.0 0.0 1.0
outer loop
vertex 0.06973323644161884 0.027609341451350848 0.28
vertex 0.06786202893495145 0.03193344686738045 0.28
vertex 0.06889643760431942 0.027278029353934637 0.28
endloop
endfacet
facet normal 0.0 0.0 1.0
outer loop
vertex 0.06889643760431942 0.027278029353934637 0.28
vertex 0.06786202893495145 0.03193344686738045 0.28
vertex 0.06704768458773204 0.03155024550497189 0.28
endloop
endfacet
facet normal -0.9177546256839815 -0.39714789063477973 0.0
outer loop
vertex 0.06889643760431942 0.027278029353934637 0.28
vertex 0.06704768458773204 0.03155024550497189 0.28
vertex 0.06889643760431942 0.027278029353934637 -0.28
endloop
endfacet
facet normal -0.9177546256839815 -0.39714789063477973 -0.0
outer loop
vertex 0.06889643760431942 0.027278029353934637 -0.28
vertex 0.06704768458773204 0.03155024550497189 0.28
vertex 0.06704768458773204 0.03155024550497189 -0.28
endloop
endfacet
facet normal 0.0 0.0 -1.0
outer loop
vertex 0.06704768458773204 0.03155024550497189 -0.28
vertex 0.06493432499125029 0.035697947250937105 -0.28
vertex 0.06786202893495145 0.03193344686738045 -0.28
endloop
endfacet
facet normal 0.0 0.0 -1.0
outer loop
vertex 0.06786202893495145 0.03193344686738045 -0.28
vertex 0.06493432499125029 0.035697947250937105 -0.28
vertex 0.06572300100328976 0.03613152555762865 -0.28
endloop
endfacet
facet normal 0.8910065241883682 0.45399049973954636 0.0
outer loop
vertex 0.06786202893495145 0.03193344686738045 -0.28
vertex 0.06572300100328976 0.03613152555762865 -0.28
vertex 0.06786202893495145 0.03193344686738045 0.28
endloop
endfacet
facet normal 0.8910065241883682 0.45399049973954636 -0.0
outer loop
vertex 0.06786202893495145 0.03193344686738045 0.28
vertex 0.06572300100328976 0.03613152555762865 -0.28
vertex 0.06572300100328976 0.03613152555762865 0.28
endloop
endfacet
facet normal 0.0 0.0 1.0
outer loop
vertex 0.06786202893495145 0.03193344686738045 0.28
vertex 0.06572300100328976 0.03613152555762865 0.28
vertex 0.06704768458773204 0.03155024550497189 0.28
endloop
endfacet
facet normal 0.0 0.0 1.0
outer loop
vertex 0.06704768458773204 0.03155024550497189 0.28
vertex 0.06572300100328976 0.03613152555762865 0.28
vertex 0.06493432499125029 0.035697947250937105 0.28
endloop
endfacet
facet normal -0.8910065241883685 -0.4539904997395458 0.0
outer loop
vertex 0.06704768458773204 0.03155024550497189 0.28
vertex 0.06493432499125029 0.035697947250937105 0.28
vertex 0.06704768458773204 0.03155024550497189 -0.28
endloop
endfacet
facet normal -0.8910065241883685 -0.4539904997395458 -0.0
outer loop
vertex 0.06704768458773204 0.03155024550497189 -0.28
vertex 0.06493432499125029 0.035697947250937105 0.28
vertex 0.06493432499125029 0.035697947250937105 -0.28
endloop
endfacet
facet normal 0.0 0.0 -1.0
outer loop
vertex 0.06493432499125029 0.035697947250937105 -0.28
vertex 0.06256469927969932 0.03970476550794365 -0.28
vertex 0.06572300100328976 0.03613152555762865 -0.28
endloop
endfacet
facet normal 0.0 0.0 -1.0
outer loop
vertex 0.06572300100328976 0.03613152555762865 -0.28
vertex 0.06256469927969932 0.03970476550794365 -0.28
vertex 0.06332459441265113 0.040187009623424745 -0.28
endloop
endfacet
facet normal 0.8607420270039443 0.50904141575037 0.0
outer loop
vertex 0.06572300100328976 0.03613152555762865 -0.28
vertex 0.06332459441265113 0.040187009623424745 -0.28
vertex 0.06572300100328976 0.03613152555762865 0.28
endloop
endfacet
facet normal 0.8607420270039443 0.50904141575037 -0.0
outer loop
vertex 0.06572300100328976 0.03613152555762865 0.28
vertex 0.06332459441265113 0.040187009623424745 -0.28
vertex 0.06332459441265113 0.040187009623424745 0.28
endloop
endfacet
facet normal 0.0 0.0 1.0
outer loop
vertex 0.06572300100328976 0.03613152555762865 0.28
vertex 0.06332459441265113 0.040187009623424745 0.28
vertex 0.06493432499125029 0.035697947250937105 0.28
endloop
endfacet
facet normal 0.0 0.0 1.0
outer loop
vertex 0.06493432499125029 0.035697947250937105 0.28
vertex 0.06332459441265113 0.040187009623424745 0.28
vertex 0.06256469927969932 0.03970476550794365 0.28
endloop
endfacet
facet normal -0.8607420270039438 -0.5090414157503711 0.0
outer loop
vertex 0.06493432499125029 0.035697947250937105 0.28
vertex 0.06256469927969932 0.03970476550794365 0.28
vertex 0.06493432499125029 0.035697947250937105 -0.28
endloop
endfacet
facet normal -0.8607420270039438 -0.5090414157503711 -0.0
outer loop
vertex 0.06493432499125029 0.035697947250937105 -0.28
vertex 0.06256469927969932 0.03970476550794365 0.28
vertex 0.06256469927969932 0.03970476550794365 -0.28
endloop
endfacet
facet normal 0.0 0.0 -1.0
outer loop
vertex 0.06256469927969932 0.03970476550794365 -0.28
vertex 0.0599481592831836 0.04355488719487226 -0.28
vertex 0.06332459441265113 0.040187009623424745 -0.28
endloop
endfacet
facet normal 0.0 0.0 -1.0
outer loop
vertex 0.06332459441265113 0.040187009623424745 -0.28
vertex 0.0599481592831836 0.04355488719487226 -0.28
vertex 0.06067627457812105 0.044083893921935485 -0.28
endloop
endfacet
facet normal 0.8270805742745612 0.5620833778521312 0.0
outer loop
vertex 0.06332459441265113 0.040187009623424745 -0.28
vertex 0.06067627457812105 0.044083893921935485 -0.28
vertex 0.06332459441265113 0.040187009623424745 0.28
endloop
endfacet
facet normal 0.8270805742745612 0.5620833778521312 -0.0
outer loop
vertex 0.06332459441265113 0.040187009623424745 0.28
vertex 0.06067627457812105 0.044083893921935485 -0.28
vertex 0.06067627457812105 0.044083893921935485 0.28
endloop
endfacet
facet normal 0.0 0.0 1.0
outer loop
vertex 0.06332459441265113 0.040187009623424745 0.28
vertex 0.06067627457812105 0.044083893921935485 0.28
vertex 0.06256469927969932 0.03970476550794365 0.28
endloop
endfacet
facet normal 0.0 0.0 1.0
outer loop
vertex 0.06256469927969932 0.03970476550794365 0.28
vertex 0.06067627457812105 0.044083893921935485 0.28
vertex 0.0599481592831836 0.04355488719487226 0.28
endloop
endfacet
facet normal -0.8270805742745612 -0.5620833778521312 0.0
outer loop
vertex 0.06256469927969932 0.03970476550794365 0.28
vertex 0.0599481592831836 0.04355488719487226 0.28
vertex 0.06256469927969932 0.03970476550794365 -0.28
endloop
endfacet
facet normal -0.8270805742745612 -0.5620833778521312 -0.0
outer loop
vertex 0.06256469927969932 0.03970476550794365 -0.28
vertex 0.0599481592831836 0.04355488719487226 0.28
vertex 0.0599481592831836 0.04355488719487226 -0.28
endloop
endfacet
facet normal 0.0 0.0 -1.0
outer loop
vertex 0.0599481592831836 0.04355488719487226 -0.28
vertex 0.057095031289685974 0.04723311764037791 -0.28
vertex 0.06067627457812105 0.044083893921935485 -0.28
endloop
endfacet
facet normal 0.0 0.0 -1.0
outer loop
vertex 0.06067627457812105 0.044083893921935485 -0.28
vertex 0.057095031289685974 0.04723311764037791 -0.28
vertex 0.05778849320818418 0.04780679923115173 -0.28
endloop
endfacet
facet normal 0.7901550123756895 0.6129070536529778 0.0
outer loop
vertex 0.06067627457812105 0.044083893921935485 -0.28
vertex 0.05778849320818418 0.04780679923115173 -0.28
vertex 0.06067627457812105 0.044083893921935485 0.28
endloop
endfacet
facet normal 0.7901550123756895 0.6129070536529778 -0.0
outer loop
vertex 0.06067627457812105 0.044083893921935485 0.28
vertex 0.05778849320818418 0.04780679923115173 -0.28
vertex 0.05778849320818418 0.04780679923115173 0.28
endloop
endfacet
facet normal 0.0 0.0 1.0
outer loop
vertex 0.06067627457812105 0.044083893921935485 0.28
vertex 0.05778849320818418 0.04780679923115173 0.28
vertex 0.0599481592831836 0.04355488719487226 0.28
endloop
endfacet
facet normal 0.0 0.0 1.0
outer loop
vertex 0.0599481592831836 0.04355488719487226 0.28
vertex 0.05778849320818418 0.04780679923115173 0.28
vertex 0.057095031289685974 0.04723311764037791 0.28
endloop
endfacet
facet normal -0.7901550123756899 -0.6129070536529772 0.0
outer loop
vertex 0.0599481592831836 0.04355488719487226 0.28
vertex 0.057095031289685974 0.04723311764037791 0.28
vertex 0.0599481592831836 0.04355488719487226 -0.28
endloop
endfacet
facet normal -0.7901550123756899 -0.6129070536529772 -0.0
outer loop
vertex 0.0599481592831836 0.04355488719487226 -0.28
vertex 0.057095031289685974 0.04723311764037791 0.28
vertex 0.057095031289685974 0.04723311764037791 -0.28
endloop
endfacet
facet normal 0.0 0.0 -1.0
outer loop
vertex 0.057095031289685974 0.04723311764037791 -0.28
vertex 0.0540165752919266 0.05072494054931583 -0.28
vertex 0.05778849320818418 0.04780679923115173 -0.28
endloop
endfacet
facet normal 0.0 0.0 -1.0
outer loop
vertex 0.05778849320818418 0.04780679923115173 -0.28
vertex 0.0540165752919266 0.05072494054931583 -0.28
vertex 0.054672647056605864 0.05134103294465165 -0.28
endloop
endfacet
facet normal 0.7501110696304608 0.6613118653236505 0.0
outer loop
vertex 0.05778849320818418 0.04780679923115173 -0.28
vertex 0.054672647056605864 0.05134103294465165 -0.28
vertex 0.05778849320818418 0.04780679923115173 0.28
endloop
endfacet
facet normal 0.7501110696304608 0.6613118653236505 -0.0
outer loop
vertex 0.05778849320818418 0.04780679923115173 0.28
vertex 0.054672647056605864 0.05134103294465165 -0.28
vertex 0.054672647056605864 0.05134103294465165 0.28
endloop
endfacet
facet normal 0.0 0.0 1.0
outer loop
vertex 0.05778849320818418 0.04780679923115173 0.28
vertex 0.054672647056605864 0.05134103294465165 0.28
vertex 0.057095031289685974 0.04723311764037791 0.28
endloop
endfacet
facet normal 0.0 0.0 1.0
outer loop
vertex 0.057095031289685974 0.04723311764037791 0.28
vertex 0.054672647056605864 0.05134103294465165 0.28
vertex 0.0540165752919266 0.05072494054931583 0.28
endloop
endfacet
facet normal -0.7501110696304608 -0.6613118653236503 0.0
outer loop
vertex 0.057095031289685974 0.04723311764037791 0.28
vertex 0.0540165752919266 0.05072494054931583 0.28
vertex 0.057095031289685974 0.04723311764037791 -0.28
endloop
endfacet
facet normal -0.7501110696304608 -0.6613118653236503 -0.0
outer loop
vertex 0.057095031289685974 0.04723311764037791 -0.28
vertex 0.0540165752919266 0.05072494054931583 0.28
vertex 0.0540165752919266 0.05072494054931583 -0.28
endloop
endfacet
facet normal 0.0 0.0 -1.0
outer loop
vertex 0.0540165752919266 0.05072494054931583 -0.28
vertex 0.050724940549315825 0.0540165752919266 -0.28
vertex 0.054672647056605864 0.05134103294465165 -0.28
endloop
endfacet
facet normal 0.0 0.0 -1.0
outer loop
vertex 0.054672647056605864 0.05134103294465165 -0.28
vertex 0.050724940549315825 0.0540165752919266 -0.28
vertex 0.05134103294465164 0.054672647056605864 -0.28
endloop
endfacet
facet normal 0.7071067811865468 0.7071067811865483 0.0
outer loop
vertex 0.054672647056605864 0.05134103294465165 -0.28
vertex 0.05134103294465164 0.054672647056605864 -0.28
vertex 0.054672647056605864 0.05134103294465165 0.28
endloop
endfacet
facet normal 0.7071067811865468 0.7071067811865483 -0.0
outer loop
vertex 0.054672647056605864 0.05134103294465165 0.28
vertex 0.05134103294465164 0.054672647056605864 -0.28
vertex 0.05134103294465164 0.054672647056605864 0.28
endloop
endfacet
facet normal 0.0 0.0 0.9999999999999999
outer loop
vertex 0.054672647056605864 0.05134103294465165 0.28
vertex 0.05134103294465164 0.054672647056605864 0.28
vertex 0.0540165752919266 0.05072494054931583 0.28
endloop
endfacet
facet normal 0.0 0.0 1.0
outer loop
vertex 0.0540165752919266 0.05072494054931583 0.28
vertex 0.05134103294465164 0.054672647056605864 0.28
vertex 0.050724940549315825 0.0540165752919266 0.28
endloop
endfacet
facet normal -0.7071067811865468 -0.7071067811865482 0.0
outer loop
vertex 0.0540165752919266 0.05072494054931583 0.28
vertex 0.050724940549315825 0.0540165752919266 0.28
vertex 0.0540165752919266 0.05072494054931583 -0.28
endloop
endfacet
facet normal -0.7071067811865468 -0.7071067811865482 -0.0
outer loop
vertex 0.0540165752919266 0.05072494054931583 -0.28
vertex 0.050724940549315825 0.0540165752919266 0.28
vertex 0.050724940549315825 0.0540165752919266 -0.28
endloop
endfacet
facet normal 0.0 0.0 -1.0
outer loop
vertex 0.050724940549315825 0.0540165752919266 -0.28
vertex 0.0472331176403779 0.05709503128968598 -0.28
vertex 0.05134103294465164 0.054672647056605864 -0.28
endloop
endfacet
facet normal 0.0 0.0 -1.0
outer loop
vertex 0.05134103294465164 0.054672647056605864 -0.28
vertex 0.0472331176403779 0.05709503128968598 -0.28
vertex 0.04780679923115172 0.05778849320818419 -0.28
endloop
endfacet
facet normal 0.6613118653236513 0.75011106963046 0.0
outer loop
vertex 0.05134103294465164 0.054672647056605864 -0.28
vertex 0.04780679923115172 0.05778849320818419 -0.28
vertex 0.05134103294465164 0.054672647056605864 0.28
endloop
endfacet
facet normal 0.6613118653236513 0.75011106963046 -0.0
outer loop
vertex 0.05134103294465164 0.054672647056605864 0.28
vertex 0.04780679923115172 0.05778849320818419 -0.28
vertex 0.04780679923115172 0.05778849320818419 0.28
endloop
endfacet
facet normal 0.0 0.0 1.0
outer loop
vertex 0.05134103294465164 0.054672647056605864 0.28
vertex 0.04780679923115172 0.05778849320818419 0.28
vertex 0.050724940549315825 0.0540165752919266 0.28
endloop
endfacet
facet normal 0.0 0.0 1.0
outer loop
vertex 0.050724940549315825 0.0540165752919266 0.28
vertex 0.04780679923115172 0.05778849320818419 0.28
vertex 0.0472331176403779 0.05709503128968598 0.28
endloop
endfacet
facet normal -0.6613118653236512 -0.75011106963046 0.0
outer loop
vertex 0.050724940549315825 0.0540165752919266 0.28
vertex 0.0472331176403779 0.05709503128968598 0.28
vertex 0.050724940549315825 0.0540165752919266 -0.28
endloop
endfacet
facet normal -0.6613118653236512 -0.75011106963046 -0.0
outer loop
vertex 0.050724940549315825 0.0540165752919266 -0.28
vertex 0.0472331176403779 0.05709503128968598 0.28
vertex 0.0472331176403779 0.05709503128968598 -0.28
endloop
endfacet
facet normal 0.0 0.0 -1.0
outer loop
vertex 0.0472331176403779 0.05709503128968598 -0.28
vertex 0.04355488719487225 0.0599481592831836 -0.28
vertex 0.04780679923115172 0.05778849320818419 -0.28
endloop
endfacet
facet normal 0.0 0.0 -1.0
outer loop
vertex 0.04780679923115172 0.05778849320818419 -0.28
vertex 0.04355488719487225 0.0599481592831836 -0.28
vertex 0.04408389392193548 0.06067627457812105 -0.28
endloop
endfacet
facet normal 0.6129070536529767 0.7901550123756901 0.0
outer loop
vertex 0.04780679923115172 0.05778849320818419 -0.28
vertex 0.04408389392193548 0.06067627457812105 -0.28
vertex 0.04780679923115172 0.05778849320818419 0.28
endloop
endfacet
facet normal 0.6129070536529767 0.7901550123756901 -0.0
outer loop
vertex 0.04780679923115172 0.05778849320818419 0.28
vertex 0.04408389392193548 0.06067627457812105 -0.28
vertex 0.04408389392193548 0.06067627457812105 0.28
endloop
endfacet
facet normal 0.0 0.0 1.0
outer loop
vertex 0.04780679923115172 0.05778849320818419 0.28
vertex 0.04408389392193548 0.06067627457812105 0.28
vertex 0.0472331176403779 0.05709503128968598 0.28
endloop
endfacet
facet normal 0.0 0.0 1.0
outer loop
vertex 0.0472331176403779 0.05709503128968598 0.28
vertex 0.04408389392193548 0.06067627457812105 0.28
vertex 0.04355488719487225 0.0599481592831836 0.28
endloop
endfacet
facet normal -0.6129070536529763 -0.7901550123756906 0.0
outer loop
vertex 0.0472331176403779 0.05709503128968598 0.28
vertex 0.04355488719487225 0.0599481592831836 0.28
vertex 0.0472331176403779 0.05709503128968598 -0.28
endloop
endfacet
facet normal -0.6129070536529763 -0.7901550123756906 -0.0
outer loop
vertex 0.0472331176403779 0.05709503128968598 -0.28
vertex 0.04355488719487225 0.0599481592831836 0.28
vertex 0.04355488719487225 0.0599481592831836 -0.28
endloop
endfacet
facet normal 0.0 0.0 -1.0
outer loop
vertex 0.04355488719487225 0.0599481592831836 -0.28
vertex 0.03970476550794364 0.06256469927969932 -0.28
vertex 0.04408389392193548 0.06067627457812105 -0.28
endloop
endfacet
facet normal 0.0 0.0 -1.0
outer loop
vertex 0.04408389392193548 0.06067627457812105 -0.28
vertex 0.03970476550794364 0.06256469927969932 -0.28
vertex 0.04018700962342474 0.06332459441265113 -0.28
endloop
endfacet
facet normal 0.5620833778521312 0.8270805742745612 0.0
outer loop
vertex 0.04408389392193548 0.06067627457812105 -0.28
vertex 0.04018700962342474 0.06332459441265113 -0.28
vertex 0.04408389392193548 0.06067627457812105 0.28
endloop
endfacet
facet normal 0.5620833778521312 0.8270805742745612 -0.0
outer loop
vertex 0.04408389392193548 0.06067627457812105 0.28
vertex 0.04018700962342474 0.06332459441265113 -0.28
vertex 0.04018700962342474 0.06332459441265113 0.28
endloop
endfacet
facet normal 0.0 0.0 1.0
outer loop
vertex 0.04408389392193548 0.06067627457812105 0.28
vertex 0.04018700962342474 0.06332459441265113 0.28
vertex 0.04355488719487225 0.0599481592831836 0.28
endloop
endfacet
facet normal 0.0 0.0 1.0
outer loop
vertex 0.04355488719487225 0.0599481592831836 0.28
vertex 0.04018700962342474 0.06332459441265113 0.28
vertex 0.03970476550794364 0.06256469927969932 0.28
endloop
endfacet
facet normal -0.5620833778521312 -0.8270805742745612 0.0
outer loop
vertex 0.04355488719487225 0.0599481592831836 0.28
vertex 0.03970476550794364 0.06256469927969932 0.28
vertex 0.04355488719487225 0.0599481592831836 -0.28
endloop
endfacet
facet normal -0.5620833778521312 -0.8270805742745612 -0.0
outer loop
vertex 0.04355488719487225 0.0599481592831836 -0.28
vertex 0.03970476550794364 0.06256469927969932 0.28
vertex 0.03970476550794364 0.06256469927969932 -0.28
endloop
endfacet
facet normal 0.0 0.0 -1.0
outer loop
vertex 0.03970476550794364 0.06256469927969932 -0.28
vertex 0.03569794725093709 0.0649343249912503 -0.28
vertex 0.04018700962342474 0.06332459441265113 -0.28
endloop
endfacet
facet normal 0.0 0.0 -1.0
outer loop
vertex 0.04018700962342474 0.06332459441265113 -0.28
vertex 0.03569794725093709 0.0649343249912503 -0.28
vertex 0.036131525557628635 0.06572300100328977 -0.28
endloop
endfacet
facet normal 0.5090414157503715 0.8607420270039435 0.0
outer loop
vertex 0.04018700962342474 0.06332459441265113 -0.28
vertex 0.036131525557628635 0.06572300100328977 -0.28
vertex 0.04018700962342474 0.06332459441265113 0.28
endloop
endfacet
facet normal 0.5090414157503715 0.8607420270039435 -0.0
outer loop
vertex 0.04018700962342474 0.06332459441265113 0.28
vertex 0.036131525557628635 0.06572300100328977 -0.28
vertex 0.036131525557628635 0.06572300100328977 0.28
endloop
endfacet
facet normal 0.0 0.0 1.0
outer loop
vertex 0.04018700962342474 0.06332459441265113 0.28
vertex 0.036131525557628635 0.06572300100328977 0.28
vertex 0.03970476550794364 0.06256469927969932 0.28
endloop
endfacet
facet normal 0.0 0.0 1.0
outer loop
vertex 0.03970476550794364 0.06256469927969932 0.28
vertex 0.036131525557628635 0.06572300100328977 0.28
vertex 0.03569794725093709 0.0649343249912503 0.28
endloop
endfacet
facet normal -0.5090414157503726 -0.8607420270039429 0.0
outer loop
vertex 0.03970476550794364 0.06256469927969932 0.28
vertex 0.03569794725093709 0.0649343249912503 0.28
vertex 0.03970476550794364 0.06256469927969932 -0.28
endloop
endfacet
facet normal -0.5090414157503726 -0.8607420270039429 -0.0
outer loop
vertex 0.03970476550794364 0.06256469927969932 -0.28
vertex 0.03569794725093709 0.0649343249912503 0.28
vertex 0.03569794725093709 0.0649343249912503 -0.28
endloop
endfacet
facet normal 0.0 0.0 -1.0
outer loop
vertex 0.03569794725093709 0.0649343249912503 -0.28
vertex 0.03155024550497188 0.06704768458773205 -0.28
vertex 0.036131525557628635 0.06572300100328977 -0.28
endloop
endfacet
facet normal 0.0 0.0 -1.0
outer loop
vertex 0.036131525557628635 0.06572300100328977 -0.28
vertex 0.03155024550497188 0.06704768458773205 -0.28
vertex 0.03193344686738045 0.06786202893495147 -0.28
endloop
endfacet
facet normal 0.45399049973954747 0.8910065241883675 0.0
outer loop
vertex 0.036131525557628635 0.06572300100328977 -0.28
vertex 0.03193344686738045 0.06786202893495147 -0.28
vertex 0.036131525557628635 0.06572300100328977 0.28
endloop
endfacet
facet normal 0.45399049973954747 0.8910065241883675 -0.0
outer loop
vertex 0.036131525557628635 0.06572300100328977 0.28
vertex 0.03193344686738045 0.06786202893495147 -0.28
vertex 0.03193344686738045 0.06786202893495147 0.28
endloop
endfacet
facet normal 0.0 0.0 1.0
outer loop
vertex 0.036131525557628635 0.06572300100328977 0.28
vertex 0.03193344686738045 0.06786202893495147 0.28
vertex 0.03569794725093709 0.0649343249912503 0.28
endloop
endfacet
facet normal 0.0 0.0 1.0
outer loop
vertex 0.03569794725093709 0.0649343249912503 0.28
vertex 0.03193344686738045 0.06786202893495147 0.28
vertex 0.03155024550497188 0.06704768458773205 0.28
endloop
endfacet
facet normal -0.4539904997395464 -0.8910065241883681 0.0
outer loop
vertex 0.03569794725093709 0.0649343249912503 0.28
vertex 0.03155024550497188 0.06704768458773205 0.28
vertex 0.03569794725093709 0.0649343249912503 -0.28
endloop
endfacet
facet normal -0.4539904997395464 -0.8910065241883681 -0.0
outer loop
vertex 0.03569794725093709 0.0649343249912503 -0.28
vertex 0.03155024550497188 0.06704768458773205 0.28
vertex 0.03155024550497188 0.06704768458773205 -0.28
endloop
endfacet
facet normal 0.0 0.0 -1.0
outer loop
vertex 0.03155024550497188 0.06704768458773205 -0.28
vertex 0.02727802935393463 0.06889643760431943 -0.28
vertex 0.03193344686738045 0.06786202893495147 -0.28
endloop
endfacet
facet normal 0.0 0.0 -1.0
outer loop
vertex 0.03193344686738045 0.06786202893495147 -0.28
vertex 0.02727802935393463 0.06889643760431943 -0.28
vertex 0.027609341451350838 0.06973323644161886 -0.28
endloop
endfacet
facet normal 0.39714789063477945 0.9177546256839817 0.0
outer loop
vertex 0.03193344686738045 0.06786202893495147 -0.28
vertex 0.027609341451350838 0.06973323644161886 -0.28
vertex 0.03193344686738045 0.06786202893495147 0.28
endloop
endfacet
facet normal 0.39714789063477945 0.9177546256839817 -0.0
outer loop
vertex 0.03193344686738045 0.06786202893495147 0.28
vertex 0.027609341451350838 0.06973323644161886 -0.28
vertex 0.027609341451350838 0.06973323644161886 0.28
endloop
endfacet
facet normal 0.0 0.0 1.0
outer loop
vertex 0.03193344686738045 0.06786202893495147 0.28
vertex 0.027609341451350838 0.06973323644161886 0.28
vertex 0.03155024550497188 0.06704768458773205 0.28
endloop
endfacet
facet normal 0.0 0.0 1.0
outer loop
vertex 0.03155024550497188 0.06704768458773205 0.28
vertex 0.027609341451350838 0.06973323644161886 0.28
vertex 0.02727802935393463 0.06889643760431943 0.28
endloop
endfacet
facet normal -0.39714789063477973 -0.9177546256839815 0.0
outer loop
vertex 0.03155024550497188 0.06704768458773205 0.28
vertex 0.02727802935393463 0.06889643760431943 0.28
vertex 0.03155024550497188 0.06704768458773205 -0.28
endloop
endfacet
facet normal -0.39714789063477973 -0.9177546256839815 -0.0
outer loop
vertex 0.03155024550497188 0.06704768458773205 -0.28
vertex 0.02727802935393463 0.06889643760431943 0.28
vertex 0.02727802935393463 0.06889643760431943 -0.28
endloop
endfacet
facet normal 0.0 0.0 -1.0
outer loop
vertex 0.02727802935393463 0.06889643760431943 -0.28
vertex 0.022898159283183606 0.07047328785747088 -0.28
vertex 0.027609341451350838 0.06973323644161886 -0.28
endloop
endfacet
facet normal 0.0 0.0 -1.0
outer loop
vertex 0.027609341451350838 0.06973323644161886 -0.28
vertex 0.022898159283183606 0.07047328785747088 -0.28
vertex 0.023176274578121058 0.0713292387221365 -0.28
endloop
endfacet
facet normal 0.3387379202452897 0.940880768954226 0.0
outer loop
vertex 0.027609341451350838 0.06973323644161886 -0.28
vertex 0.023176274578121058 0.0713292387221365 -0.28
vertex 0.027609341451350838 0.06973323644161886 0.28
endloop
endfacet
facet normal 0.3387379202452897 0.940880768954226 -0.0
outer loop
vertex 0.027609341451350838 0.06973323644161886 0.28
vertex 0.023176274578121058 0.0713292387221365 -0.28
vertex 0.023176274578121058 0.0713292387221365 0.28
endloop
endfacet
facet normal 0.0 0.0 1.0
outer loop
vertex 0.027609341451350838 0.06973323644161886 0.28
vertex 0.023176274578121058 0.0713292387221365 0.28
vertex 0.02727802935393463 0.06889643760431943 0.28
endloop
endfacet
facet normal 0.0 0.0 1.0
outer loop
vertex 0.02727802935393463 0.06889643760431943 0.28
vertex 0.023176274578121058 0.0713292387221365 0.28
vertex 0.022898159283183606 0.07047328785747088 0.28
endloop
endfacet
facet normal -0.3387379202452916 -0.9408807689542253 0.0
outer loop
vertex 0.02727802935393463 0.06889643760431943 0.28
vertex 0.022898159283183606 0.07047328785747088 0.28
vertex 0.02727802935393463 0.06889643760431943 -0.28
endloop
endfacet
facet normal -0.3387379202452916 -0.9408807689542253 -0.0
outer loop
vertex 0.02727802935393463 0.06889643760431943 -0.28
vertex 0.022898159283183606 0.07047328785747088 0.28
vertex 0.022898159283183606 0.07047328785747088 -0.28
endloop
endfacet
facet normal 0.0 0.0 -1.0
outer loop
vertex 0.022898159283183606 0.07047328785747088 -0.28
vertex 0.018427920638915737 0.07177201223963156 -0.28
vertex 0.023176274578121058 0.0713292387221365 -0.28
endloop
endfacet
facet normal 0.0 0.0 -1.0
outer loop
vertex 0.023176274578121058 0.0713292387221365 -0.28
vertex 0.018427920638915737 0.07177201223963156 -0.28
vertex 0.018651741537364104 0.07264373708464733 -0.28
endloop
endfacet
facet normal 0.27899110603923044 0.9602936856769427 0.0
outer loop
vertex 0.023176274578121058 0.0713292387221365 -0.28
vertex 0.018651741537364104 0.07264373708464733 -0.28
vertex 0.023176274578121058 0.0713292387221365 0.28
endloop
endfacet
facet normal 0.27899110603923044 0.9602936856769427 -0.0
outer loop
vertex 0.023176274578121058 0.0713292387221365 0.28
vertex 0.018651741537364104 0.07264373708464733 -0.28
vertex 0.018651741537364104 0.07264373708464733 0.28
endloop
endfacet
facet normal 0.0 0.0 1.0
outer loop
vertex 0.023176274578121058 0.0713292387221365 0.28
vertex 0.018651741537364104 0.07264373708464733 0.28
vertex 0.022898159283183606 0.07047328785747088 0.28
endloop
endfacet
facet normal 0.0 0.0 1.0
outer loop
vertex 0.022898159283183606 0.07047328785747088 0.28
vertex 0.018651741537364104 0.07264373708464733 0.28
vertex 0.018427920638915737 0.07177201223963156 0.28
endloop
endfacet
facet normal -0.2789911060392275 -0.9602936856769435 0.0
outer loop
vertex 0.022898159283183606 0.07047328785747088 0.28
vertex 0.018427920638915737 0.07177201223963156 0.28
vertex 0.022898159283183606 0.07047328785747088 -0.28
endloop
endfacet
facet normal -0.2789911060392275 -0.9602936856769435 -0.0
outer loop
vertex 0.022898159283183606 0.07047328785747088 -0.28
vertex 0.018427920638915737 0.07177201223963156 0.28
vertex 0.018427920638915737 0.07177201223963156 -0.28
endloop
endfacet
facet normal 0.0 0.0 -1.0
outer loop
vertex 0.018427920638915737 0.07177201223963156 -0.28
vertex 0.013884955410802187 0.07278748527899584 -0.28
vertex 0.018651741537364104 0.07264373708464733 -0.28
endloop
endfacet
facet normal 0.0 0.0 -1.0
outer loop
vertex 0.018651741537364104 0.07264373708464733 -0.28
vertex 0.013884955410802187 0.07278748527899584 -0.28
vertex 0.014053598593929338 0.07367154380465166 -0.28
endloop
endfacet
facet normal 0.2181432413965442 0.975916761938747 0.0
outer loop
vertex 0.018651741537364104 0.07264373708464733 -0.28
vertex 0.014053598593929338 0.07367154380465166 -0.28
vertex 0.018651741537364104 0.07264373708464733 0.28
endloop
endfacet
facet normal 0.2181432413965442 0.975916761938747 -0.0
outer loop
vertex 0.018651741537364104 0.07264373708464733 0.28
vertex 0.014053598593929338 0.07367154380465166 -0.28
vertex 0.014053598593929338 0.07367154380465166 0.28
endloop
endfacet
facet normal 0.0 0.0 1.0
outer loop
vertex 0.018651741537364104 0.07264373708464733 0.28
vertex 0.014053598593929338 0.07367154380465166 0.28
vertex 0.018427920638915737 0.07177201223963156 0.28
endloop
endfacet
facet normal 0.0 0.0 1.0
outer loop
vertex 0.018427920638915737 0.07177201223963156 0.28
vertex 0.014053598593929338 0.07367154380465166 0.28
vertex 0.013884955410802187 0.07278748527899584 0.28
endloop
endfacet
facet normal -0.218143241396545 -0.9759167619387469 0.0
outer loop
vertex 0.018427920638915737 0.07177201223963156 0.28
vertex 0.013884955410802187 0.07278748527899584 0.28
vertex 0.018427920638915737 0.07177201223963156 -0.28
endloop
endfacet
facet normal -0.218143241396545 -0.9759167619387469 -0.0
outer loop
vertex 0.018427920638915737 0.07177201223963156 -0.28
vertex 0.013884955410802187 0.07278748527899584 0.28
vertex 0.013884955410802187 0.07278748527899584 -0.28
endloop
endfacet
facet normal 0.0 0.0 -1.0
outer loop
vertex 0.013884955410802187 0.07278748527899584 -0.28
vertex 0.009287192607114945 0.0735156993674028 -0.28
vertex 0.014053598593929338 0.07367154380465166 -0.28
endloop
endfacet
facet normal -0.0 0.0 -1.0
outer loop
vertex 0.014053598593929338 0.07367154380465166 -0.28
vertex 0.009287192607114945 0.0735156993674028 -0.28
vertex 0.00939999251732282 0.07440860259858584 -0.28
endloop
endfacet
facet normal 0.15643446504023012 0.9876883405951378 0.0
outer loop
vertex 0.014053598593929338 0.07367154380465166 -0.28
vertex 0.00939999251732282 0.07440860259858584 -0.28
vertex 0.014053598593929338 0.07367154380465166 0.28
endloop
endfacet
facet normal 0.15643446504023012 0.9876883405951378 -0.0
outer loop
vertex 0.014053598593929338 0.07367154380465166 0.28
vertex 0.00939999251732282 0.07440860259858584 -0.28
vertex 0.00939999251732282 0.07440860259858584 0.28
endloop
endfacet
facet normal 0.0 0.0 1.0
outer loop
vertex 0.014053598593929338 0.07367154380465166 0.28
vertex 0.00939999251732282 0.07440860259858584 0.28
vertex 0.013884955410802187 0.07278748527899584 0.28
endloop
endfacet
facet normal 0.0 0.0 1.0
outer loop
vertex 0.013884955410802187 0.07278748527899584 0.28
vertex 0.00939999251732282 0.07440860259858584 0.28
vertex 0.009287192607114945 0.0735156993674028 0.28
endloop
endfacet
facet normal -0.15643446504022931 -0.9876883405951381 0.0
outer loop
vertex 0.013884955410802187 0.07278748527899584 0.28
vertex 0.009287192607114945 0.0735156993674028 0.28
vertex 0.013884955410802187 0.07278748527899584 -0.28
endloop
endfacet
facet normal -0.15643446504022931 -0.9876883405951381 -0.0
outer loop
vertex 0.013884955410802187 0.07278748527899584 -0.28
vertex 0.009287192607114945 0.0735156993674028 0.28
vertex 0.009287192607114945 0.0735156993674028 -0.28
endloop
endfacet
facet normal 0.0 0.0 -1.0
outer loop
vertex 0.009287192607114945 0.0735156993674028 -0.28
vertex 0.0046527774971221155 0.07395378057653493 -0.28
vertex 0.00939999251732282 0.07440860259858584 -0.28
endloop
endfacet
facet normal -0.0 0.0 -1.0
outer loop
vertex 0.00939999251732282 0.07440860259858584 -0.28
vertex 0.0046527774971221155 0.07395378057653493 -0.28
vertex 0.004709288964698498 0.07485200463212037 -0.28
endloop
endfacet
facet normal 0.09410831331851462 0.99556196460308 0.0
outer loop
vertex 0.00939999251732282 0.07440860259858584 -0.28
vertex 0.004709288964698498 0.07485200463212037 -0.28
vertex 0.00939999251732282 0.07440860259858584 0.28
endloop
endfacet
facet normal 0.09410831331851462 0.99556196460308 -0.0
outer loop
vertex 0.00939999251732282 0.07440860259858584 0.28
vertex 0.004709288964698498 0.07485200463212037 -0.28
vertex 0.004709288964698498 0.07485200463212037 0.28
endloop
endfacet
facet normal 0.0 0.0 1.0
outer loop
vertex 0.00939999251732282 0.07440860259858584 0.28
vertex 0.004709288964698498 0.07485200463212037 0.28
vertex 0.009287192607114945 0.0735156993674028 0.28
endloop
endfacet
facet normal 0.0 0.0 1.0
outer loop
vertex 0.009287192607114945 0.0735156993674028 0.28
vertex 0.004709288964698498 0.07485200463212037 0.28
vertex 0.0046527774971221155 0.07395378057653493 0.28
endloop
endfacet
facet normal -0.09410831331851544 -0.9955619646030799 0.0
outer loop
vertex 0.009287192607114945 0.0735156993674028 0.28
vertex 0.0046527774971221155 0.07395378057653493 0.28
vertex 0.009287192607114945 0.0735156993674028 -0.28
endloop
endfacet
facet normal -0.09410831331851544 -0.9955619646030799 -0.0
outer loop
vertex 0.009287192607114945 0.0735156993674028 -0.28
vertex 0.0046527774971221155 0.07395378057653493 0.28
vertex 0.0046527774971221155 0.07395378057653493 -0.28
endloop
endfacet
facet normal 0.0 0.0 -1.0
outer loop
vertex 0.0046527774971221155 0.07395378057653493 -0.28
vertex -1.1916188834103876e-17 0.0741 -0.28
vertex 0.004709288964698498 0.07485200463212037 -0.28
endloop
endfacet
facet normal -0.0 0.0 -1.0
outer loop
vertex 0.004709288964698498 0.07485200463212037 -0.28
vertex -1.1916188834103876e-17 0.0741 -0.28
vertex -1.2060919872574772e-17 0.075 -0.28
endloop
endfacet
facet normal 0.03141075907812712 0.9995065603657316 0.0
outer loop
vertex 0.004709288964698498 0.07485200463212037 -0.28
vertex -1.2060919872574772e-17 0.075 -0.28
vertex 0.004709288964698498 0.07485200463212037 0.28
endloop
endfacet
facet normal 0.03141075907812712 0.9995065603657316 -0.0
outer loop
vertex 0.004709288964698498 0.07485200463212037 0.28
vertex -1.2060919872574772e-17 0.075 -0.28
vertex -1.2060919872574772e-17 0.075 0.28
endloop
endfacet
facet normal 0.0 0.0 1.0
outer loop
vertex 0.004709288964698498 0.07485200463212037 0.28
vertex -1.2060919872574772e-17 0.075 0.28
vertex 0.0046527774971221155 0.07395378057653493 0.28
endloop
endfacet
facet normal 0.0 0.0 1.0
outer loop
vertex 0.0046527774971221155 0.07395378057653493 0.28
vertex -1.2060919872574772e-17 0.075 0.28
vertex -1.1916188834103876e-17 0.0741 0.28
endloop
endfacet
facet normal -0.03141075907812703 -0.9995065603657316 0.0
outer loop
vertex 0.0046527774971221155 0.07395378057653493 0.28
vertex -1.1916188834103876e-17 0.0741 0.28
vertex 0.0046527774971221155 0.07395378057653493 -0.28
endloop
endfacet
facet normal -0.03141075907812703 -0.9995065603657316 -0.0
outer loop
vertex 0.0046527774971221155 0.07395378057653493 -0.28
vertex -1.1916188834103876e-17 0.0741 0.28
vertex -1.1916188834103876e-17 0.0741 -0.28
endloop
endfacet
facet normal -0.0 0.0 -1.0
outer loop
vertex -1.1916188834103876e-17 0.0741 -0.28
vertex -0.004652777497122123 0.07395378057653493 -0.28
vertex -1.2060919872574772e-17 0.075 -0.28
endloop
endfacet
facet normal -0.0 0.0 -1.0
outer loop
vertex -1.2060919872574772e-17 0.075 -0.28
vertex -0.004652777497122123 0.07395378057653493 -0.28
vertex -0.004709288964698505 0.07485200463212037 -0.28
endloop
endfacet
facet normal -0.03141075907812723 0.9995065603657315 0.0
outer loop
vertex -1.2060919872574772e-17 0.075 -0.28
vertex -0.004709288964698505 0.07485200463212037 -0.28
vertex -1.2060919872574772e-17 0.075 0.28
endloop
endfacet
facet normal -0.03141075907812723 0.9995065603657315 0.0
outer loop
vertex -1.2060919872574772e-17 0.075 0.28
vertex -0.004709288964698505 0.07485200463212037 -0.28
vertex -0.004709288964698505 0.07485200463212037 0.28
endloop
endfacet
facet normal 0.0 0.0 1.0
outer loop
vertex -1.2060919872574772e-17 0.075 0.28
vertex -0.004709288964698505 0.07485200463212037 0.28
vertex -1.1916188834103876e-17 0.0741 0.28
endloop
endfacet
facet normal 0.0 0.0 1.0
outer loop
vertex -1.1916188834103876e-17 0.0741 0.28
vertex -0.004709288964698505 0.07485200463212037 0.28
vertex -0.004652777497122123 0.07395378057653493 0.28
endloop
endfacet
facet normal 0.03141075907812714 -0.9995065603657317 0.0
outer loop
vertex -1.1916188834103876e-17 0.0741 0.28
vertex -0.004652777497122123 0.07395378057653493 0.28
vertex -1.1916188834103876e-17 0.0741 -0.28
endloop
endfacet
facet normal 0.03141075907812714 -0.9995065603657317 0.0
outer loop
vertex -1.1916188834103876e-17 0.0741 -0.28
vertex -0.004652777497122123 0.07395378057653493 0.28
vertex -0.004652777497122123 0.07395378057653493 -0.28
endloop
endfacet
facet normal -0.0 0.0 -1.0
outer loop
vertex -0.004652777497122123 0.07395378057653493 -0.28
vertex -0.009287192607114953 0.0735156993674028 -0.28
vertex -0.004709288964698505 0.07485200463212037 -0.28
endloop
endfacet
facet normal -0.0 0.0 -1.0
outer loop
vertex -0.004709288964698505 0.07485200463212037 -0.28
vertex -0.009287192607114953 0.0735156993674028 -0.28
vertex -0.009399992517322828 0.07440860259858582 -0.28
endloop
endfacet
facet normal -0.09410831331851749 0.9955619646030797 0.0
outer loop
vertex -0.004709288964698505 0.07485200463212037 -0.28
vertex -0.009399992517322828 0.07440860259858582 -0.28
vertex -0.004709288964698505 0.07485200463212037 0.28
endloop
endfacet
facet normal -0.09410831331851749 0.9955619646030797 0.0
outer loop
vertex -0.004709288964698505 0.07485200463212037 0.28
vertex -0.009399992517322828 0.07440860259858582 -0.28
vertex -0.009399992517322828 0.07440860259858582 0.28
endloop
endfacet
facet normal 0.0 0.0 1.0
outer loop
vertex -0.004709288964698505 0.07485200463212037 0.28
vertex -0.009399992517322828 0.07440860259858582 0.28
vertex -0.004652777497122123 0.07395378057653493 0.28
endloop
endfacet
facet normal 0.0 0.0 1.0
outer loop
vertex -0.004652777497122123 0.07395378057653493 0.28
vertex -0.009399992517322828 0.07440860259858582 0.28
vertex -0.009287192607114953 0.0735156993674028 0.28
endloop
endfacet
facet normal 0.09410831331851544 -0.99556196460308 0.0
outer loop
vertex -0.004652777497122123 0.07395378057653493 0.28
vertex -0.009287192607114953 0.0735156993674028 0.28
vertex -0.004652777497122123 0.07395378057653493 -0.28
endloop
endfacet
facet normal 0.09410831331851544 -0.99556196460308 0.0
outer loop
vertex -0.004652777497122123 0.07395378057653493 -0.28
vertex -0.009287192607114953 0.0735156993674028 0.28
vertex -0.009287192607114953 0.0735156993674028 -0.28
endloop
endfacet
facet normal -0.0 0.0 -1.0
outer loop
vertex -0.009287192607114953 0.0735156993674028 -0.28
vertex -0.013884955410802209 0.07278748527899583 -0.28
vertex -0.009399992517322828 0.07440860259858582 -0.28
endloop
endfacet
facet normal -0.0 0.0 -1.0
outer loop
vertex -0.009399992517322828 0.07440860259858582 -0.28
vertex -0.013884955410802209 0.07278748527899583 -0.28
vertex -0.014053598593929361 0.07367154380465164 -0.28
endloop
endfacet
facet normal -0.1564344650402297 0.9876883405951381 0.0
outer loop
vertex -0.009399992517322828 0.07440860259858582 -0.28
vertex -0.014053598593929361 0.07367154380465164 -0.28
vertex -0.009399992517322828 0.07440860259858582 0.28
endloop
endfacet
facet normal -0.1564344650402297 0.9876883405951381 0.0
outer loop
vertex -0.009399992517322828 0.07440860259858582 0.28
vertex -0.014053598593929361 0.07367154380465164 -0.28
vertex -0.014053598593929361 0.07367154380465164 0.28
endloop
endfacet
facet normal 0.0 0.0 1.0
outer loop
vertex -0.009399992517322828 0.07440860259858582 0.28
vertex -0.014053598593929361 0.07367154380465164 0.28
vertex -0.009287192607114953 0.0735156993674028 0.28
endloop
endfacet
facet normal 0.0 0.0 1.0
outer loop
vertex -0.009287192607114953 0.0735156993674028 0.28
vertex -0.014053598593929361 0.07367154380465164 0.28
vertex -0.013884955410802209 0.07278748527899583 0.28
endloop
endfacet
facet normal 0.15643446504023176 -0.9876883405951375 0.0
outer loop
vertex -0.009287192607114953 0.0735156993674028 0.28
vertex -0.013884955410802209 0.07278748527899583 0.28
vertex -0.009287192607114953 0.0735156993674028 -0.28
endloop
endfacet
facet normal 0.15643446504023176 -0.9876883405951375 0.0
outer loop
vertex -0.009287192607114953 0.0735156993674028 -0.28
vertex -0.013884955410802209 0.07278748527899583 0.28
vertex -0.013884955410802209 0.07278748527899583 -0.28
endloop
endfacet
facet normal -0.0 0.0 -1.0
outer loop
vertex -0.013884955410802209 0.07278748527899583 -0.28
vertex -0.018427920638915744 0.07177201223963156 -0.28
vertex -0.014053598593929361 0.07367154380465164 -0.28
endloop
endfacet
facet normal -0.0 0.0 -1.0
outer loop
vertex -0.014053598593929361 0.07367154380465164 -0.28
vertex -0.018427920638915744 0.07177201223963156 -0.28
vertex -0.018651741537364114 0.07264373708464733 -0.28
endloop
endfacet
facet normal -0.21814324139654195 0.9759167619387474 0.0
outer loop
vertex -0.014053598593929361 0.07367154380465164 -0.28
vertex -0.018651741537364114 0.07264373708464733 -0.28
vertex -0.014053598593929361 0.07367154380465164 0.28
endloop
endfacet
facet normal -0.21814324139654195 0.9759167619387474 0.0
outer loop
vertex -0.014053598593929361 0.07367154380465164 0.28
vertex -0.018651741537364114 0.07264373708464733 -0.28
vertex -0.018651741537364114 0.07264373708464733 0.28
endloop
endfacet
facet normal -0.0 0.0 1.0
outer loop
vertex -0.014053598593929361 0.07367154380465164 0.28
vertex -0.018651741537364114 0.07264373708464733 0.28
vertex -0.013884955410802209 0.07278748527899583 0.28
endloop
endfacet
facet normal 0.0 0.0 1.0
outer loop
vertex -0.013884955410802209 0.07278748527899583 0.28
vertex -0.018651741537364114 0.07264373708464733 0.28
vertex -0.018427920638915744 0.07177201223963156 0.28
endloop
endfacet
facet normal 0.21814324139654287 -0.9759167619387472 0.0
outer loop
vertex -0.013884955410802209 0.07278748527899583 0.28
vertex -0.018427920638915744 0.07177201223963156 0.28
vertex -0.013884955410802209 0.07278748527899583 -0.28
endloop
endfacet
facet normal 0.21814324139654287 -0.9759167619387472 0.0
outer loop
vertex -0.013884955410802209 0.07278748527899583 -0.28
vertex -0.018427920638915744 0.07177201223963156 0.28
vertex -0.018427920638915744 0.07177201223963156 -0.28
endloop
endfacet
facet normal -0.0 0.0 -1.0
outer loop
vertex -0.018427920638915744 0.07177201223963156 -0.28
vertex -0.022898159283183613 0.07047328785747088 -0.28
vertex -0.018651741537364114 0.07264373708464733 -0.28
endloop
endfacet
facet normal -0.0 0.0 -1.0
outer loop
vertex -0.018651741537364114 0.07264373708464733 -0.28
vertex -0.022898159283183613 0.07047328785747088 -0.28
vertex -0.023176274578121065 0.0713292387221365 -0.28
endloop
endfacet
facet normal -0.27899110603923066 0.9602936856769426 0.0
outer loop
vertex -0.018651741537364114 0.07264373708464733 -0.28
vertex -0.023176274578121065 0.0713292387221365 -0.28
vertex -0.018651741537364114 0.07264373708464733 0.28
endloop
endfacet
facet normal -0.27899110603923066 0.9602936856769426 0.0
outer loop
vertex -0.018651741537364114 0.07264373708464733 0.28
vertex -0.023176274578121065 0.0713292387221365 -0.28
vertex -0.023176274578121065 0.0713292387221365 0.28
endloop
endfacet
facet normal -0.0 0.0 1.0
outer loop
vertex -0.018651741537364114 0.07264373708464733 0.28
vertex -0.023176274578121065 0.0713292387221365 0.28
vertex -0.018427920638915744 0.07177201223963156 0.28
endloop
endfacet
facet normal 0.0 0.0 1.0
outer loop
vertex -0.018427920638915744 0.07177201223963156 0.28
vertex -0.023176274578121065 0.0713292387221365 0.28
vertex -0.022898159283183613 0.07047328785747088 0.28
endloop
endfacet
facet normal 0.2789911060392275 -0.9602936856769435 0.0
outer loop
vertex -0.018427920638915744 0.07177201223963156 0.28
vertex -0.022898159283183613 0.07047328785747088 0.28
vertex -0.018427920638915744 0.07177201223963156 -0.28
endloop
endfacet
facet normal 0.2789911060392275 -0.9602936856769435 0.0
outer loop
vertex -0.018427920638915744 0.07177201223963156 -0.28
vertex -0.022898159283183613 0.07047328785747088 0.28
vertex -0.022898159283183613 0.07047328785747088 -0.28
endloop
endfacet
facet normal -0.0 0.0 -1.0
outer loop
vertex -0.022898159283183613 0.07047328785747088 -0.28
vertex -0.027278029353934637 0.06889643760431942 -0.28
vertex -0.023176274578121065 0.0713292387221365 -0.28
endloop
endfacet
facet normal -0.0 0.0 -1.0
outer loop
vertex -0.023176274578121065 0.0713292387221365 -0.28
vertex -0.027278029353934637 0.06889643760431942 -0.28
vertex -0.027609341451350848 0.06973323644161884 -0.28
endloop
endfacet
facet normal -0.3387379202452921 0.9408807689542253 0.0
outer loop
vertex -0.023176274578121065 0.0713292387221365 -0.28
vertex -0.027609341451350848 0.06973323644161884 -0.28
vertex -0.023176274578121065 0.0713292387221365 0.28
endloop
endfacet
facet normal -0.3387379202452921 0.9408807689542253 0.0
outer loop
vertex -0.023176274578121065 0.0713292387221365 0.28
vertex -0.027609341451350848 0.06973323644161884 -0.28
vertex -0.027609341451350848 0.06973323644161884 0.28
endloop
endfacet
facet normal -0.0 0.0 1.0
outer loop
vertex -0.023176274578121065 0.0713292387221365 0.28
vertex -0.027609341451350848 0.06973323644161884 0.28
vertex -0.022898159283183613 0.07047328785747088 0.28
endloop
endfacet
facet normal 0.0 0.0 1.0
outer loop
vertex -0.022898159283183613 0.07047328785747088 0.28
vertex -0.027609341451350848 0.06973323644161884 0.28
vertex -0.027278029353934637 0.06889643760431942 0.28
endloop
endfacet
facet normal 0.3387379202452942 -0.9408807689542243 0.0
outer loop
vertex -0.022898159283183613 0.07047328785747088 0.28
vertex -0.027278029353934637 0.06889643760431942 0.28
vertex -0.022898159283183613 0.07047328785747088 -0.28
endloop
endfacet
facet normal 0.3387379202452942 -0.9408807689542243 0.0
outer loop
vertex -0.022898159283183613 0.07047328785747088 -0.28
vertex -0.027278029353934637 0.06889643760431942 0.28
vertex -0.027278029353934637 0.06889643760431942 -0.28
endloop
endfacet
facet normal -0.0 0.0 -0.9999999999999999
outer loop
vertex -0.027278029353934637 0.06889643760431942 -0.28
vertex -0.03155024550497189 0.06704768458773204 -0.28
vertex -0.027609341451350848 0.06973323644161884 -0.28
endloop
endfacet
facet normal -0.0 0.0 -1.0
outer loop
vertex -0.027609341451350848 0.06973323644161884 -0.28
vertex -0.03155024550497189 0.06704768458773204 -0.28
vertex -0.03193344686738045 0.06786202893495145 -0.28
endloop
endfacet
facet normal -0.39714789063478023 0.9177546256839813 0.0
outer loop
vertex -0.027609341451350848 0.06973323644161884 -0.28
vertex -0.03193344686738045 0.06786202893495145 -0.28
vertex -0.027609341451350848 0.06973323644161884 0.28
endloop
endfacet
facet normal -0.39714789063478023 0.9177546256839813 0.0
outer loop
vertex -0.027609341451350848 0.06973323644161884 0.28
vertex -0.03193344686738045 0.06786202893495145 -0.28
vertex -0.03193344686738045 0.06786202893495145 0.28
endloop
endfacet
facet normal -0.0 0.0 1.0
outer loop
vertex -0.027609341451350848 0.06973323644161884 0.28
vertex -0.03193344686738045 0.06786202893495145 0.28
vertex -0.027278029353934637 0.06889643760431942 0.28
endloop
endfacet
facet normal 0.0 0.0 1.0
outer loop
vertex -0.027278029353934637 0.06889643760431942 0.28
vertex -0.03193344686738045 0.06786202893495145 0.28
vertex -0.03155024550497189 0.06704768458773204 0.28
endloop
endfacet
facet normal 0.39714789063477973 -0.9177546256839815 0.0
outer loop
vertex -0.027278029353934637 0.06889643760431942 0.28
vertex -0.03155024550497189 0.06704768458773204 0.28
vertex -0.027278029353934637 0.06889643760431942 -0.28
endloop
endfacet
facet normal 0.39714789063477973 -0.9177546256839815 0.0
outer loop
vertex -0.027278029353934637 0.06889643760431942 -0.28
vertex -0.03155024550497189 0.06704768458773204 0.28
vertex -0.03155024550497189 0.06704768458773204 -0.28
endloop
endfacet
facet normal -0.0 0.0 -1.0
outer loop
vertex -0.03155024550497189 0.06704768458773204 -0.28
vertex -0.03569794725093711 0.06493432499125028 -0.28
vertex -0.03193344686738045 0.06786202893495145 -0.28
endloop
endfacet
facet normal -0.0 0.0 -1.0
outer loop
vertex -0.03193344686738045 0.06786202893495145 -0.28
vertex -0.03569794725093711 0.06493432499125028 -0.28
vertex -0.036131525557628656 0.06572300100328976 -0.28
endloop
endfacet
facet normal -0.4539904997395457 0.8910065241883683 0.0
outer loop
vertex -0.03193344686738045 0.06786202893495145 -0.28
vertex -0.036131525557628656 0.06572300100328976 -0.28
vertex -0.03193344686738045 0.06786202893495145 0.28
endloop
endfacet
facet normal -0.4539904997395457 0.8910065241883683 0.0
outer loop
vertex -0.03193344686738045 0.06786202893495145 0.28
vertex -0.036131525557628656 0.06572300100328976 -0.28
vertex -0.036131525557628656 0.06572300100328976 0.28
endloop
endfacet
facet normal -0.0 0.0 1.0
outer loop
vertex -0.03193344686738045 0.06786202893495145 0.28
vertex -0.036131525557628656 0.06572300100328976 0.28
vertex -0.03155024550497189 0.06704768458773204 0.28
endloop
endfacet
facet normal 0.0 0.0 1.0
outer loop
vertex -0.03155024550497189 0.06704768458773204 0.28
vertex -0.036131525557628656 0.06572300100328976 0.28
vertex -0.03569794725093711 0.06493432499125028 0.28
endloop
endfacet
facet normal 0.4539904997395476 -0.8910065241883676 0.0
outer loop
vertex -0.03155024550497189 0.06704768458773204 0.28
vertex -0.03569794725093711 0.06493432499125028 0.28
vertex -0.03155024550497189 0.06704768458773204 -0.28
endloop
endfacet
facet normal 0.4539904997395476 -0.8910065241883676 0.0
outer loop
vertex -0.03155024550497189 0.06704768458773204 -0.28
vertex -0.03569794725093711 0.06493432499125028 0.28
vertex -0.03569794725093711 0.06493432499125028 -0.28
endloop
endfacet
facet normal -0.0 0.0 -1.0
outer loop
vertex -0.03569794725093711 0.06493432499125028 -0.28
vertex -0.03970476550794367 0.0625646992796993 -0.28
vertex -0.036131525557628656 0.06572300100328976 -0.28
endloop
endfacet
facet normal -0.0 0.0 -1.0
outer loop
vertex -0.036131525557628656 0.06572300100328976 -0.28
vertex -0.03970476550794367 0.0625646992796993 -0.28
vertex -0.040187009623424766 0.06332459441265112 -0.28
endloop
endfacet
facet normal -0.509041415750371 0.860742027003944 0.0
outer loop
vertex -0.036131525557628656 0.06572300100328976 -0.28
vertex -0.040187009623424766 0.06332459441265112 -0.28
vertex -0.036131525557628656 0.06572300100328976 0.28
endloop
endfacet
facet normal -0.509041415750371 0.860742027003944 0.0
outer loop
vertex -0.036131525557628656 0.06572300100328976 0.28
vertex -0.040187009623424766 0.06332459441265112 -0.28
vertex -0.040187009623424766 0.06332459441265112 0.28
endloop
endfacet
facet normal -0.0 0.0 1.0
outer loop
vertex -0.036131525557628656 0.06572300100328976 0.28
vertex -0.040187009623424766 0.06332459441265112 0.28
vertex -0.03569794725093711 0.06493432499125028 0.28
endloop
endfacet
facet normal 0.0 0.0 1.0
outer loop
vertex -0.03569794725093711 0.06493432499125028 0.28
vertex -0.040187009623424766 0.06332459441265112 0.28
vertex -0.03970476550794367 0.0625646992796993 0.28
endloop
endfacet
facet normal 0.5090414157503699 -0.8607420270039445 0.0
outer loop
vertex -0.03569794725093711 0.06493432499125028 0.28
vertex -0.03970476550794367 0.0625646992796993 0.28
vertex -0.03569794725093711 0.06493432499125028 -0.28
endloop
endfacet
facet normal 0.5090414157503699 -0.8607420270039445 0.0
outer loop
vertex -0.03569794725093711 0.06493432499125028 -0.28
vertex -0.03970476550794367 0.0625646992796993 0.28
vertex -0.03970476550794367 0.0625646992796993 -0.28
endloop
endfacet
facet normal -0.0 0.0 -1.0
outer loop
vertex -0.03970476550794367 0.0625646992796993 -0.28
vertex -0.04355488719487225 0.0599481592831836 -0.28
vertex -0.040187009623424766 0.06332459441265112 -0.28
endloop
endfacet
facet normal -0.0 0.0 -1.0
outer loop
vertex -0.040187009623424766 0.06332459441265112 -0.28
vertex -0.04355488719487225 0.0599481592831836 -0.28
vertex -0.04408389392193548 0.06067627457812105 -0.28
endloop
endfacet
facet normal -0.5620833778521319 0.8270805742745608 0.0
outer loop
vertex -0.040187009623424766 0.06332459441265112 -0.28
vertex -0.04408389392193548 0.06067627457812105 -0.28
vertex -0.040187009623424766 0.06332459441265112 0.28
endloop
endfacet
facet normal -0.5620833778521319 0.8270805742745608 0.0
outer loop
vertex -0.040187009623424766 0.06332459441265112 0.28
vertex -0.04408389392193548 0.06067627457812105 -0.28
vertex -0.04408389392193548 0.06067627457812105 0.28
endloop
endfacet
facet normal -0.0 0.0 1.0
outer loop
vertex -0.040187009623424766 0.06332459441265112 0.28
vertex -0.04408389392193548 0.06067627457812105 0.28
vertex -0.03970476550794367 0.0625646992796993 0.28
endloop
endfacet
facet normal 0.0 0.0 1.0
outer loop
vertex -0.03970476550794367 0.0625646992796993 0.28
vertex -0.04408389392193548 0.06067627457812105 0.28
vertex -0.04355488719487225 0.0599481592831836 0.28
endloop
endfacet
facet normal 0.562083377852132 -0.8270805742745607 0.0
outer loop
vertex -0.03970476550794367 0.0625646992796993 0.28
vertex -0.04355488719487225 0.0599481592831836 0.28
vertex -0.03970476550794367 0.0625646992796993 -0.28
endloop
endfacet
facet normal 0.562083377852132 -0.8270805742745607 0.0
outer loop
vertex -0.03970476550794367 0.0625646992796993 -0.28
vertex -0.04355488719487225 0.0599481592831836 0.28
vertex -0.04355488719487225 0.0599481592831836 -0.28
endloop
endfacet
facet normal -0.0 0.0 -1.0
outer loop
vertex -0.04355488719487225 0.0599481592831836 -0.28
vertex -0.04723311764037791 0.05709503128968598 -0.28
vertex -0.04408389392193548 0.06067627457812105 -0.28
endloop
endfacet
facet normal -0.0 0.0 -1.0
outer loop
vertex -0.04408389392193548 0.06067627457812105 -0.28
vertex -0.04723311764037791 0.05709503128968598 -0.28
vertex -0.04780679923115173 0.05778849320818419 -0.28
endloop
endfacet
facet normal -0.6129070536529762 0.7901550123756907 0.0
outer loop
vertex -0.04408389392193548 0.06067627457812105 -0.28
vertex -0.04780679923115173 0.05778849320818419 -0.28
vertex -0.04408389392193548 0.06067627457812105 0.28
endloop
endfacet
facet normal -0.6129070536529762 0.7901550123756907 0.0
outer loop
vertex -0.04408389392193548 0.06067627457812105 0.28
vertex -0.04780679923115173 0.05778849320818419 -0.28
vertex -0.04780679923115173 0.05778849320818419 0.28
endloop
endfacet
facet normal -0.0 0.0 1.0
outer loop
vertex -0.04408389392193548 0.06067627457812105 0.28
vertex -0.04780679923115173 0.05778849320818419 0.28
vertex -0.04355488719487225 0.0599481592831836 0.28
endloop
endfacet
facet normal 0.0 0.0 1.0
outer loop
vertex -0.04355488719487225 0.0599481592831836 0.28
vertex -0.04780679923115173 0.05778849320818419 0.28
vertex -0.04723311764037791 0.05709503128968598 0.28
endloop
endfacet
facet normal 0.6129070536529755 -0.7901550123756912 0.0
outer loop
vertex -0.04355488719487225 0.0599481592831836 0.28
vertex -0.04723311764037791 0.05709503128968598 0.28
vertex -0.04355488719487225 0.0599481592831836 -0.28
endloop
endfacet
facet normal 0.6129070536529755 -0.7901550123756912 0.0
outer loop
vertex -0.04355488719487225 0.0599481592831836 -0.28
vertex -0.04723311764037791 0.05709503128968598 0.28
vertex -0.04723311764037791 0.05709503128968598 -0.28
endloop
endfacet
facet normal -0.0 0.0 -1.0
outer loop
vertex -0.04723311764037791 0.05709503128968598 -0.28
vertex -0.05072494054931583 0.054016575291926584 -0.28
vertex -0.04780679923115173 0.05778849320818419 -0.28
endloop
endfacet
facet normal -0.0 0.0 -1.0
outer loop
vertex -0.04780679923115173 0.05778849320818419 -0.28
vertex -0.05072494054931583 0.054016575291926584 -0.28
vertex -0.05134103294465165 0.05467264705660586 -0.28
endloop
endfacet
facet normal -0.6613118653236522 0.7501110696304594 0.0
outer loop
vertex -0.04780679923115173 0.05778849320818419 -0.28
vertex -0.05134103294465165 0.05467264705660586 -0.28
vertex -0.04780679923115173 0.05778849320818419 0.28
endloop
endfacet
facet normal -0.6613118653236522 0.7501110696304594 0.0
outer loop
vertex -0.04780679923115173 0.05778849320818419 0.28
vertex -0.05134103294465165 0.05467264705660586 -0.28
vertex -0.05134103294465165 0.05467264705660586 0.28
endloop
endfacet
facet normal -0.0 0.0 1.0
outer loop
vertex -0.04780679923115173 0.05778849320818419 0.28
vertex -0.05134103294465165 0.05467264705660586 0.28
vertex -0.04723311764037791 0.05709503128968598 0.28
endloop
endfacet
facet normal 0.0 0.0 1.0
outer loop
vertex -0.04723311764037791 0.05709503128968598 0.28
vertex -0.05134103294465165 0.05467264705660586 0.28
vertex -0.05072494054931583 0.054016575291926584 0.28
endloop
endfacet
facet normal 0.6613118653236528 -0.7501110696304587 0.0
outer loop
vertex -0.04723311764037791 0.05709503128968598 0.28
vertex -0.05072494054931583 0.054016575291926584 0.28
vertex -0.04723311764037791 0.05709503128968598 -0.28
endloop
endfacet
facet normal 0.6613118653236528 -0.7501110696304587 0.0
outer loop
vertex -0.04723311764037791 0.05709503128968598 -0.28
vertex -0.05072494054931583 0.054016575291926584 0.28
vertex -0.05072494054931583 0.054016575291926584 -0.28
endloop
endfacet
facet normal -0.0 0.0 -1.0
outer loop
vertex -0.05072494054931583 0.054016575291926584 -0.28
vertex -0.054016575291926605 0.05072494054931582 -0.28
vertex -0.05134103294465165 0.05467264705660586 -0.28
endloop
endfacet
facet normal -0.0 0.0 -1.0
outer loop
vertex -0.05134103294465165 0.05467264705660586 -0.28
vertex -0.054016575291926605 0.05072494054931582 -0.28
vertex -0.05467264705660587 0.051341032944651636 -0.28
endloop
endfacet
facet normal -0.7071067811865476 0.7071067811865476 0.0
outer loop
vertex -0.05134103294465165 0.05467264705660586 -0.28
vertex -0.05467264705660587 0.051341032944651636 -0.28
vertex -0.05134103294465165 0.05467264705660586 0.28
endloop
endfacet
facet normal -0.7071067811865476 0.7071067811865476 0.0
outer loop
vertex -0.05134103294465165 0.05467264705660586 0.28
vertex -0.05467264705660587 0.051341032944651636 -0.28
vertex -0.05467264705660587 0.051341032944651636 0.28
endloop
endfacet
facet normal -0.0 0.0 1.0
outer loop
vertex -0.05134103294465165 0.05467264705660586 0.28
vertex -0.05467264705660587 0.051341032944651636 0.28
vertex -0.05072494054931583 0.054016575291926584 0.28
endloop
endfacet
facet normal 0.0 0.0 1.0
outer loop
vertex -0.05072494054931583 0.054016575291926584 0.28
vertex -0.05467264705660587 0.051341032944651636 0.28
vertex -0.054016575291926605 0.05072494054931582 0.28
endloop
endfacet
facet normal 0.7071067811865468 -0.7071067811865482 0.0
outer loop
vertex -0.05072494054931583 0.054016575291926584 0.28
vertex -0.054016575291926605 0.05072494054931582 0.28
vertex -0.05072494054931583 0.054016575291926584 -0.28
endloop
endfacet
facet normal 0.7071067811865468 -0.7071067811865482 0.0
outer loop
vertex -0.05072494054931583 0.054016575291926584 -0.28
vertex -0.054016575291926605 0.05072494054931582 0.28
vertex -0.054016575291926605 0.05072494054931582 -0.28
endloop
endfacet
facet normal -0.0 0.0 -1.0
outer loop
vertex -0.054016575291926605 0.05072494054931582 -0.28
vertex -0.05709503128968599 0.047233117640377895 -0.28
vertex -0.05467264705660587 0.051341032944651636 -0.28
endloop
endfacet
facet normal -0.0 0.0 -1.0
outer loop
vertex -0.05467264705660587 0.051341032944651636 -0.28
vertex -0.05709503128968599 0.047233117640377895 -0.28
vertex -0.0577884932081842 0.04780679923115171 -0.28
endloop
endfacet
facet normal -0.7501110696304594 0.6613118653236522 0.0
outer loop
vertex -0.05467264705660587 0.051341032944651636 -0.28
vertex -0.0577884932081842 0.04780679923115171 -0.28
vertex -0.05467264705660587 0.051341032944651636 0.28
endloop
endfacet
facet normal -0.7501110696304594 0.6613118653236522 0.0
outer loop
vertex -0.05467264705660587 0.051341032944651636 0.28
vertex -0.0577884932081842 0.04780679923115171 -0.28
vertex -0.0577884932081842 0.04780679923115171 0.28
endloop
endfacet
facet normal -0.0 0.0 1.0
outer loop
vertex -0.05467264705660587 0.051341032944651636 0.28
vertex -0.0577884932081842 0.04780679923115171 0.28
vertex -0.054016575291926605 0.05072494054931582 0.28
endloop
endfacet
facet normal 0.0 0.0 1.0
outer loop
vertex -0.054016575291926605 0.05072494054931582 0.28
vertex -0.0577884932081842 0.04780679923115171 0.28
vertex -0.05709503128968599 0.047233117640377895 0.28
endloop
endfacet
facet normal 0.75011106963046 -0.6613118653236512 0.0
outer loop
vertex -0.054016575291926605 0.05072494054931582 0.28
vertex -0.05709503128968599 0.047233117640377895 0.28
vertex -0.054016575291926605 0.05072494054931582 -0.28
endloop
endfacet
facet normal 0.75011106963046 -0.6613118653236512 0.0
outer loop
vertex -0.054016575291926605 0.05072494054931582 -0.28
vertex -0.05709503128968599 0.047233117640377895 0.28
vertex -0.05709503128968599 0.047233117640377895 -0.28
endloop
endfacet
facet normal -0.0 0.0 -1.0
outer loop
vertex -0.05709503128968599 0.047233117640377895 -0.28
vertex -0.059948159283183595 0.043554887194872265 -0.28
vertex -0.0577884932081842 0.04780679923115171 -0.28
endloop
endfacet
facet normal -0.0 0.0 -1.0
outer loop
vertex -0.0577884932081842 0.04780679923115171 -0.28
vertex -0.059948159283183595 0.043554887194872265 -0.28
vertex -0.060676274578121046 0.04408389392193549 -0.28
endloop
endfacet
facet normal -0.7901550123756907 0.6129070536529762 0.0
outer loop
vertex -0.0577884932081842 0.04780679923115171 -0.28
vertex -0.060676274578121046 0.04408389392193549 -0.28
vertex -0.0577884932081842 0.04780679923115171 0.28
endloop
endfacet
facet normal -0.7901550123756907 0.6129070536529762 0.0
outer loop
vertex -0.0577884932081842 0.04780679923115171 0.28
vertex -0.060676274578121046 0.04408389392193549 -0.28
vertex -0.060676274578121046 0.04408389392193549 0.28
endloop
endfacet
facet normal -0.0 0.0 1.0
outer loop
vertex -0.0577884932081842 0.04780679923115171 0.28
vertex -0.060676274578121046 0.04408389392193549 0.28
vertex -0.05709503128968599 0.047233117640377895 0.28
endloop
endfacet
facet normal 0.0 0.0 1.0
outer loop
vertex -0.05709503128968599 0.047233117640377895 0.28
vertex -0.060676274578121046 0.04408389392193549 0.28
vertex -0.059948159283183595 0.043554887194872265 0.28
endloop
endfacet
facet normal 0.7901550123756904 -0.6129070536529765 0.0
outer loop
vertex -0.05709503128968599 0.047233117640377895 0.28
vertex -0.059948159283183595 0.043554887194872265 0.28
vertex -0.05709503128968599 0.047233117640377895 -0.28
endloop
endfacet
facet normal 0.7901550123756904 -0.6129070536529765 0.0
outer loop
vertex -0.05709503128968599 0.047233117640377895 -0.28
vertex -0.059948159283183595 0.043554887194872265 0.28
vertex -0.059948159283183595 0.043554887194872265 -0.28
endloop
endfacet
facet normal -0.0 0.0 -1.0
outer loop
vertex -0.059948159283183595 0.043554887194872265 -0.28
vertex -0.06256469927969932 0.03970476550794365 -0.28
vertex -0.060676274578121046 0.04408389392193549 -0.28
endloop
endfacet
facet normal -0.0 0.0 -1.0
outer loop
vertex -0.060676274578121046 0.04408389392193549 -0.28
vertex -0.06256469927969932 0.03970476550794365 -0.28
vertex -0.06332459441265113 0.040187009623424745 -0.28
endloop
endfacet
facet normal -0.827080574274561 0.5620833778521316 0.0
outer loop
vertex -0.060676274578121046 0.04408389392193549 -0.28
vertex -0.06332459441265113 0.040187009623424745 -0.28
vertex -0.060676274578121046 0.04408389392193549 0.28
endloop
endfacet
facet normal -0.827080574274561 0.5620833778521316 0.0
outer loop
vertex -0.060676274578121046 0.04408389392193549 0.28
vertex -0.06332459441265113 0.040187009623424745 -0.28
vertex -0.06332459441265113 0.040187009623424745 0.28
endloop
endfacet
facet normal -0.0 0.0 1.0
outer loop
vertex -0.060676274578121046 0.04408389392193549 0.28
vertex -0.06332459441265113 0.040187009623424745 0.28
vertex -0.059948159283183595 0.043554887194872265 0.28
endloop
endfacet
facet normal 0.0 0.0 1.0
outer loop
vertex -0.059948159283183595 0.043554887194872265 0.28
vertex -0.06332459441265113 0.040187009623424745 0.28
vertex -0.06256469927969932 0.03970476550794365 0.28
endloop
endfacet
facet normal 0.827080574274561 -0.5620833778521317 0.0
outer loop
vertex -0.059948159283183595 0.043554887194872265 0.28
vertex -0.06256469927969932 0.03970476550794365 0.28
vertex -0.059948159283183595 0.043554887194872265 -0.28
endloop
endfacet
facet normal 0.827080574274561 -0.5620833778521317 0.0
outer loop
vertex -0.059948159283183595 0.043554887194872265 -0.28
vertex -0.06256469927969932 0.03970476550794365 0.28
vertex -0.06256469927969932 0.03970476550794365 -0.28
endloop
endfacet
facet normal -0.0 0.0 -1.0
outer loop
vertex -0.06256469927969932 0.03970476550794365 -0.28
vertex -0.06493432499125029 0.0356979472509371 -0.28
vertex -0.06332459441265113 0.040187009623424745 -0.28
endloop
endfacet
facet normal -0.0 0.0 -1.0
outer loop
vertex -0.06332459441265113 0.040187009623424745 -0.28
vertex -0.06493432499125029 0.0356979472509371 -0.28
vertex -0.06572300100328976 0.03613152555762864 -0.28
endloop
endfacet
facet normal -0.8607420270039446 0.5090414157503693 0.0
outer loop
vertex -0.06332459441265113 0.040187009623424745 -0.28
vertex -0.06572300100328976 0.03613152555762864 -0.28
vertex -0.06332459441265113 0.040187009623424745 0.28
endloop
endfacet
facet normal -0.8607420270039446 0.5090414157503693 0.0
outer loop
vertex -0.06332459441265113 0.040187009623424745 0.28
vertex -0.06572300100328976 0.03613152555762864 -0.28
vertex -0.06572300100328976 0.03613152555762864 0.28
endloop
endfacet
facet normal -0.0 0.0 1.0
outer loop
vertex -0.06332459441265113 0.040187009623424745 0.28
vertex -0.06572300100328976 0.03613152555762864 0.28
vertex -0.06256469927969932 0.03970476550794365 0.28
endloop
endfacet
facet normal 0.0 0.0 1.0
outer loop
vertex -0.06256469927969932 0.03970476550794365 0.28
vertex -0.06572300100328976 0.03613152555762864 0.28
vertex -0.06493432499125029 0.0356979472509371 0.28
endloop
endfacet
facet normal 0.8607420270039441 -0.5090414157503704 0.0
outer loop
vertex -0.06256469927969932 0.03970476550794365 0.28
vertex -0.06493432499125029 0.0356979472509371 0.28
vertex -0.06256469927969932 0.03970476550794365 -0.28
endloop
endfacet
facet normal 0.8607420270039441 -0.5090414157503704 0.0
outer loop
vertex -0.06256469927969932 0.03970476550794365 -0.28
vertex -0.06493432499125029 0.0356979472509371 0.28
vertex -0.06493432499125029 0.0356979472509371 -0.28
endloop
endfacet
facet normal -0.0 0.0 -1.0
outer loop
vertex -0.06493432499125029 0.0356979472509371 -0.28
vertex -0.06704768458773205 0.031550245504971874 -0.28
vertex -0.06572300100328976 0.03613152555762864 -0.28
endloop
endfacet
facet normal -0.0 0.0 -1.0
outer loop
vertex -0.06572300100328976 0.03613152555762864 -0.28
vertex -0.06704768458773205 0.031550245504971874 -0.28
vertex -0.06786202893495147 0.031933446867380436 -0.28
endloop
endfacet
facet normal -0.8910065241883672 0.453990499739548 0.0
outer loop
vertex -0.06572300100328976 0.03613152555762864 -0.28
vertex -0.06786202893495147 0.031933446867380436 -0.28
vertex -0.06572300100328976 0.03613152555762864 0.28
endloop
endfacet
facet normal -0.8910065241883672 0.453990499739548 0.0
outer loop
vertex -0.06572300100328976 0.03613152555762864 0.28
vertex -0.06786202893495147 0.031933446867380436 -0.28
vertex -0.06786202893495147 0.031933446867380436 0.28
endloop
endfacet
facet normal -0.0 0.0 1.0
outer loop
vertex -0.06572300100328976 0.03613152555762864 0.28
vertex -0.06786202893495147 0.031933446867380436 0.28
vertex -0.06493432499125029 0.0356979472509371 0.28
endloop
endfacet
facet normal 0.0 0.0 1.0
outer loop
vertex -0.06493432499125029 0.0356979472509371 0.28
vertex -0.06786202893495147 0.031933446867380436 0.28
vertex -0.06704768458773205 0.031550245504971874 0.28
endloop
endfacet
facet normal 0.8910065241883676 -0.4539904997395476 0.0
outer loop
vertex -0.06493432499125029 0.0356979472509371 0.28
vertex -0.06704768458773205 0.031550245504971874 0.28
vertex -0.06493432499125029 0.0356979472509371 -0.28
endloop
endfacet
facet normal 0.8910065241883676 -0.4539904997395476 0.0
outer loop
vertex -0.06493432499125029 0.0356979472509371 -0.28
vertex -0.06704768458773205 0.031550245504971874 0.28
vertex -0.06704768458773205 0.031550245504971874 -0.28
endloop
endfacet
facet normal -0.0 0.0 -1.0
outer loop
vertex -0.06704768458773205 0.031550245504971874 -0.28
vertex -0.06889643760431943 0.02727802935393462 -0.28
vertex -0.06786202893495147 0.031933446867380436 -0.28
endloop
endfacet
facet normal -0.0 0.0 -1.0
outer loop
vertex -0.06786202893495147 0.031933446867380436 -0.28
vertex -0.06889643760431943 0.02727802935393462 -0.28
vertex -0.06973323644161886 0.02760934145135083 -0.28
endloop
endfacet
facet normal -0.9177546256839815 0.39714789063478 0.0
outer loop
vertex -0.06786202893495147 0.031933446867380436 -0.28
vertex -0.06973323644161886 0.02760934145135083 -0.28
vertex -0.06786202893495147 0.031933446867380436 0.28
endloop
endfacet
facet normal -0.9177546256839815 0.39714789063478 0.0
outer loop
vertex -0.06786202893495147 0.031933446867380436 0.28
vertex -0.06973323644161886 0.02760934145135083 -0.28
vertex -0.06973323644161886 0.02760934145135083 0.28
endloop
endfacet
facet normal -0.0 0.0 1.0
outer loop
vertex -0.06786202893495147 0.031933446867380436 0.28
vertex -0.06973323644161886 0.02760934145135083 0.28
vertex -0.06704768458773205 0.031550245504971874 0.28
endloop
endfacet
facet normal 0.0 0.0 1.0
outer loop
vertex -0.06704768458773205 0.031550245504971874 0.28
vertex -0.06973323644161886 0.02760934145135083 0.28
vertex -0.06889643760431943 0.02727802935393462 0.28
endloop
endfacet
facet normal 0.9177546256839816 -0.3971478906347794 0.0
outer loop
vertex -0.06704768458773205 0.031550245504971874 0.28
vertex -0.06889643760431943 0.02727802935393462 0.28
vertex -0.06704768458773205 0.031550245504971874 -0.28
endloop
endfacet
facet normal 0.9177546256839816 -0.3971478906347794 0.0
outer loop
vertex -0.06704768458773205 0.031550245504971874 -0.28
vertex -0.06889643760431943 0.02727802935393462 0.28
vertex -0.06889643760431943 0.02727802935393462 -0.28
endloop
endfacet
facet normal -0.0 0.0 -0.9999999999999999
outer loop
vertex -0.06889643760431943 0.02727802935393462 -0.28
vertex -0.07047328785747088 0.022898159283183582 -0.28
vertex -0.06973323644161886 0.02760934145135083 -0.28
endloop
endfacet
facet normal -0.0 0.0 -1.0
outer loop
vertex -0.06973323644161886 0.02760934145135083 -0.28
vertex -0.07047328785747088 0.022898159283183582 -0.28
vertex -0.07132923872213652 0.023176274578121034 -0.28
endloop
endfacet
facet normal -0.9408807689542256 0.33873792024529115 0.0
outer loop
vertex -0.06973323644161886 0.02760934145135083 -0.28
vertex -0.07132923872213652 0.023176274578121034 -0.28
vertex -0.06973323644161886 0.02760934145135083 0.28
endloop
endfacet
facet normal -0.9408807689542256 0.33873792024529115 0.0
outer loop
vertex -0.06973323644161886 0.02760934145135083 0.28
vertex -0.07132923872213652 0.023176274578121034 -0.28
vertex -0.07132923872213652 0.023176274578121034 0.28
endloop
endfacet
facet normal -0.0 0.0 1.0
outer loop
vertex -0.06973323644161886 0.02760934145135083 0.28
vertex -0.07132923872213652 0.023176274578121034 0.28
vertex -0.06889643760431943 0.02727802935393462 0.28
endloop
endfacet
facet normal 0.0 0.0 1.0
outer loop
vertex -0.06889643760431943 0.02727802935393462 0.28
vertex -0.07132923872213652 0.023176274578121034 0.28
vertex -0.07047328785747088 0.022898159283183582 0.28
endloop
endfacet
facet normal 0.9408807689542257 -0.33873792024529065 0.0
outer loop
vertex -0.06889643760431943 0.02727802935393462 0.28
vertex -0.07047328785747088 0.022898159283183582 0.28
vertex -0.06889643760431943 0.02727802935393462 -0.28
endloop
endfacet
facet normal 0.9408807689542257 -0.33873792024529065 0.0
outer loop
vertex -0.06889643760431943 0.02727802935393462 -0.28
vertex -0.07047328785747088 0.022898159283183582 0.28
vertex -0.07047328785747088 0.022898159283183582 -0.28
endloop
endfacet
facet normal -0.0 0.0 -1.0
outer loop
vertex -0.07047328785747088 0.022898159283183582 -0.28
vertex -0.07177201223963156 0.018427920638915744 -0.28
vertex -0.07132923872213652 0.023176274578121034 -0.28
endloop
endfacet
facet normal -0.0 0.0 -1.0
outer loop
vertex -0.07132923872213652 0.023176274578121034 -0.28
vertex -0.07177201223963156 0.018427920638915744 -0.28
vertex -0.07264373708464733 0.01865174153736411 -0.28
endloop
endfacet
facet normal -0.960293685676943 0.27899110603922955 0.0
outer loop
vertex -0.07132923872213652 0.023176274578121034 -0.28
vertex -0.07264373708464733 0.01865174153736411 -0.28
vertex -0.07132923872213652 0.023176274578121034 0.28
endloop
endfacet
facet normal -0.960293685676943 0.27899110603922955 0.0
outer loop
vertex -0.07132923872213652 0.023176274578121034 0.28
vertex -0.07264373708464733 0.01865174153736411 -0.28
vertex -0.07264373708464733 0.01865174153736411 0.28
endloop
endfacet
facet normal -0.0 0.0 1.0
outer loop
vertex -0.07132923872213652 0.023176274578121034 0.28
vertex -0.07264373708464733 0.01865174153736411 0.28
vertex -0.07047328785747088 0.022898159283183582 0.28
endloop
endfacet
facet normal 0.0 0.0 1.0
outer loop
vertex -0.07047328785747088 0.022898159283183582 0.28
vertex -0.07264373708464733 0.01865174153736411 0.28
vertex -0.07177201223963156 0.018427920638915744 0.28
endloop
endfacet
facet normal 0.960293685676943 -0.27899110603922933 0.0
outer loop
vertex -0.07047328785747088 0.022898159283183582 0.28
vertex -0.07177201223963156 0.018427920638915744 0.28
vertex -0.07047328785747088 0.022898159283183582 -0.28
endloop
endfacet
facet normal 0.960293685676943 -0.27899110603922933 0.0
outer loop
vertex -0.07047328785747088 0.022898159283183582 -0.28
vertex -0.07177201223963156 0.018427920638915744 0.28
vertex -0.07177201223963156 0.018427920638915744 -0.28
endloop
endfacet
facet normal -0.0 0.0 -1.0
outer loop
vertex -0.07177201223963156 0.018427920638915744 -0.28
vertex -0.07278748527899584 0.01388495541080219 -0.28
vertex -0.07264373708464733 0.01865174153736411 -0.28
endloop
endfacet
facet normal -0.0 0.0 -1.0
outer loop
vertex -0.07264373708464733 0.01865174153736411 -0.28
vertex -0.07278748527899584 0.01388495541080219 -0.28
vertex -0.07367154380465166 0.014053598593929342 -0.28
endloop
endfacet
facet normal -0.9759167619387471 0.21814324139654406 0.0
outer loop
vertex -0.07264373708464733 0.01865174153736411 -0.28
vertex -0.07367154380465166 0.014053598593929342 -0.28
vertex -0.07264373708464733 0.01865174153736411 0.28
endloop
endfacet
facet normal -0.9759167619387471 0.21814324139654406 0.0
outer loop
vertex -0.07264373708464733 0.01865174153736411 0.28
vertex -0.07367154380465166 0.014053598593929342 -0.28
vertex -0.07367154380465166 0.014053598593929342 0.28
endloop
endfacet
facet normal -0.0 0.0 1.0
outer loop
vertex -0.07264373708464733 0.01865174153736411 0.28
vertex -0.07367154380465166 0.014053598593929342 0.28
vertex -0.07177201223963156 0.018427920638915744 0.28
endloop
endfacet
facet normal 0.0 0.0 1.0
outer loop
vertex -0.07177201223963156 0.018427920638915744 0.28
vertex -0.07367154380465166 0.014053598593929342 0.28
vertex -0.07278748527899584 0.01388495541080219 0.28
endloop
endfacet
facet normal 0.9759167619387469 -0.21814324139654484 0.0
outer loop
vertex -0.07177201223963156 0.018427920638915744 0.28
vertex -0.07278748527899584 0.01388495541080219 0.28
vertex -0.07177201223963156 0.018427920638915744 -0.28
endloop
endfacet
facet normal 0.9759167619387469 -0.21814324139654484 0.0
outer loop
vertex -0.07177201223963156 0.018427920638915744 -0.28
vertex -0.07278748527899584 0.01388495541080219 0.28
vertex -0.07278748527899584 0.01388495541080219 -0.28
endloop
endfacet
facet normal -0.0 0.0 -0.9999999999999999
outer loop
vertex -0.07278748527899584 0.01388495541080219 -0.28
vertex -0.0735156993674028 0.009287192607114933 -0.28
vertex -0.07367154380465166 0.014053598593929342 -0.28
endloop
endfacet
facet normal -0.0 -0.0 -1.0
outer loop
vertex -0.07367154380465166 0.014053598593929342 -0.28
vertex -0.0735156993674028 0.009287192607114933 -0.28
vertex -0.07440860259858584 0.009399992517322807 -0.28
endloop
endfacet
facet normal -0.9876883405951378 0.1564344650402296 0.0
outer loop
vertex -0.07367154380465166 0.014053598593929342 -0.28
vertex -0.07440860259858584 0.009399992517322807 -0.28
vertex -0.07367154380465166 0.014053598593929342 0.28
endloop
endfacet
facet normal -0.9876883405951378 0.1564344650402296 0.0
outer loop
vertex -0.07367154380465166 0.014053598593929342 0.28
vertex -0.07440860259858584 0.009399992517322807 -0.28
vertex -0.07440860259858584 0.009399992517322807 0.28
endloop
endfacet
facet normal -0.0 0.0 1.0
outer loop
vertex -0.07367154380465166 0.014053598593929342 0.28
vertex -0.07440860259858584 0.009399992517322807 0.28
vertex -0.07278748527899584 0.01388495541080219 0.28
endloop
endfacet
facet normal 0.0 0.0 1.0
outer loop
vertex -0.07278748527899584 0.01388495541080219 0.28
vertex -0.07440860259858584 0.009399992517322807 0.28
vertex -0.0735156993674028 0.009287192607114933 0.28
endloop
endfacet
facet normal 0.9876883405951381 -0.15643446504022876 0.0
outer loop
vertex -0.07278748527899584 0.01388495541080219 0.28
vertex -0.0735156993674028 0.009287192607114933 0.28
vertex -0.07278748527899584 0.01388495541080219 -0.28
endloop
endfacet
facet normal 0.9876883405951381 -0.15643446504022876 0.0
outer loop
vertex -0.07278748527899584 0.01388495541080219 -0.28
vertex -0.0735156993674028 0.009287192607114933 0.28
vertex -0.0735156993674028 0.009287192607114933 -0.28
endloop
endfacet
facet normal -0.0 0.0 -1.0
outer loop
vertex -0.0735156993674028 0.009287192607114933 -0.28
vertex -0.07395378057653493 0.004652777497122103 -0.28
vertex -0.07440860259858584 0.009399992517322807 -0.28
endloop
endfacet
facet normal -0.0 -0.0 -1.0
outer loop
vertex -0.07440860259858584 0.009399992517322807 -0.28
vertex -0.07395378057653493 0.004652777497122103 -0.28
vertex -0.07485200463212037 0.004709288964698485 -0.28
endloop
endfacet
facet normal -0.99556196460308 0.0941083133185146 0.0
outer loop
vertex -0.07440860259858584 0.009399992517322807 -0.28
vertex -0.07485200463212037 0.004709288964698485 -0.28
vertex -0.07440860259858584 0.009399992517322807 0.28
endloop
endfacet
facet normal -0.99556196460308 0.0941083133185146 0.0
outer loop
vertex -0.07440860259858584 0.009399992517322807 0.28
vertex -0.07485200463212037 0.004709288964698485 -0.28
vertex -0.07485200463212037 0.004709288964698485 0.28
endloop
endfacet
facet normal -0.0 0.0 1.0
outer loop
vertex -0.07440860259858584 0.009399992517322807 0.28
vertex -0.07485200463212037 0.004709288964698485 0.28
vertex -0.0735156993674028 0.009287192607114933 0.28
endloop
endfacet
facet normal 0.0 0.0 1.0
outer loop
vertex -0.0735156993674028 0.009287192607114933 0.28
vertex -0.07485200463212037 0.004709288964698485 0.28
vertex -0.07395378057653493 0.004652777497122103 0.28
endloop
endfacet
facet normal 0.9955619646030799 -0.09410831331851544 0.0
outer loop
vertex -0.0735156993674028 0.009287192607114933 0.28
vertex -0.07395378057653493 0.004652777497122103 0.28
vertex -0.0735156993674028 0.009287192607114933 -0.28
endloop
endfacet
facet normal 0.9955619646030799 -0.09410831331851544 0.0
outer loop
vertex -0.0735156993674028 0.009287192607114933 -0.28
vertex -0.07395378057653493 0.004652777497122103 0.28
vertex -0.07395378057653493 0.004652777497122103 -0.28
endloop
endfacet
facet normal -0.0 0.0 -1.0
outer loop
vertex -0.07395378057653493 0.004652777497122103 -0.28
vertex -0.0741 -2.3832377668207754e-17 -0.28
vertex -0.07485200463212037 0.004709288964698485 -0.28
endloop
endfacet
facet normal 0.0 -0.0 -1.0
outer loop
vertex -0.07485200463212037 0.004709288964698485 -0.28
vertex -0.0741 -2.3832377668207754e-17 -0.28
vertex -0.075 -2.4121839745149548e-17 -0.28
endloop
endfacet
facet normal -0.9995065603657316 0.031410759078127126 0.0
outer loop
vertex -0.07485200463212037 0.004709288964698485 -0.28
vertex -0.075 -2.4121839745149548e-17 -0.28
vertex -0.07485200463212037 0.004709288964698485 0.28
endloop
endfacet
facet normal -0.9995065603657316 0.031410759078127126 0.0
outer loop
vertex -0.07485200463212037 0.004709288964698485 0.28
vertex -0.075 -2.4121839745149548e-17 -0.28
vertex -0.075 -2.4121839745149548e-17 0.28
endloop
endfacet
facet normal -0.0 0.0 1.0
outer loop
vertex -0.07485200463212037 0.004709288964698485 0.28
vertex -0.075 -2.4121839745149548e-17 0.28
vertex -0.07395378057653493 0.004652777497122103 0.28
endloop
endfacet
facet normal -0.0 0.0 1.0
outer loop
vertex -0.07395378057653493 0.004652777497122103 0.28
vertex -0.075 -2.4121839745149548e-17 0.28
vertex -0.0741 -2.3832377668207754e-17 0.28
endloop
endfacet
facet normal 0.9995065603657316 -0.03141075907812703 0.0
outer loop
vertex -0.07395378057653493 0.004652777497122103 0.28
vertex -0.0741 -2.3832377668207754e-17 0.28
vertex -0.07395378057653493 0.004652777497122103 -0.28
endloop
endfacet
facet normal 0.9995065603657316 -0.03141075907812703 0.0
outer loop
vertex -0.07395378057653493 0.004652777497122103 -0.28
vertex -0.0741 -2.3832377668207754e-17 0.28
vertex -0.0741 -2.3832377668207754e-17 -0.28
endloop
endfacet
facet normal -0.0 -0.0 -1.0
outer loop
vertex -0.0741 -2.3832377668207754e-17 -0.28
vertex -0.07395378057653493 -0.004652777497122119 -0.28
vertex -0.075 -2.4121839745149548e-17 -0.28
endloop
endfacet
facet normal 0.0 -0.0 -0.9999999999999999
outer loop
vertex -0.075 -2.4121839745149548e-17 -0.28
vertex -0.07395378057653493 -0.004652777497122119 -0.28
vertex -0.07485200463212037 -0.004709288964698501 -0.28
endloop
endfacet
facet normal -0.9995065603657316 -0.03141075907812735 0.0
outer loop
vertex -0.075 -2.4121839745149548e-17 -0.28
vertex -0.07485200463212037 -0.004709288964698501 -0.28
vertex -0.075 -2.4121839745149548e-17 0.28
endloop
endfacet
facet normal -0.9995065603657316 -0.03141075907812735 0.0
outer loop
vertex -0.075 -2.4121839745149548e-17 0.28
vertex -0.07485200463212037 -0.004709288964698501 -0.28
vertex -0.07485200463212037 -0.004709288964698501 0.28
endloop
endfacet
facet normal -0.0 0.0 1.0
outer loop
vertex -0.075 -2.4121839745149548e-17 0.28
vertex -0.07485200463212037 -0.004709288964698501 0.28
vertex -0.0741 -2.3832377668207754e-17 0.28
endloop
endfacet
facet normal -0.0 0.0 1.0
outer loop
vertex -0.0741 -2.3832377668207754e-17 0.28
vertex -0.07485200463212037 -0.004709288964698501 0.28
vertex -0.07395378057653493 -0.004652777497122119 0.28
endloop
endfacet
facet normal 0.9995065603657316 0.031410759078127244 0.0
outer loop
vertex -0.0741 -2.3832377668207754e-17 0.28
vertex -0.07395378057653493 -0.004652777497122119 0.28
vertex -0.0741 -2.3832377668207754e-17 -0.28
endloop
endfacet
facet normal 0.9995065603657316 0.031410759078127244 0.0
outer loop
vertex -0.0741 -2.3832377668207754e-17 -0.28
vertex -0.07395378057653493 -0.004652777497122119 0.28
vertex -0.07395378057653493 -0.004652777497122119 -0.28
endloop
endfacet
facet normal -0.0 -0.0 -0.9999999999999999
outer loop
vertex -0.07395378057653493 -0.004652777497122119 -0.28
vertex -0.0735156993674028 -0.009287192607114948 -0.28
vertex -0.07485200463212037 -0.004709288964698501 -0.28
endloop
endfacet
facet normal 0.0 -0.0 -1.0
outer loop
vertex -0.07485200463212037 -0.004709288964698501 -0.28
vertex -0.0735156993674028 -0.009287192607114948 -0.28
vertex -0.07440860259858584 -0.009399992517322821 -0.28
endloop
endfacet
facet normal -0.99556196460308 -0.09410831331851463 0.0
outer loop
vertex -0.07485200463212037 -0.004709288964698501 -0.28
vertex -0.07440860259858584 -0.009399992517322821 -0.28
vertex -0.07485200463212037 -0.004709288964698501 0.28
endloop
endfacet
facet normal -0.99556196460308 -0.09410831331851463 0.0
outer loop
vertex -0.07485200463212037 -0.004709288964698501 0.28
vertex -0.07440860259858584 -0.009399992517322821 -0.28
vertex -0.07440860259858584 -0.009399992517322821 0.28
endloop
endfacet
facet normal -0.0 0.0 1.0
outer loop
vertex -0.07485200463212037 -0.004709288964698501 0.28
vertex -0.07440860259858584 -0.009399992517322821 0.28
vertex -0.07395378057653493 -0.004652777497122119 0.28
endloop
endfacet
facet normal -0.0 0.0 1.0
outer loop
vertex -0.07395378057653493 -0.004652777497122119 0.28
vertex -0.07440860259858584 -0.009399992517322821 0.28
vertex -0.0735156993674028 -0.009287192607114948 0.28
endloop
endfacet
facet normal 0.9955619646030799 0.09410831331851544 0.0
outer loop
vertex -0.07395378057653493 -0.004652777497122119 0.28
vertex -0.0735156993674028 -0.009287192607114948 0.28
vertex -0.07395378057653493 -0.004652777497122119 -0.28
endloop
endfacet
facet normal 0.9955619646030799 0.09410831331851544 0.0
outer loop
vertex -0.07395378057653493 -0.004652777497122119 -0.28
vertex -0.0735156993674028 -0.009287192607114948 0.28
vertex -0.0735156993674028 -0.009287192607114948 -0.28
endloop
endfacet
facet normal -0.0 -0.0 -1.0
outer loop
vertex -0.0735156993674028 -0.009287192607114948 -0.28
vertex -0.07278748527899583 -0.013884955410802206 -0.28
vertex -0.07440860259858584 -0.009399992517322821 -0.28
endloop
endfacet
facet normal 0.0 -0.0 -1.0
outer loop
vertex -0.07440860259858584 -0.009399992517322821 -0.28
vertex -0.07278748527899583 -0.013884955410802206 -0.28
vertex -0.07367154380465164 -0.014053598593929358 -0.28
endloop
endfacet
facet normal -0.9876883405951375 -0.15643446504023245 0.0
outer loop
vertex -0.07440860259858584 -0.009399992517322821 -0.28
vertex -0.07367154380465164 -0.014053598593929358 -0.28
vertex -0.07440860259858584 -0.009399992517322821 0.28
endloop
endfacet
facet normal -0.9876883405951375 -0.15643446504023245 0.0
outer loop
vertex -0.07440860259858584 -0.009399992517322821 0.28
vertex -0.07367154380465164 -0.014053598593929358 -0.28
vertex -0.07367154380465164 -0.014053598593929358 0.28
endloop
endfacet
facet normal -0.0 0.0 1.0
outer loop
vertex -0.07440860259858584 -0.009399992517322821 0.28
vertex -0.07367154380465164 -0.014053598593929358 0.28
vertex -0.0735156993674028 -0.009287192607114948 0.28
endloop
endfacet
facet normal -0.0 0.0 1.0
outer loop
vertex -0.0735156993674028 -0.009287192607114948 0.28
vertex -0.07367154380465164 -0.014053598593929358 0.28
vertex -0.07278748527899583 -0.013884955410802206 0.28
endloop
endfacet
facet normal 0.9876883405951377 0.15643446504023167 0.0
outer loop
vertex -0.0735156993674028 -0.009287192607114948 0.28
vertex -0.07278748527899583 -0.013884955410802206 0.28
vertex -0.0735156993674028 -0.009287192607114948 -0.28
endloop
endfacet
facet normal 0.9876883405951377 0.15643446504023167 0.0
outer loop
vertex -0.0735156993674028 -0.009287192607114948 -0.28
vertex -0.07278748527899583 -0.013884955410802206 0.28
vertex -0.07278748527899583 -0.013884955410802206 -0.28
endloop
endfacet
facet normal -0.0 -0.0 -1.0
outer loop
vertex -0.07278748527899583 -0.013884955410802206 -0.28
vertex -0.07177201223963156 -0.018427920638915758 -0.28
vertex -0.07367154380465164 -0.014053598593929358 -0.28
endloop
endfacet
facet normal 0.0 -0.0 -1.0
outer loop
vertex -0.07367154380465164 -0.014053598593929358 -0.28
vertex -0.07177201223963156 -0.018427920638915758 -0.28
vertex -0.07264373708464733 -0.018651741537364125 -0.28
endloop
endfacet
facet normal -0.9759167619387475 -0.2181432413965413 0.0
outer loop
vertex -0.07367154380465164 -0.014053598593929358 -0.28
vertex -0.07264373708464733 -0.018651741537364125 -0.28
vertex -0.07367154380465164 -0.014053598593929358 0.28
endloop
endfacet
facet normal -0.9759167619387475 -0.2181432413965413 0.0
outer loop
vertex -0.07367154380465164 -0.014053598593929358 0.28
vertex -0.07264373708464733 -0.018651741537364125 -0.28
vertex -0.07264373708464733 -0.018651741537364125 0.28
endloop
endfacet
facet normal -0.0 -0.0 1.0
outer loop
vertex -0.07367154380465164 -0.014053598593929358 0.28
vertex -0.07264373708464733 -0.018651741537364125 0.28
vertex -0.07278748527899583 -0.013884955410802206 0.28
endloop
endfacet
facet normal -0.0 0.0 1.0
outer loop
vertex -0.07278748527899583 -0.013884955410802206 0.28
vertex -0.07264373708464733 -0.018651741537364125 0.28
vertex -0.07177201223963156 -0.018427920638915758 0.28
endloop
endfacet
facet normal 0.9759167619387475 0.21814324139654212 0.0
outer loop
vertex -0.07278748527899583 -0.013884955410802206 0.28
vertex -0.07177201223963156 -0.018427920638915758 0.28
vertex -0.07278748527899583 -0.013884955410802206 -0.28
endloop
endfacet
facet normal 0.9759167619387475 0.21814324139654212 0.0
outer loop
vertex -0.07278748527899583 -0.013884955410802206 -0.28
vertex -0.07177201223963156 -0.018427920638915758 0.28
vertex -0.07177201223963156 -0.018427920638915758 -0.28
endloop
endfacet
facet normal -0.0 -0.0 -1.0
outer loop
vertex -0.07177201223963156 -0.018427920638915758 -0.28
vertex -0.07047328785747088 -0.022898159283183627 -0.28
vertex -0.07264373708464733 -0.018651741537364125 -0.28
endloop
endfacet
facet normal 0.0 -0.0 -1.0
outer loop
vertex -0.07264373708464733 -0.018651741537364125 -0.28
vertex -0.07047328785747088 -0.022898159283183627 -0.28
vertex -0.0713292387221365 -0.02317627457812108 -0.28
endloop
endfacet
facet normal -0.9602936856769427 -0.27899110603923044 0.0
outer loop
vertex -0.07264373708464733 -0.018651741537364125 -0.28
vertex -0.0713292387221365 -0.02317627457812108 -0.28
vertex -0.07264373708464733 -0.018651741537364125 0.28
endloop
endfacet
facet normal -0.9602936856769427 -0.27899110603923044 0.0
outer loop
vertex -0.07264373708464733 -0.018651741537364125 0.28
vertex -0.0713292387221365 -0.02317627457812108 -0.28
vertex -0.0713292387221365 -0.02317627457812108 0.28
endloop
endfacet
facet normal -0.0 -0.0 1.0
outer loop
vertex -0.07264373708464733 -0.018651741537364125 0.28
vertex -0.0713292387221365 -0.02317627457812108 0.28
vertex -0.07177201223963156 -0.018427920638915758 0.28
endloop
endfacet
facet normal -0.0 0.0 1.0
outer loop
vertex -0.07177201223963156 -0.018427920638915758 0.28
vertex -0.0713292387221365 -0.02317627457812108 0.28
vertex -0.07047328785747088 -0.022898159283183627 0.28
endloop
endfacet
facet normal 0.9602936856769435 0.2789911060392275 0.0
outer loop
vertex -0.07177201223963156 -0.018427920638915758 0.28
vertex -0.07047328785747088 -0.022898159283183627 0.28
vertex -0.07177201223963156 -0.018427920638915758 -0.28
endloop
endfacet
facet normal 0.9602936856769435 0.2789911060392275 0.0
outer loop
vertex -0.07177201223963156 -0.018427920638915758 -0.28
vertex -0.07047328785747088 -0.022898159283183627 0.28
vertex -0.07047328785747088 -0.022898159283183627 -0.28
endloop
endfacet
facet normal -0.0 -0.0 -1.0
outer loop
vertex -0.07047328785747088 -0.022898159283183627 -0.28
vertex -0.06889643760431942 -0.02727802935393466 -0.28
vertex -0.0713292387221365 -0.02317627457812108 -0.28
endloop
endfacet
facet normal 0.0 -0.0 -1.0
outer loop
vertex -0.0713292387221365 -0.02317627457812108 -0.28
vertex -0.06889643760431942 -0.02727802935393466 -0.28
vertex -0.06973323644161884 -0.027609341451350872 -0.28
endloop
endfacet
facet normal -0.9408807689542255 -0.33873792024529137 0.0
outer loop
vertex -0.0713292387221365 -0.02317627457812108 -0.28
vertex -0.06973323644161884 -0.027609341451350872 -0.28
vertex -0.0713292387221365 -0.02317627457812108 0.28
endloop
endfacet
facet normal -0.9408807689542255 -0.33873792024529137 0.0
outer loop
vertex -0.0713292387221365 -0.02317627457812108 0.28
vertex -0.06973323644161884 -0.027609341451350872 -0.28
vertex -0.06973323644161884 -0.027609341451350872 0.28
endloop
endfacet
facet normal -0.0 -0.0 1.0
outer loop
vertex -0.0713292387221365 -0.02317627457812108 0.28
vertex -0.06973323644161884 -0.027609341451350872 0.28
vertex -0.07047328785747088 -0.022898159283183627 0.28
endloop
endfacet
facet normal -0.0 0.0 1.0
outer loop
vertex -0.07047328785747088 -0.022898159283183627 0.28
vertex -0.06973323644161884 -0.027609341451350872 0.28
vertex -0.06889643760431942 -0.02727802935393466 0.28
endloop
endfacet
facet normal 0.9408807689542247 0.33873792024529353 0.0
outer loop
vertex -0.07047328785747088 -0.022898159283183627 0.28
vertex -0.06889643760431942 -0.02727802935393466 0.28
vertex -0.07047328785747088 -0.022898159283183627 -0.28
endloop
endfacet
facet normal 0.9408807689542247 0.33873792024529353 0.0
outer loop
vertex -0.07047328785747088 -0.022898159283183627 -0.28
vertex -0.06889643760431942 -0.02727802935393466 0.28
vertex -0.06889643760431942 -0.02727802935393466 -0.28
endloop
endfacet
facet normal -0.0 -0.0 -1.0
outer loop
vertex -0.06889643760431942 -0.02727802935393466 -0.28
vertex -0.06704768458773204 -0.03155024550497188 -0.28
vertex -0.06973323644161884 -0.027609341451350872 -0.28
endloop
endfacet
facet normal 0.0 -0.0 -1.0
outer loop
vertex -0.06973323644161884 -0.027609341451350872 -0.28
vertex -0.06704768458773204 -0.03155024550497188 -0.28
vertex -0.06786202893495145 -0.03193344686738045 -0.28
endloop
endfacet
facet normal -0.9177546256839805 -0.3971478906347821 0.0
outer loop
vertex -0.06973323644161884 -0.027609341451350872 -0.28
vertex -0.06786202893495145 -0.03193344686738045 -0.28
vertex -0.06973323644161884 -0.027609341451350872 0.28
endloop
endfacet
facet normal -0.9177546256839805 -0.3971478906347821 0.0
outer loop
vertex -0.06973323644161884 -0.027609341451350872 0.28
vertex -0.06786202893495145 -0.03193344686738045 -0.28
vertex -0.06786202893495145 -0.03193344686738045 0.28
endloop
endfacet
facet normal -0.0 -0.0 1.0
outer loop
vertex -0.06973323644161884 -0.027609341451350872 0.28
vertex -0.06786202893495145 -0.03193344686738045 0.28
vertex -0.06889643760431942 -0.02727802935393466 0.28
endloop
endfacet
facet normal -0.0 0.0 1.0
outer loop
vertex -0.06889643760431942 -0.02727802935393466 0.28
vertex -0.06786202893495145 -0.03193344686738045 0.28
vertex -0.06704768458773204 -0.03155024550497188 0.28
endloop
endfacet
facet normal 0.9177546256839804 0.3971478906347821 0.0
outer loop
vertex -0.06889643760431942 -0.02727802935393466 0.28
vertex -0.06704768458773204 -0.03155024550497188 0.28
vertex -0.06889643760431942 -0.02727802935393466 -0.28
endloop
endfacet
facet normal 0.9177546256839804 0.3971478906347821 0.0
outer loop
vertex -0.06889643760431942 -0.02727802935393466 -0.28
vertex -0.06704768458773204 -0.03155024550497188 0.28
vertex -0.06704768458773204 -0.03155024550497188 -0.28
endloop
endfacet
facet normal -0.0 -0.0 -1.0
outer loop
vertex -0.06704768458773204 -0.03155024550497188 -0.28
vertex -0.06493432499125028 -0.03569794725093711 -0.28
vertex -0.06786202893495145 -0.03193344686738045 -0.28
endloop
endfacet
facet normal 0.0 -0.0 -1.0
outer loop
vertex -0.06786202893495145 -0.03193344686738045 -0.28
vertex -0.06493432499125028 -0.03569794725093711 -0.28
vertex -0.06572300100328976 -0.03613152555762865 -0.28
endloop
endfacet
facet normal -0.8910065241883682 -0.45399049973954636 0.0
outer loop
vertex -0.06786202893495145 -0.03193344686738045 -0.28
vertex -0.06572300100328976 -0.03613152555762865 -0.28
vertex -0.06786202893495145 -0.03193344686738045 0.28
endloop
endfacet
facet normal -0.8910065241883682 -0.45399049973954636 0.0
outer loop
vertex -0.06786202893495145 -0.03193344686738045 0.28
vertex -0.06572300100328976 -0.03613152555762865 -0.28
vertex -0.06572300100328976 -0.03613152555762865 0.28
endloop
endfacet
facet normal -0.0 -0.0 1.0
outer loop
vertex -0.06786202893495145 -0.03193344686738045 0.28
vertex -0.06572300100328976 -0.03613152555762865 0.28
vertex -0.06704768458773204 -0.03155024550497188 0.28
endloop
endfacet
facet normal -0.0 0.0 1.0
outer loop
vertex -0.06704768458773204 -0.03155024550497188 0.28
vertex -0.06572300100328976 -0.03613152555762865 0.28
vertex -0.06493432499125028 -0.03569794725093711 0.28
endloop
endfacet
facet normal 0.8910065241883679 0.45399049973954697 0.0
outer loop
vertex -0.06704768458773204 -0.03155024550497188 0.28
vertex -0.06493432499125028 -0.03569794725093711 0.28
vertex -0.06704768458773204 -0.03155024550497188 -0.28
endloop
endfacet
facet normal 0.8910065241883679 0.45399049973954697 0.0
outer loop
vertex -0.06704768458773204 -0.03155024550497188 -0.28
vertex -0.06493432499125028 -0.03569794725093711 0.28
vertex -0.06493432499125028 -0.03569794725093711 -0.28
endloop
endfacet
facet normal -0.0 -0.0 -1.0
outer loop
vertex -0.06493432499125028 -0.03569794725093711 -0.28
vertex -0.0625646992796993 -0.03970476550794366 -0.28
vertex -0.06572300100328976 -0.03613152555762865 -0.28
endloop
endfacet
facet normal 0.0 -0.0 -1.0
outer loop
vertex -0.06572300100328976 -0.03613152555762865 -0.28
vertex -0.0625646992796993 -0.03970476550794366 -0.28
vertex -0.06332459441265112 -0.04018700962342476 -0.28
endloop
endfacet
facet normal -0.860742027003944 -0.509041415750371 0.0
outer loop
vertex -0.06572300100328976 -0.03613152555762865 -0.28
vertex -0.06332459441265112 -0.04018700962342476 -0.28
vertex -0.06572300100328976 -0.03613152555762865 0.28
endloop
endfacet
facet normal -0.860742027003944 -0.509041415750371 0.0
outer loop
vertex -0.06572300100328976 -0.03613152555762865 0.28
vertex -0.06332459441265112 -0.04018700962342476 -0.28
vertex -0.06332459441265112 -0.04018700962342476 0.28
endloop
endfacet
facet normal -0.0 -0.0 1.0
outer loop
vertex -0.06572300100328976 -0.03613152555762865 0.28
vertex -0.06332459441265112 -0.04018700962342476 0.28
vertex -0.06493432499125028 -0.03569794725093711 0.28
endloop
endfacet
facet normal -0.0 0.0 1.0
outer loop
vertex -0.06493432499125028 -0.03569794725093711 0.28
vertex -0.06332459441265112 -0.04018700962342476 0.28
vertex -0.0625646992796993 -0.03970476550794366 0.28
endloop
endfacet
facet normal 0.8607420270039441 0.5090414157503704 0.0
outer loop
vertex -0.06493432499125028 -0.03569794725093711 0.28
vertex -0.0625646992796993 -0.03970476550794366 0.28
vertex -0.06493432499125028 -0.03569794725093711 -0.28
endloop
endfacet
facet normal 0.8607420270039441 0.5090414157503704 0.0
outer loop
vertex -0.06493432499125028 -0.03569794725093711 -0.28
vertex -0.0625646992796993 -0.03970476550794366 0.28
vertex -0.0625646992796993 -0.03970476550794366 -0.28
endloop
endfacet
facet normal -0.0 -0.0 -1.0
outer loop
vertex -0.0625646992796993 -0.03970476550794366 -0.28
vertex -0.05994815928318359 -0.04355488719487228 -0.28
vertex -0.06332459441265112 -0.04018700962342476 -0.28
endloop
endfacet
facet normal 0.0 -0.0 -1.0
outer loop
vertex -0.06332459441265112 -0.04018700962342476 -0.28
vertex -0.05994815928318359 -0.04355488719487228 -0.28
vertex -0.06067627457812104 -0.0440838939219355 -0.28
endloop
endfacet
facet normal -0.8270805742745612 -0.5620833778521312 0.0
outer loop
vertex -0.06332459441265112 -0.04018700962342476 -0.28
vertex -0.06067627457812104 -0.0440838939219355 -0.28
vertex -0.06332459441265112 -0.04018700962342476 0.28
endloop
endfacet
facet normal -0.8270805742745612 -0.5620833778521312 0.0
outer loop
vertex -0.06332459441265112 -0.04018700962342476 0.28
vertex -0.06067627457812104 -0.0440838939219355 -0.28
vertex -0.06067627457812104 -0.0440838939219355 0.28
endloop
endfacet
facet normal -0.0 -0.0 1.0
outer loop
vertex -0.06332459441265112 -0.04018700962342476 0.28
vertex -0.06067627457812104 -0.0440838939219355 0.28
vertex -0.0625646992796993 -0.03970476550794366 0.28
endloop
endfacet
facet normal -0.0 0.0 1.0
outer loop
vertex -0.0625646992796993 -0.03970476550794366 0.28
vertex -0.06067627457812104 -0.0440838939219355 0.28
vertex -0.05994815928318359 -0.04355488719487228 0.28
endloop
endfacet
facet normal 0.8270805742745617 0.5620833778521306 0.0
outer loop
vertex -0.0625646992796993 -0.03970476550794366 0.28
vertex -0.05994815928318359 -0.04355488719487228 0.28
vertex -0.0625646992796993 -0.03970476550794366 -0.28
endloop
endfacet
facet normal 0.8270805742745617 0.5620833778521306 0.0
outer loop
vertex -0.0625646992796993 -0.03970476550794366 -0.28
vertex -0.05994815928318359 -0.04355488719487228 0.28
vertex -0.05994815928318359 -0.04355488719487228 -0.28
endloop
endfacet
facet normal -0.0 -0.0 -1.0
outer loop
vertex -0.05994815928318359 -0.04355488719487228 -0.28
vertex -0.05709503128968597 -0.04723311764037793 -0.28
vertex -0.06067627457812104 -0.0440838939219355 -0.28
endloop
endfacet
facet normal 0.0 -0.0 -1.0
outer loop
vertex -0.06067627457812104 -0.0440838939219355 -0.28
vertex -0.05709503128968597 -0.04723311764037793 -0.28
vertex -0.057788493208184175 -0.04780679923115175 -0.28
endloop
endfacet
facet normal -0.7901550123756907 -0.6129070536529762 0.0
outer loop
vertex -0.06067627457812104 -0.0440838939219355 -0.28
vertex -0.057788493208184175 -0.04780679923115175 -0.28
vertex -0.06067627457812104 -0.0440838939219355 0.28
endloop
endfacet
facet normal -0.7901550123756907 -0.6129070536529762 0.0
outer loop
vertex -0.06067627457812104 -0.0440838939219355 0.28
vertex -0.057788493208184175 -0.04780679923115175 -0.28
vertex -0.057788493208184175 -0.04780679923115175 0.28
endloop
endfacet
facet normal -0.0 -0.0 0.9999999999999999
outer loop
vertex -0.06067627457812104 -0.0440838939219355 0.28
vertex -0.057788493208184175 -0.04780679923115175 0.28
vertex -0.05994815928318359 -0.04355488719487228 0.28
endloop
endfacet
facet normal -0.0 0.0 1.0
outer loop
vertex -0.05994815928318359 -0.04355488719487228 0.28
vertex -0.057788493208184175 -0.04780679923115175 0.28
vertex -0.05709503128968597 -0.04723311764037793 0.28
endloop
endfacet
facet normal 0.7901550123756906 0.6129070536529763 0.0
outer loop
vertex -0.05994815928318359 -0.04355488719487228 0.28
vertex -0.05709503128968597 -0.04723311764037793 0.28
vertex -0.05994815928318359 -0.04355488719487228 -0.28
endloop
endfacet
facet normal 0.7901550123756906 0.6129070536529763 0.0
outer loop
vertex -0.05994815928318359 -0.04355488719487228 -0.28
vertex -0.05709503128968597 -0.04723311764037793 0.28
vertex -0.05709503128968597 -0.04723311764037793 -0.28
endloop
endfacet
facet normal -0.0 -0.0 -1.0
outer loop
vertex -0.05709503128968597 -0.04723311764037793 -0.28
vertex -0.0540165752919266 -0.05072494054931583 -0.28
vertex -0.057788493208184175 -0.04780679923115175 -0.28
endloop
endfacet
facet normal 0.0 -0.0 -1.0
outer loop
vertex -0.057788493208184175 -0.04780679923115175 -0.28
vertex -0.0540165752919266 -0.05072494054931583 -0.28
vertex -0.054672647056605864 -0.05134103294465165 -0.28
endloop
endfacet
facet normal -0.7501110696304596 -0.6613118653236518 0.0
outer loop
vertex -0.057788493208184175 -0.04780679923115175 -0.28
vertex -0.054672647056605864 -0.05134103294465165 -0.28
vertex -0.057788493208184175 -0.04780679923115175 0.28
endloop
endfacet
facet normal -0.7501110696304596 -0.6613118653236518 0.0
outer loop
vertex -0.057788493208184175 -0.04780679923115175 0.28
vertex -0.054672647056605864 -0.05134103294465165 -0.28
vertex -0.054672647056605864 -0.05134103294465165 0.28
endloop
endfacet
facet normal -0.0 -0.0 1.0
outer loop
vertex -0.057788493208184175 -0.04780679923115175 0.28
vertex -0.054672647056605864 -0.05134103294465165 0.28
vertex -0.05709503128968597 -0.04723311764037793 0.28
endloop
endfacet
facet normal -0.0 0.0 1.0
outer loop
vertex -0.05709503128968597 -0.04723311764037793 0.28
vertex -0.054672647056605864 -0.05134103294465165 0.28
vertex -0.0540165752919266 -0.05072494054931583 0.28
endloop
endfacet
facet normal 0.7501110696304596 0.6613118653236517 0.0
outer loop
vertex -0.05709503128968597 -0.04723311764037793 0.28
vertex -0.0540165752919266 -0.05072494054931583 0.28
vertex -0.05709503128968597 -0.04723311764037793 -0.28
endloop
endfacet
facet normal 0.7501110696304596 0.6613118653236517 0.0
outer loop
vertex -0.05709503128968597 -0.04723311764037793 -0.28
vertex -0.0540165752919266 -0.05072494054931583 0.28
vertex -0.0540165752919266 -0.05072494054931583 -0.28
endloop
endfacet
facet normal -0.0 -0.0 -1.0
outer loop
vertex -0.0540165752919266 -0.05072494054931583 -0.28
vertex -0.050724940549315825 -0.0540165752919266 -0.28
vertex -0.054672647056605864 -0.05134103294465165 -0.28
endloop
endfacet
facet normal 0.0 -0.0 -1.0
outer loop
vertex -0.054672647056605864 -0.05134103294465165 -0.28
vertex -0.050724940549315825 -0.0540165752919266 -0.28
vertex -0.05134103294465164 -0.054672647056605864 -0.28
endloop
endfacet
facet normal -0.7071067811865468 -0.7071067811865483 0.0
outer loop
vertex -0.054672647056605864 -0.05134103294465165 -0.28
vertex -0.05134103294465164 -0.054672647056605864 -0.28
vertex -0.054672647056605864 -0.05134103294465165 0.28
endloop
endfacet
facet normal -0.7071067811865468 -0.7071067811865483 0.0
outer loop
vertex -0.054672647056605864 -0.05134103294465165 0.28
vertex -0.05134103294465164 -0.054672647056605864 -0.28
vertex -0.05134103294465164 -0.054672647056605864 0.28
endloop
endfacet
facet normal -0.0 -0.0 0.9999999999999999
outer loop
vertex -0.054672647056605864 -0.05134103294465165 0.28
vertex -0.05134103294465164 -0.054672647056605864 0.28
vertex -0.0540165752919266 -0.05072494054931583 0.28
endloop
endfacet
facet normal -0.0 0.0 1.0
outer loop
vertex -0.0540165752919266 -0.05072494054931583 0.28
vertex -0.05134103294465164 -0.054672647056605864 0.28
vertex -0.050724940549315825 -0.0540165752919266 0.28
endloop
endfacet
facet normal 0.7071067811865468 0.7071067811865482 0.0
outer loop
vertex -0.0540165752919266 -0.05072494054931583 0.28
vertex -0.050724940549315825 -0.0540165752919266 0.28
vertex -0.0540165752919266 -0.05072494054931583 -0.28
endloop
endfacet
facet normal 0.7071067811865468 0.7071067811865482 0.0
outer loop
vertex -0.0540165752919266 -0.05072494054931583 -0.28
vertex -0.050724940549315825 -0.0540165752919266 0.28
vertex -0.050724940549315825 -0.0540165752919266 -0.28
endloop
endfacet
facet normal -0.0 -0.0 -1.0
outer loop
vertex -0.050724940549315825 -0.0540165752919266 -0.28
vertex -0.047233117640377895 -0.05709503128968599 -0.28
vertex -0.05134103294465164 -0.054672647056605864 -0.28
endloop
endfacet
facet normal 0.0 -0.0 -1.0
outer loop
vertex -0.05134103294465164 -0.054672647056605864 -0.28
vertex -0.047233117640377895 -0.05709503128968599 -0.28
vertex -0.04780679923115171 -0.0577884932081842 -0.28
endloop
endfacet
facet normal -0.6613118653236522 -0.7501110696304591 0.0
outer loop
vertex -0.05134103294465164 -0.054672647056605864 -0.28
vertex -0.04780679923115171 -0.0577884932081842 -0.28
vertex -0.05134103294465164 -0.054672647056605864 0.28
endloop
endfacet
facet normal -0.6613118653236522 -0.7501110696304591 0.0
outer loop
vertex -0.05134103294465164 -0.054672647056605864 0.28
vertex -0.04780679923115171 -0.0577884932081842 -0.28
vertex -0.04780679923115171 -0.0577884932081842 0.28
endloop
endfacet
facet normal -0.0 -0.0 1.0
outer loop
vertex -0.05134103294465164 -0.054672647056605864 0.28
vertex -0.04780679923115171 -0.0577884932081842 0.28
vertex -0.050724940549315825 -0.0540165752919266 0.28
endloop
endfacet
facet normal -0.0 0.0 1.0
outer loop
vertex -0.050724940549315825 -0.0540165752919266 0.28
vertex -0.04780679923115171 -0.0577884932081842 0.28
vertex -0.047233117640377895 -0.05709503128968599 0.28
endloop
endfacet
facet normal 0.6613118653236513 0.7501110696304601 0.0
outer loop
vertex -0.050724940549315825 -0.0540165752919266 0.28
vertex -0.047233117640377895 -0.05709503128968599 0.28
vertex -0.050724940549315825 -0.0540165752919266 -0.28
endloop
endfacet
facet normal 0.6613118653236513 0.7501110696304601 0.0
outer loop
vertex -0.050724940549315825 -0.0540165752919266 -0.28
vertex -0.047233117640377895 -0.05709503128968599 0.28
vertex -0.047233117640377895 -0.05709503128968599 -0.28
endloop
endfacet
facet normal -0.0 -0.0 -1.0
outer loop
vertex -0.047233117640377895 -0.05709503128968599 -0.28
vertex -0.043554887194872265 -0.059948159283183595 -0.28
vertex -0.04780679923115171 -0.0577884932081842 -0.28
endloop
endfacet
facet normal 0.0 -0.0 -1.0
outer loop
vertex -0.04780679923115171 -0.0577884932081842 -0.28
vertex -0.043554887194872265 -0.059948159283183595 -0.28
vertex -0.04408389392193549 -0.060676274578121046 -0.28
endloop
endfacet
facet normal -0.6129070536529762 -0.7901550123756907 0.0
outer loop
vertex -0.04780679923115171 -0.0577884932081842 -0.28
vertex -0.04408389392193549 -0.060676274578121046 -0.28
vertex -0.04780679923115171 -0.0577884932081842 0.28
endloop
endfacet
facet normal -0.6129070536529762 -0.7901550123756907 0.0
outer loop
vertex -0.04780679923115171 -0.0577884932081842 0.28
vertex -0.04408389392193549 -0.060676274578121046 -0.28
vertex -0.04408389392193549 -0.060676274578121046 0.28
endloop
endfacet
facet normal -0.0 -0.0 1.0
outer loop
vertex -0.04780679923115171 -0.0577884932081842 0.28
vertex -0.04408389392193549 -0.060676274578121046 0.28
vertex -0.047233117640377895 -0.05709503128968599 0.28
endloop
endfacet
facet normal -0.0 0.0 1.0
outer loop
vertex -0.047233117640377895 -0.05709503128968599 0.28
vertex -0.04408389392193549 -0.060676274578121046 0.28
vertex -0.043554887194872265 -0.059948159283183595 0.28
endloop
endfacet
facet normal 0.6129070536529765 0.7901550123756904 0.0
outer loop
vertex -0.047233117640377895 -0.05709503128968599 0.28
vertex -0.043554887194872265 -0.059948159283183595 0.28
vertex -0.047233117640377895 -0.05709503128968599 -0.28
endloop
endfacet
facet normal 0.6129070536529765 0.7901550123756904 0.0
outer loop
vertex -0.047233117640377895 -0.05709503128968599 -0.28
vertex -0.043554887194872265 -0.059948159283183595 0.28
vertex -0.043554887194872265 -0.059948159283183595 -0.28
endloop
endfacet
facet normal -0.0 -0.0 -0.9999999999999999
outer loop
vertex -0.043554887194872265 -0.059948159283183595 -0.28
vertex -0.03970476550794363 -0.06256469927969933 -0.28
vertex -0.04408389392193549 -0.060676274578121046 -0.28
endloop
endfacet
facet normal 0.0 -0.0 -1.0
outer loop
vertex -0.04408389392193549 -0.060676274578121046 -0.28
vertex -0.03970476550794363 -0.06256469927969933 -0.28
vertex -0.040187009623424724 -0.06332459441265115 -0.28
endloop
endfacet
facet normal -0.5620833778521317 -0.8270805742745612 0.0
outer loop
vertex -0.04408389392193549 -0.060676274578121046 -0.28
vertex -0.040187009623424724 -0.06332459441265115 -0.28
vertex -0.04408389392193549 -0.060676274578121046 0.28
endloop
endfacet
facet normal -0.5620833778521317 -0.8270805742745612 0.0
outer loop
vertex -0.04408389392193549 -0.060676274578121046 0.28
vertex -0.040187009623424724 -0.06332459441265115 -0.28
vertex -0.040187009623424724 -0.06332459441265115 0.28
endloop
endfacet
facet normal -0.0 -0.0 1.0
outer loop
vertex -0.04408389392193549 -0.060676274578121046 0.28
vertex -0.040187009623424724 -0.06332459441265115 0.28
vertex -0.043554887194872265 -0.059948159283183595 0.28
endloop
endfacet
facet normal -0.0 0.0 1.0
outer loop
vertex -0.043554887194872265 -0.059948159283183595 0.28
vertex -0.040187009623424724 -0.06332459441265115 0.28
vertex -0.03970476550794363 -0.06256469927969933 0.28
endloop
endfacet
facet normal 0.5620833778521317 0.8270805742745612 0.0
outer loop
vertex -0.043554887194872265 -0.059948159283183595 0.28
vertex -0.03970476550794363 -0.06256469927969933 0.28
vertex -0.043554887194872265 -0.059948159283183595 -0.28
endloop
endfacet
facet normal 0.5620833778521317 0.8270805742745612 0.0
outer loop
vertex -0.043554887194872265 -0.059948159283183595 -0.28
vertex -0.03970476550794363 -0.06256469927969933 0.28
vertex -0.03970476550794363 -0.06256469927969933 -0.28
endloop
endfacet
facet normal -0.0 -0.0 -1.0
outer loop
vertex -0.03970476550794363 -0.06256469927969933 -0.28
vertex -0.0356979472509371 -0.06493432499125029 -0.28
vertex -0.040187009623424724 -0.06332459441265115 -0.28
endloop
endfacet
facet normal 0.0 -0.0 -1.0
outer loop
vertex -0.040187009623424724 -0.06332459441265115 -0.28
vertex -0.0356979472509371 -0.06493432499125029 -0.28
vertex -0.03613152555762864 -0.06572300100328976 -0.28
endloop
endfacet
facet normal -0.5090414157503691 -0.860742027003945 0.0
outer loop
vertex -0.040187009623424724 -0.06332459441265115 -0.28
vertex -0.03613152555762864 -0.06572300100328976 -0.28
vertex -0.040187009623424724 -0.06332459441265115 0.28
endloop
endfacet
facet normal -0.5090414157503691 -0.860742027003945 0.0
outer loop
vertex -0.040187009623424724 -0.06332459441265115 0.28
vertex -0.03613152555762864 -0.06572300100328976 -0.28
vertex -0.03613152555762864 -0.06572300100328976 0.28
endloop
endfacet
facet normal -0.0 -0.0 1.0
outer loop
vertex -0.040187009623424724 -0.06332459441265115 0.28
vertex -0.03613152555762864 -0.06572300100328976 0.28
vertex -0.03970476550794363 -0.06256469927969933 0.28
endloop
endfacet
facet normal -0.0 0.0 1.0
outer loop
vertex -0.03970476550794363 -0.06256469927969933 0.28
vertex -0.03613152555762864 -0.06572300100328976 0.28
vertex -0.0356979472509371 -0.06493432499125029 0.28
endloop
endfacet
facet normal 0.5090414157503703 0.8607420270039443 0.0
outer loop
vertex -0.03970476550794363 -0.06256469927969933 0.28
vertex -0.0356979472509371 -0.06493432499125029 0.28
vertex -0.03970476550794363 -0.06256469927969933 -0.28
endloop
endfacet
facet normal 0.5090414157503703 0.8607420270039443 0.0
outer loop
vertex -0.03970476550794363 -0.06256469927969933 -0.28
vertex -0.0356979472509371 -0.06493432499125029 0.28
vertex -0.0356979472509371 -0.06493432499125029 -0.28
endloop
endfacet
facet normal -0.0 -0.0 -1.0
outer loop
vertex -0.0356979472509371 -0.06493432499125029 -0.28
vertex -0.03155024550497185 -0.06704768458773207 -0.28
vertex -0.03613152555762864 -0.06572300100328976 -0.28
endloop
endfacet
facet normal 0.0 -0.0 -1.0
outer loop
vertex -0.03613152555762864 -0.06572300100328976 -0.28
vertex -0.03155024550497185 -0.06704768458773207 -0.28
vertex -0.03193344686738041 -0.06786202893495148 -0.28
endloop
endfacet
facet normal -0.4539904997395479 -0.8910065241883672 0.0
outer loop
vertex -0.03613152555762864 -0.06572300100328976 -0.28
vertex -0.03193344686738041 -0.06786202893495148 -0.28
vertex -0.03613152555762864 -0.06572300100328976 0.28
endloop
endfacet
facet normal -0.4539904997395479 -0.8910065241883672 0.0
outer loop
vertex -0.03613152555762864 -0.06572300100328976 0.28
vertex -0.03193344686738041 -0.06786202893495148 -0.28
vertex -0.03193344686738041 -0.06786202893495148 0.28
endloop
endfacet
facet normal -0.0 -0.0 1.0
outer loop
vertex -0.03613152555762864 -0.06572300100328976 0.28
vertex -0.03193344686738041 -0.06786202893495148 0.28
vertex -0.0356979472509371 -0.06493432499125029 0.28
endloop
endfacet
facet normal -0.0 0.0 1.0
outer loop
vertex -0.0356979472509371 -0.06493432499125029 0.28
vertex -0.03193344686738041 -0.06786202893495148 0.28
vertex -0.03155024550497185 -0.06704768458773207 0.28
endloop
endfacet
facet normal 0.45399049973954747 0.8910065241883675 0.0
outer loop
vertex -0.0356979472509371 -0.06493432499125029 0.28
vertex -0.03155024550497185 -0.06704768458773207 0.28
vertex -0.0356979472509371 -0.06493432499125029 -0.28
endloop
endfacet
facet normal 0.45399049973954747 0.8910065241883675 0.0
outer loop
vertex -0.0356979472509371 -0.06493432499125029 -0.28
vertex -0.03155024550497185 -0.06704768458773207 0.28
vertex -0.03155024550497185 -0.06704768458773207 -0.28
endloop
endfacet
facet normal -0.0 -0.0 -1.0
outer loop
vertex -0.03155024550497185 -0.06704768458773207 -0.28
vertex -0.027278029353934627 -0.06889643760431943 -0.28
vertex -0.03193344686738041 -0.06786202893495148 -0.28
endloop
endfacet
facet normal 0.0 -0.0 -1.0
outer loop
vertex -0.03193344686738041 -0.06786202893495148 -0.28
vertex -0.027278029353934627 -0.06889643760431943 -0.28
vertex -0.027609341451350834 -0.06973323644161886 -0.28
endloop
endfacet
facet normal -0.39714789063477995 -0.9177546256839815 0.0
outer loop
vertex -0.03193344686738041 -0.06786202893495148 -0.28
vertex -0.027609341451350834 -0.06973323644161886 -0.28
vertex -0.03193344686738041 -0.06786202893495148 0.28
endloop
endfacet
facet normal -0.39714789063477995 -0.9177546256839815 0.0
outer loop
vertex -0.03193344686738041 -0.06786202893495148 0.28
vertex -0.027609341451350834 -0.06973323644161886 -0.28
vertex -0.027609341451350834 -0.06973323644161886 0.28
endloop
endfacet
facet normal -0.0 -0.0 1.0
outer loop
vertex -0.03193344686738041 -0.06786202893495148 0.28
vertex -0.027609341451350834 -0.06973323644161886 0.28
vertex -0.03155024550497185 -0.06704768458773207 0.28
endloop
endfacet
facet normal -0.0 0.0 1.0
outer loop
vertex -0.03155024550497185 -0.06704768458773207 0.28
vertex -0.027609341451350834 -0.06973323644161886 0.28
vertex -0.027278029353934627 -0.06889643760431943 0.28
endloop
endfacet
facet normal 0.3971478906347797 0.9177546256839816 0.0
outer loop
vertex -0.03155024550497185 -0.06704768458773207 0.28
vertex -0.027278029353934627 -0.06889643760431943 0.28
vertex -0.03155024550497185 -0.06704768458773207 -0.28
endloop
endfacet
facet normal 0.3971478906347797 0.9177546256839816 0.0
outer loop
vertex -0.03155024550497185 -0.06704768458773207 -0.28
vertex -0.027278029353934627 -0.06889643760431943 0.28
vertex -0.027278029353934627 -0.06889643760431943 -0.28
endloop
endfacet
facet normal -0.0 -0.0 -1.0
outer loop
vertex -0.027278029353934627 -0.06889643760431943 -0.28
vertex -0.022898159283183613 -0.07047328785747088 -0.28
vertex -0.027609341451350834 -0.06973323644161886 -0.28
endloop
endfacet
facet normal 0.0 -0.0 -1.0
outer loop
vertex -0.027609341451350834 -0.06973323644161886 -0.28
vertex -0.022898159283183613 -0.07047328785747088 -0.28
vertex -0.023176274578121065 -0.0713292387221365 -0.28
endloop
endfacet
facet normal -0.3387379202452904 -0.9408807689542259 0.0
outer loop
vertex -0.027609341451350834 -0.06973323644161886 -0.28
vertex -0.023176274578121065 -0.0713292387221365 -0.28
vertex -0.027609341451350834 -0.06973323644161886 0.28
endloop
endfacet
facet normal -0.3387379202452904 -0.9408807689542259 0.0
outer loop
vertex -0.027609341451350834 -0.06973323644161886 0.28
vertex -0.023176274578121065 -0.0713292387221365 -0.28
vertex -0.023176274578121065 -0.0713292387221365 0.28
endloop
endfacet
facet normal -0.0 -0.0 1.0
outer loop
vertex -0.027609341451350834 -0.06973323644161886 0.28
vertex -0.023176274578121065 -0.0713292387221365 0.28
vertex -0.027278029353934627 -0.06889643760431943 0.28
endloop
endfacet
facet normal -0.0 0.0 1.0
outer loop
vertex -0.027278029353934627 -0.06889643760431943 0.28
vertex -0.023176274578121065 -0.0713292387221365 0.28
vertex -0.022898159283183613 -0.07047328785747088 0.28
endloop
endfacet
facet normal 0.33873792024529237 0.940880768954225 0.0
outer loop
vertex -0.027278029353934627 -0.06889643760431943 0.28
vertex -0.022898159283183613 -0.07047328785747088 0.28
vertex -0.027278029353934627 -0.06889643760431943 -0.28
endloop
endfacet
facet normal 0.33873792024529237 0.940880768954225 0.0
outer loop
vertex -0.027278029353934627 -0.06889643760431943 -0.28
vertex -0.022898159283183613 -0.07047328785747088 0.28
vertex -0.022898159283183613 -0.07047328785747088 -0.28
endloop
endfacet
facet normal -0.0 -0.0 -1.0
outer loop
vertex -0.022898159283183613 -0.07047328785747088 -0.28
vertex -0.018427920638915712 -0.07177201223963157 -0.28
vertex -0.023176274578121065 -0.0713292387221365 -0.28
endloop
endfacet
facet normal 0.0 -0.0 -1.0
outer loop
vertex -0.023176274578121065 -0.0713292387221365 -0.28
vertex -0.018427920638915712 -0.07177201223963157 -0.28
vertex -0.018651741537364083 -0.07264373708464733 -0.28
endloop
endfacet
facet normal -0.27899110603922894 -0.9602936856769433 0.0
outer loop
vertex -0.023176274578121065 -0.0713292387221365 -0.28
vertex -0.018651741537364083 -0.07264373708464733 -0.28
vertex -0.023176274578121065 -0.0713292387221365 0.28
endloop
endfacet
facet normal -0.27899110603922894 -0.9602936856769433 0.0
outer loop
vertex -0.023176274578121065 -0.0713292387221365 0.28
vertex -0.018651741537364083 -0.07264373708464733 -0.28
vertex -0.018651741537364083 -0.07264373708464733 0.28
endloop
endfacet
facet normal -0.0 -0.0 1.0
outer loop
vertex -0.023176274578121065 -0.0713292387221365 0.28
vertex -0.018651741537364083 -0.07264373708464733 0.28
vertex -0.022898159283183613 -0.07047328785747088 0.28
endloop
endfacet
facet normal -0.0 0.0 1.0
outer loop
vertex -0.022898159283183613 -0.07047328785747088 0.28
vertex -0.018651741537364083 -0.07264373708464733 0.28
vertex -0.018427920638915712 -0.07177201223963157 0.28
endloop
endfacet
facet normal 0.27899110603922855 0.9602936856769433 0.0
outer loop
vertex -0.022898159283183613 -0.07047328785747088 0.28
vertex -0.018427920638915712 -0.07177201223963157 0.28
vertex -0.022898159283183613 -0.07047328785747088 -0.28
endloop
endfacet
facet normal 0.27899110603922855 0.9602936856769433 0.0
outer loop
vertex -0.022898159283183613 -0.07047328785747088 -0.28
vertex -0.018427920638915712 -0.07177201223963157 0.28
vertex -0.018427920638915712 -0.07177201223963157 -0.28
endloop
endfacet
facet normal -0.0 -0.0 -1.0
outer loop
vertex -0.018427920638915712 -0.07177201223963157 -0.28
vertex -0.013884955410802195 -0.07278748527899584 -0.28
vertex -0.018651741537364083 -0.07264373708464733 -0.28
endloop
endfacet
facet normal 0.0 -0.0 -1.0
outer loop
vertex -0.018651741537364083 -0.07264373708464733 -0.28
vertex -0.013884955410802195 -0.07278748527899584 -0.28
vertex -0.014053598593929347 -0.07367154380465166 -0.28
endloop
endfacet
facet normal -0.21814324139654556 -0.9759167619387468 0.0
outer loop
vertex -0.018651741537364083 -0.07264373708464733 -0.28
vertex -0.014053598593929347 -0.07367154380465166 -0.28
vertex -0.018651741537364083 -0.07264373708464733 0.28
endloop
endfacet
facet normal -0.21814324139654556 -0.9759167619387468 0.0
outer loop
vertex -0.018651741537364083 -0.07264373708464733 0.28
vertex -0.014053598593929347 -0.07367154380465166 -0.28
vertex -0.014053598593929347 -0.07367154380465166 0.28
endloop
endfacet
facet normal -0.0 -0.0 1.0
outer loop
vertex -0.018651741537364083 -0.07264373708464733 0.28
vertex -0.014053598593929347 -0.07367154380465166 0.28
vertex -0.018427920638915712 -0.07177201223963157 0.28
endloop
endfacet
facet normal -0.0 0.0 1.0
outer loop
vertex -0.018427920638915712 -0.07177201223963157 0.28
vertex -0.014053598593929347 -0.07367154380465166 0.28
vertex -0.013884955410802195 -0.07278748527899584 0.28
endloop
endfacet
facet normal 0.2181432413965437 0.9759167619387471 0.0
outer loop
vertex -0.018427920638915712 -0.07177201223963157 0.28
vertex -0.013884955410802195 -0.07278748527899584 0.28
vertex -0.018427920638915712 -0.07177201223963157 -0.28
endloop
endfacet
facet normal 0.2181432413965437 0.9759167619387471 0.0
outer loop
vertex -0.018427920638915712 -0.07177201223963157 -0.28
vertex -0.013884955410802195 -0.07278748527899584 0.28
vertex -0.013884955410802195 -0.07278748527899584 -0.28
endloop
endfacet
facet normal 0.0 -0.0 -1.0
outer loop
vertex -0.013884955410802195 -0.07278748527899584 -0.28
vertex -0.009287192607114907 -0.0735156993674028 -0.28
vertex -0.014053598593929347 -0.07367154380465166 -0.28
endloop
endfacet
facet normal 0.0 -0.0 -1.0
outer loop
vertex -0.014053598593929347 -0.07367154380465166 -0.28
vertex -0.009287192607114907 -0.0735156993674028 -0.28
vertex -0.00939999251732278 -0.07440860259858584 -0.28
endloop
endfacet
facet normal -0.1564344650402285 -0.9876883405951381 0.0
outer loop
vertex -0.014053598593929347 -0.07367154380465166 -0.28
vertex -0.00939999251732278 -0.07440860259858584 -0.28
vertex -0.014053598593929347 -0.07367154380465166 0.28
endloop
endfacet
facet normal -0.1564344650402285 -0.9876883405951381 0.0
outer loop
vertex -0.014053598593929347 -0.07367154380465166 0.28
vertex -0.00939999251732278 -0.07440860259858584 -0.28
vertex -0.00939999251732278 -0.07440860259858584 0.28
endloop
endfacet
facet normal -0.0 -0.0 1.0
outer loop
vertex -0.014053598593929347 -0.07367154380465166 0.28
vertex -0.00939999251732278 -0.07440860259858584 0.28
vertex -0.013884955410802195 -0.07278748527899584 0.28
endloop
endfacet
facet normal -0.0 0.0 1.0
outer loop
vertex -0.013884955410802195 -0.07278748527899584 0.28
vertex -0.00939999251732278 -0.07440860259858584 0.28
vertex -0.009287192607114907 -0.0735156993674028 0.28
endloop
endfacet
facet normal 0.1564344650402277 0.9876883405951381 0.0
outer loop
vertex -0.013884955410802195 -0.07278748527899584 0.28
vertex -0.009287192607114907 -0.0735156993674028 0.28
vertex -0.013884955410802195 -0.07278748527899584 -0.28
endloop
endfacet
facet normal 0.1564344650402277 0.9876883405951381 0.0
outer loop
vertex -0.013884955410802195 -0.07278748527899584 -0.28
vertex -0.009287192607114907 -0.0735156993674028 0.28
vertex -0.009287192607114907 -0.0735156993674028 -0.28
endloop
endfacet
facet normal 0.0 -0.0 -1.0
outer loop
vertex -0.009287192607114907 -0.0735156993674028 -0.28
vertex -0.0046527774971221085 -0.07395378057653493 -0.28
vertex -0.00939999251732278 -0.07440860259858584 -0.28
endloop
endfacet
facet normal 0.0 -0.0 -1.0
outer loop
vertex -0.00939999251732278 -0.07440860259858584 -0.28
vertex -0.0046527774971221085 -0.07395378057653493 -0.28
vertex -0.00470928896469849 -0.07485200463212037 -0.28
endloop
endfacet
facet normal -0.09410831331851525 -0.99556196460308 0.0
outer loop
vertex -0.00939999251732278 -0.07440860259858584 -0.28
vertex -0.00470928896469849 -0.07485200463212037 -0.28
vertex -0.00939999251732278 -0.07440860259858584 0.28
endloop
endfacet
facet normal -0.09410831331851525 -0.99556196460308 0.0
outer loop
vertex -0.00939999251732278 -0.07440860259858584 0.28
vertex -0.00470928896469849 -0.07485200463212037 -0.28
vertex -0.00470928896469849 -0.07485200463212037 0.28
endloop
endfacet
facet normal -0.0 -0.0 1.0
outer loop
vertex -0.00939999251732278 -0.07440860259858584 0.28
vertex -0.00470928896469849 -0.07485200463212037 0.28
vertex -0.009287192607114907 -0.0735156993674028 0.28
endloop
endfacet
facet normal -0.0 0.0 1.0
outer loop
vertex -0.009287192607114907 -0.0735156993674028 0.28
vertex -0.00470928896469849 -0.07485200463212037 0.28
vertex -0.0046527774971221085 -0.07395378057653493 0.28
endloop
endfacet
facet normal 0.09410831331851606 0.9955619646030799 0.0
outer loop
vertex -0.009287192607114907 -0.0735156993674028 0.28
vertex -0.0046527774971221085 -0.07395378057653493 0.28
vertex -0.009287192607114907 -0.0735156993674028 -0.28
endloop
endfacet
facet normal 0.09410831331851606 0.9955619646030799 0.0
outer loop
vertex -0.009287192607114907 -0.0735156993674028 -0.28
vertex -0.0046527774971221085 -0.07395378057653493 0.28
vertex -0.0046527774971221085 -0.07395378057653493 -0.28
endloop
endfacet
facet normal 0.0 -0.0 -1.0
outer loop
vertex -0.0046527774971221085 -0.07395378057653493 -0.28
vertex -1.3611949172522829e-17 -0.0741 -0.28
vertex -0.00470928896469849 -0.07485200463212037 -0.28
endloop
endfacet
facet normal 0.0 -0.0 -1.0
outer loop
vertex -0.00470928896469849 -0.07485200463212037 -0.28
vertex -1.3611949172522829e-17 -0.0741 -0.28
vertex -1.3777276490407722e-17 -0.075 -0.28
endloop
endfacet
facet normal -0.03141075907812735 -0.9995065603657316 0.0
outer loop
vertex -0.00470928896469849 -0.07485200463212037 -0.28
vertex -1.3777276490407722e-17 -0.075 -0.28
vertex -0.00470928896469849 -0.07485200463212037 0.28
endloop
endfacet
facet normal -0.03141075907812735 -0.9995065603657316 0.0
outer loop
vertex -0.00470928896469849 -0.07485200463212037 0.28
vertex -1.3777276490407722e-17 -0.075 -0.28
vertex -1.3777276490407722e-17 -0.075 0.28
endloop
endfacet
facet normal -0.0 -0.0 1.0
outer loop
vertex -0.00470928896469849 -0.07485200463212037 0.28
vertex -1.3777276490407722e-17 -0.075 0.28
vertex -0.0046527774971221085 -0.07395378057653493 0.28
endloop
endfacet
facet normal -0.0 0.0 1.0
outer loop
vertex -0.0046527774971221085 -0.07395378057653493 0.28
vertex -1.3777276490407722e-17 -0.075 0.28
vertex -1.3611949172522829e-17 -0.0741 0.28
endloop
endfacet
facet normal 0.031410759078127244 0.9995065603657316 0.0
outer loop
vertex -0.0046527774971221085 -0.07395378057653493 0.28
vertex -1.3611949172522829e-17 -0.0741 0.28
vertex -0.0046527774971221085 -0.07395378057653493 -0.28
endloop
endfacet
facet normal 0.031410759078127244 0.9995065603657316 0.0
outer loop
vertex -0.0046527774971221085 -0.07395378057653493 -0.28
vertex -1.3611949172522829e-17 -0.0741 0.28
vertex -1.3611949172522829e-17 -0.0741 -0.28
endloop
endfacet
facet normal 0.0 -0.0 -1.0
outer loop
vertex -1.3611949172522829e-17 -0.0741 -0.28
vertex 0.004652777497122147 -0.07395378057653493 -0.28
vertex -1.3777276490407722e-17 -0.075 -0.28
endloop
endfacet
facet normal 0.0 0.0 -1.0
outer loop
vertex -1.3777276490407722e-17 -0.075 -0.28
vertex 0.004652777497122147 -0.07395378057653493 -0.28
vertex 0.004709288964698529 -0.07485200463212037 -0.28
endloop
endfacet
facet normal 0.031410759078126904 -0.9995065603657316 0.0
outer loop
vertex -1.3777276490407722e-17 -0.075 -0.28
vertex 0.004709288964698529 -0.07485200463212037 -0.28
vertex -1.3777276490407722e-17 -0.075 0.28
endloop
endfacet
facet normal 0.031410759078126904 -0.9995065603657316 0.0
outer loop
vertex -1.3777276490407722e-17 -0.075 0.28
vertex 0.004709288964698529 -0.07485200463212037 -0.28
vertex 0.004709288964698529 -0.07485200463212037 0.28
endloop
endfacet
facet normal 0.0 -0.0 1.0
outer loop
vertex -1.3777276490407722e-17 -0.075 0.28
vertex 0.004709288964698529 -0.07485200463212037 0.28
vertex -1.3611949172522829e-17 -0.0741 0.28
endloop
endfacet
facet normal -0.0 -0.0 1.0
outer loop
vertex -1.3611949172522829e-17 -0.0741 0.28
vertex 0.004709288964698529 -0.07485200463212037 0.28
vertex 0.004652777497122147 -0.07395378057653493 0.28
endloop
endfacet
facet normal -0.03141075907812681 0.9995065603657317 0.0
outer loop
vertex -1.3611949172522829e-17 -0.0741 0.28
vertex 0.004652777497122147 -0.07395378057653493 0.28
vertex -1.3611949172522829e-17 -0.0741 -0.28
endloop
endfacet
facet normal -0.03141075907812681 0.9995065603657317 0.0
outer loop
vertex -1.3611949172522829e-17 -0.0741 -0.28
vertex 0.004652777497122147 -0.07395378057653493 0.28
vertex 0.004652777497122147 -0.07395378057653493 -0.28
endloop
endfacet
facet normal 0.0 -0.0 -1.0
outer loop
vertex 0.004652777497122147 -0.07395378057653493 -0.28
vertex 0.009287192607114943 -0.0735156993674028 -0.28
vertex 0.004709288964698529 -0.07485200463212037 -0.28
endloop
endfacet
facet normal 0.0 0.0 -1.0
outer loop
vertex 0.004709288964698529 -0.07485200463212037 -0.28
vertex 0.009287192607114943 -0.0735156993674028 -0.28
vertex 0.009399992517322818 -0.07440860259858584 -0.28
endloop
endfacet
facet normal 0.09410831331851527 -0.9955619646030799 0.0
outer loop
vertex 0.004709288964698529 -0.07485200463212037 -0.28
vertex 0.009399992517322818 -0.07440860259858584 -0.28
vertex 0.004709288964698529 -0.07485200463212037 0.28
endloop
endfacet
facet normal 0.09410831331851527 -0.9955619646030799 0.0
outer loop
vertex 0.004709288964698529 -0.07485200463212037 0.28
vertex 0.009399992517322818 -0.07440860259858584 -0.28
vertex 0.009399992517322818 -0.07440860259858584 0.28
endloop
endfacet
facet normal 0.0 -0.0 1.0
outer loop
vertex 0.004709288964698529 -0.07485200463212037 0.28
vertex 0.009399992517322818 -0.07440860259858584 0.28
vertex 0.004652777497122147 -0.07395378057653493 0.28
endloop
endfacet
facet normal -0.0 -0.0 1.0
outer loop
vertex 0.004652777497122147 -0.07395378057653493 0.28
vertex 0.009399992517322818 -0.07440860259858584 0.28
vertex 0.009287192607114943 -0.0735156993674028 0.28
endloop
endfacet
facet normal -0.09410831331851609 0.9955619646030798 0.0
outer loop
vertex 0.004652777497122147 -0.07395378057653493 0.28
vertex 0.009287192607114943 -0.0735156993674028 0.28
vertex 0.004652777497122147 -0.07395378057653493 -0.28
endloop
endfacet
facet normal -0.09410831331851609 0.9955619646030798 0.0
outer loop
vertex 0.004652777497122147 -0.07395378057653493 -0.28
vertex 0.009287192607114943 -0.0735156993674028 0.28
vertex 0.009287192607114943 -0.0735156993674028 -0.28
endloop
endfacet
facet normal 0.0 -0.0 -1.0
outer loop
vertex 0.009287192607114943 -0.0735156993674028 -0.28
vertex 0.013884955410802232 -0.07278748527899583 -0.28
vertex 0.009399992517322818 -0.07440860259858584 -0.28
endloop
endfacet
facet normal 0.0 0.0 -1.0
outer loop
vertex 0.009399992517322818 -0.07440860259858584 -0.28
vertex 0.013884955410802232 -0.07278748527899583 -0.28
vertex 0.014053598593929384 -0.07367154380465164 -0.28
endloop
endfacet
facet normal 0.15643446504023142 -0.9876883405951375 0.0
outer loop
vertex 0.009399992517322818 -0.07440860259858584 -0.28
vertex 0.014053598593929384 -0.07367154380465164 -0.28
vertex 0.009399992517322818 -0.07440860259858584 0.28
endloop
endfacet
facet normal 0.15643446504023142 -0.9876883405951375 0.0
outer loop
vertex 0.009399992517322818 -0.07440860259858584 0.28
vertex 0.014053598593929384 -0.07367154380465164 -0.28
vertex 0.014053598593929384 -0.07367154380465164 0.28
endloop
endfacet
facet normal 0.0 -0.0 1.0
outer loop
vertex 0.009399992517322818 -0.07440860259858584 0.28
vertex 0.014053598593929384 -0.07367154380465164 0.28
vertex 0.009287192607114943 -0.0735156993674028 0.28
endloop
endfacet
facet normal -0.0 -0.0 1.0
outer loop
vertex 0.009287192607114943 -0.0735156993674028 0.28
vertex 0.014053598593929384 -0.07367154380465164 0.28
vertex 0.013884955410802232 -0.07278748527899583 0.28
endloop
endfacet
facet normal -0.15643446504023067 0.9876883405951379 0.0
outer loop
vertex 0.009287192607114943 -0.0735156993674028 0.28
vertex 0.013884955410802232 -0.07278748527899583 0.28
vertex 0.009287192607114943 -0.0735156993674028 -0.28
endloop
endfacet
facet normal -0.15643446504023067 0.9876883405951379 0.0
outer loop
vertex 0.009287192607114943 -0.0735156993674028 -0.28
vertex 0.013884955410802232 -0.07278748527899583 0.28
vertex 0.013884955410802232 -0.07278748527899583 -0.28
endloop
endfacet
facet normal 0.0 -0.0 -1.0
outer loop
vertex 0.013884955410802232 -0.07278748527899583 -0.28
vertex 0.01842792063891575 -0.07177201223963156 -0.28
vertex 0.014053598593929384 -0.07367154380465164 -0.28
endloop
endfacet
facet normal 0.0 0.0 -0.9999999999999999
outer loop
vertex 0.014053598593929384 -0.07367154380465164 -0.28
vertex 0.01842792063891575 -0.07177201223963156 -0.28
vertex 0.018651741537364118 -0.07264373708464733 -0.28
endloop
endfacet
facet normal 0.21814324139654287 -0.9759167619387474 0.0
outer loop
vertex 0.014053598593929384 -0.07367154380465164 -0.28
vertex 0.018651741537364118 -0.07264373708464733 -0.28
vertex 0.014053598593929384 -0.07367154380465164 0.28
endloop
endfacet
facet normal 0.21814324139654287 -0.9759167619387474 0.0
outer loop
vertex 0.014053598593929384 -0.07367154380465164 0.28
vertex 0.018651741537364118 -0.07264373708464733 -0.28
vertex 0.018651741537364118 -0.07264373708464733 0.28
endloop
endfacet
facet normal 0.0 -0.0 0.9999999999999999
outer loop
vertex 0.014053598593929384 -0.07367154380465164 0.28
vertex 0.018651741537364118 -0.07264373708464733 0.28
vertex 0.013884955410802232 -0.07278748527899583 0.28
endloop
endfacet
facet normal 0.0 -0.0 1.0
outer loop
vertex 0.013884955410802232 -0.07278748527899583 0.28
vertex 0.018651741537364118 -0.07264373708464733 0.28
vertex 0.01842792063891575 -0.07177201223963156 0.28
endloop
endfacet
facet normal -0.21814324139654362 0.9759167619387472 0.0
outer loop
vertex 0.013884955410802232 -0.07278748527899583 0.28
vertex 0.01842792063891575 -0.07177201223963156 0.28
vertex 0.013884955410802232 -0.07278748527899583 -0.28
endloop
endfacet
facet normal -0.21814324139654362 0.9759167619387472 0.0
outer loop
vertex 0.013884955410802232 -0.07278748527899583 -0.28
vertex 0.01842792063891575 -0.07177201223963156 0.28
vertex 0.01842792063891575 -0.07177201223963156 -0.28
endloop
endfacet
facet normal 0.0 -0.0 -1.0
outer loop
vertex 0.01842792063891575 -0.07177201223963156 -0.28
vertex 0.02289815928318359 -0.07047328785747088 -0.28
vertex 0.018651741537364118 -0.07264373708464733 -0.28
endloop
endfacet
facet normal 0.0 0.0 -1.0
outer loop
vertex 0.018651741537364118 -0.07264373708464733 -0.28
vertex 0.02289815928318359 -0.07047328785747088 -0.28
vertex 0.02317627457812104 -0.07132923872213652 -0.28
endloop
endfacet
facet normal 0.27899110603922955 -0.960293685676943 0.0
outer loop
vertex 0.018651741537364118 -0.07264373708464733 -0.28
vertex 0.02317627457812104 -0.07132923872213652 -0.28
vertex 0.018651741537364118 -0.07264373708464733 0.28
endloop
endfacet
facet normal 0.27899110603922955 -0.960293685676943 0.0
outer loop
vertex 0.018651741537364118 -0.07264373708464733 0.28
vertex 0.02317627457812104 -0.07132923872213652 -0.28
vertex 0.02317627457812104 -0.07132923872213652 0.28
endloop
endfacet
facet normal 0.0 -0.0 1.0
outer loop
vertex 0.018651741537364118 -0.07264373708464733 0.28
vertex 0.02317627457812104 -0.07132923872213652 0.28
vertex 0.01842792063891575 -0.07177201223963156 0.28
endloop
endfacet
facet normal 0.0 -0.0 1.0
outer loop
vertex 0.01842792063891575 -0.07177201223963156 0.28
vertex 0.02317627457812104 -0.07132923872213652 0.28
vertex 0.02289815928318359 -0.07047328785747088 0.28
endloop
endfacet
facet normal -0.27899110603922933 0.960293685676943 0.0
outer loop
vertex 0.01842792063891575 -0.07177201223963156 0.28
vertex 0.02289815928318359 -0.07047328785747088 0.28
vertex 0.01842792063891575 -0.07177201223963156 -0.28
endloop
endfacet
facet normal -0.27899110603922933 0.960293685676943 0.0
outer loop
vertex 0.01842792063891575 -0.07177201223963156 -0.28
vertex 0.02289815928318359 -0.07047328785747088 0.28
vertex 0.02289815928318359 -0.07047328785747088 -0.28
endloop
endfacet
facet normal 0.0 -0.0 -1.0
outer loop
vertex 0.02289815928318359 -0.07047328785747088 -0.28
vertex 0.027278029353934658 -0.06889643760431942 -0.28
vertex 0.02317627457812104 -0.07132923872213652 -0.28
endloop
endfacet
facet normal 0.0 0.0 -1.0
outer loop
vertex 0.02317627457812104 -0.07132923872213652 -0.28
vertex 0.027278029353934658 -0.06889643760431942 -0.28
vertex 0.02760934145135087 -0.06973323644161884 -0.28
endloop
endfacet
facet normal 0.33873792024529165 -0.9408807689542253 0.0
outer loop
vertex 0.02317627457812104 -0.07132923872213652 -0.28
vertex 0.02760934145135087 -0.06973323644161884 -0.28
vertex 0.02317627457812104 -0.07132923872213652 0.28
endloop
endfacet
facet normal 0.33873792024529165 -0.9408807689542253 0.0
outer loop
vertex 0.02317627457812104 -0.07132923872213652 0.28
vertex 0.02760934145135087 -0.06973323644161884 -0.28
vertex 0.02760934145135087 -0.06973323644161884 0.28
endloop
endfacet
facet normal 0.0 -0.0 1.0
outer loop
vertex 0.02317627457812104 -0.07132923872213652 0.28
vertex 0.02760934145135087 -0.06973323644161884 0.28
vertex 0.02289815928318359 -0.07047328785747088 0.28
endloop
endfacet
facet normal 0.0 -0.0 1.0
outer loop
vertex 0.02289815928318359 -0.07047328785747088 0.28
vertex 0.02760934145135087 -0.06973323644161884 0.28
vertex 0.027278029353934658 -0.06889643760431942 0.28
endloop
endfacet
facet normal -0.3387379202452912 0.9408807689542256 0.0
outer loop
vertex 0.02289815928318359 -0.07047328785747088 0.28
vertex 0.027278029353934658 -0.06889643760431942 0.28
vertex 0.02289815928318359 -0.07047328785747088 -0.28
endloop
endfacet
facet normal -0.3387379202452912 0.9408807689542256 0.0
outer loop
vertex 0.02289815928318359 -0.07047328785747088 -0.28
vertex 0.027278029353934658 -0.06889643760431942 0.28
vertex 0.027278029353934658 -0.06889643760431942 -0.28
endloop
endfacet
facet normal 0.0 -0.0 -1.0
outer loop
vertex 0.027278029353934658 -0.06889643760431942 -0.28
vertex 0.03155024550497188 -0.06704768458773205 -0.28
vertex 0.02760934145135087 -0.06973323644161884 -0.28
endloop
endfacet
facet normal 0.0 0.0 -1.0
outer loop
vertex 0.02760934145135087 -0.06973323644161884 -0.28
vertex 0.03155024550497188 -0.06704768458773205 -0.28
vertex 0.03193344686738044 -0.06786202893495147 -0.28
endloop
endfacet
facet normal 0.39714789063477995 -0.9177546256839815 0.0
outer loop
vertex 0.02760934145135087 -0.06973323644161884 -0.28
vertex 0.03193344686738044 -0.06786202893495147 -0.28
vertex 0.02760934145135087 -0.06973323644161884 0.28
endloop
endfacet
facet normal 0.39714789063477995 -0.9177546256839815 0.0
outer loop
vertex 0.02760934145135087 -0.06973323644161884 0.28
vertex 0.03193344686738044 -0.06786202893495147 -0.28
vertex 0.03193344686738044 -0.06786202893495147 0.28
endloop
endfacet
facet normal 0.0 -0.0 1.0
outer loop
vertex 0.02760934145135087 -0.06973323644161884 0.28
vertex 0.03193344686738044 -0.06786202893495147 0.28
vertex 0.027278029353934658 -0.06889643760431942 0.28
endloop
endfacet
facet normal 0.0 -0.0 1.0
outer loop
vertex 0.027278029353934658 -0.06889643760431942 0.28
vertex 0.03193344686738044 -0.06786202893495147 0.28
vertex 0.03155024550497188 -0.06704768458773205 0.28
endloop
endfacet
facet normal -0.39714789063477934 0.9177546256839816 0.0
outer loop
vertex 0.027278029353934658 -0.06889643760431942 0.28
vertex 0.03155024550497188 -0.06704768458773205 0.28
vertex 0.027278029353934658 -0.06889643760431942 -0.28
endloop
endfacet
facet normal -0.39714789063477934 0.9177546256839816 0.0
outer loop
vertex 0.027278029353934658 -0.06889643760431942 -0.28
vertex 0.03155024550497188 -0.06704768458773205 0.28
vertex 0.03155024550497188 -0.06704768458773205 -0.28
endloop
endfacet
facet normal 0.0 -0.0 -1.0
outer loop
vertex 0.03155024550497188 -0.06704768458773205 -0.28
vertex 0.03569794725093713 -0.06493432499125028 -0.28
vertex 0.03193344686738044 -0.06786202893495147 -0.28
endloop
endfacet
facet normal 0.0 0.0 -1.0
outer loop
vertex 0.03193344686738044 -0.06786202893495147 -0.28
vertex 0.03569794725093713 -0.06493432499125028 -0.28
vertex 0.03613152555762868 -0.06572300100328975 -0.28
endloop
endfacet
facet normal 0.4539904997395479 -0.8910065241883672 0.0
outer loop
vertex 0.03193344686738044 -0.06786202893495147 -0.28
vertex 0.03613152555762868 -0.06572300100328975 -0.28
vertex 0.03193344686738044 -0.06786202893495147 0.28
endloop
endfacet
facet normal 0.4539904997395479 -0.8910065241883672 0.0
outer loop
vertex 0.03193344686738044 -0.06786202893495147 0.28
vertex 0.03613152555762868 -0.06572300100328975 -0.28
vertex 0.03613152555762868 -0.06572300100328975 0.28
endloop
endfacet
facet normal 0.0 -0.0 1.0
outer loop
vertex 0.03193344686738044 -0.06786202893495147 0.28
vertex 0.03613152555762868 -0.06572300100328975 0.28
vertex 0.03155024550497188 -0.06704768458773205 0.28
endloop
endfacet
facet normal 0.0 -0.0 1.0
outer loop
vertex 0.03155024550497188 -0.06704768458773205 0.28
vertex 0.03613152555762868 -0.06572300100328975 0.28
vertex 0.03569794725093713 -0.06493432499125028 0.28
endloop
endfacet
facet normal -0.45399049973954747 0.8910065241883675 0.0
outer loop
vertex 0.03155024550497188 -0.06704768458773205 0.28
vertex 0.03569794725093713 -0.06493432499125028 0.28
vertex 0.03155024550497188 -0.06704768458773205 -0.28
endloop
endfacet
facet normal -0.45399049973954747 0.8910065241883675 0.0
outer loop
vertex 0.03155024550497188 -0.06704768458773205 -0.28
vertex 0.03569794725093713 -0.06493432499125028 0.28
vertex 0.03569794725093713 -0.06493432499125028 -0.28
endloop
endfacet
facet normal 0.0 -0.0 -0.9999999999999999
outer loop
vertex 0.03569794725093713 -0.06493432499125028 -0.28
vertex 0.03970476550794366 -0.0625646992796993 -0.28
vertex 0.03613152555762868 -0.06572300100328975 -0.28
endloop
endfacet
facet normal 0.0 0.0 -1.0
outer loop
vertex 0.03613152555762868 -0.06572300100328975 -0.28
vertex 0.03970476550794366 -0.0625646992796993 -0.28
vertex 0.04018700962342476 -0.06332459441265112 -0.28
endloop
endfacet
facet normal 0.5090414157503713 -0.8607420270039438 0.0
outer loop
vertex 0.03613152555762868 -0.06572300100328975 -0.28
vertex 0.04018700962342476 -0.06332459441265112 -0.28
vertex 0.03613152555762868 -0.06572300100328975 0.28
endloop
endfacet
facet normal 0.5090414157503713 -0.8607420270039438 0.0
outer loop
vertex 0.03613152555762868 -0.06572300100328975 0.28
vertex 0.04018700962342476 -0.06332459441265112 -0.28
vertex 0.04018700962342476 -0.06332459441265112 0.28
endloop
endfacet
facet normal 0.0 -0.0 1.0
outer loop
vertex 0.03613152555762868 -0.06572300100328975 0.28
vertex 0.04018700962342476 -0.06332459441265112 0.28
vertex 0.03569794725093713 -0.06493432499125028 0.28
endloop
endfacet
facet normal 0.0 -0.0 1.0
outer loop
vertex 0.03569794725093713 -0.06493432499125028 0.28
vertex 0.04018700962342476 -0.06332459441265112 0.28
vertex 0.03970476550794366 -0.0625646992796993 0.28
endloop
endfacet
facet normal -0.5090414157503724 0.8607420270039431 0.0
outer loop
vertex 0.03569794725093713 -0.06493432499125028 0.28
vertex 0.03970476550794366 -0.0625646992796993 0.28
vertex 0.03569794725093713 -0.06493432499125028 -0.28
endloop
endfacet
facet normal -0.5090414157503724 0.8607420270039431 0.0
outer loop
vertex 0.03569794725093713 -0.06493432499125028 -0.28
vertex 0.03970476550794366 -0.0625646992796993 0.28
vertex 0.03970476550794366 -0.0625646992796993 -0.28
endloop
endfacet
facet normal 0.0 -0.0 -1.0
outer loop
vertex 0.03970476550794366 -0.0625646992796993 -0.28
vertex 0.0435548871948723 -0.059948159283183575 -0.28
vertex 0.04018700962342476 -0.06332459441265112 -0.28
endloop
endfacet
facet normal 0.0 0.0 -1.0
outer loop
vertex 0.04018700962342476 -0.06332459441265112 -0.28
vertex 0.0435548871948723 -0.059948159283183575 -0.28
vertex 0.04408389392193553 -0.060676274578121026 -0.28
endloop
endfacet
facet normal 0.5620833778521307 -0.8270805742745619 0.0
outer loop
vertex 0.04018700962342476 -0.06332459441265112 -0.28
vertex 0.04408389392193553 -0.060676274578121026 -0.28
vertex 0.04018700962342476 -0.06332459441265112 0.28
endloop
endfacet
facet normal 0.5620833778521307 -0.8270805742745619 0.0
outer loop
vertex 0.04018700962342476 -0.06332459441265112 0.28
vertex 0.04408389392193553 -0.060676274578121026 -0.28
vertex 0.04408389392193553 -0.060676274578121026 0.28
endloop
endfacet
facet normal 0.0 -0.0 1.0
outer loop
vertex 0.04018700962342476 -0.06332459441265112 0.28
vertex 0.04408389392193553 -0.060676274578121026 0.28
vertex 0.03970476550794366 -0.0625646992796993 0.28
endloop
endfacet
facet normal 0.0 -0.0 1.0
outer loop
vertex 0.03970476550794366 -0.0625646992796993 0.28
vertex 0.04408389392193553 -0.060676274578121026 0.28
vertex 0.0435548871948723 -0.059948159283183575 0.28
endloop
endfacet
facet normal -0.5620833778521307 0.8270805742745617 0.0
outer loop
vertex 0.03970476550794366 -0.0625646992796993 0.28
vertex 0.0435548871948723 -0.059948159283183575 0.28
vertex 0.03970476550794366 -0.0625646992796993 -0.28
endloop
endfacet
facet normal -0.5620833778521307 0.8270805742745617 0.0
outer loop
vertex 0.03970476550794366 -0.0625646992796993 -0.28
vertex 0.0435548871948723 -0.059948159283183575 0.28
vertex 0.0435548871948723 -0.059948159283183575 -0.28
endloop
endfacet
facet normal 0.0 -0.0 -1.0
outer loop
vertex 0.0435548871948723 -0.059948159283183575 -0.28
vertex 0.04723311764037793 -0.05709503128968597 -0.28
vertex 0.04408389392193553 -0.060676274578121026 -0.28
endloop
endfacet
facet normal 0.0 0.0 -1.0
outer loop
vertex 0.04408389392193553 -0.060676274578121026 -0.28
vertex 0.04723311764037793 -0.05709503128968597 -0.28
vertex 0.04780679923115175 -0.057788493208184175 -0.28
endloop
endfacet
facet normal 0.612907053652977 -0.7901550123756899 0.0
outer loop
vertex 0.04408389392193553 -0.060676274578121026 -0.28
vertex 0.04780679923115175 -0.057788493208184175 -0.28
vertex 0.04408389392193553 -0.060676274578121026 0.28
endloop
endfacet
facet normal 0.612907053652977 -0.7901550123756899 0.0
outer loop
vertex 0.04408389392193553 -0.060676274578121026 0.28
vertex 0.04780679923115175 -0.057788493208184175 -0.28
vertex 0.04780679923115175 -0.057788493208184175 0.28
endloop
endfacet
facet normal 0.0 -0.0 1.0
outer loop
vertex 0.04408389392193553 -0.060676274578121026 0.28
vertex 0.04780679923115175 -0.057788493208184175 0.28
vertex 0.0435548871948723 -0.059948159283183575 0.28
endloop
endfacet
facet normal 0.0 -0.0 1.0
outer loop
vertex 0.0435548871948723 -0.059948159283183575 0.28
vertex 0.04780679923115175 -0.057788493208184175 0.28
vertex 0.04723311764037793 -0.05709503128968597 0.28
endloop
endfacet
facet normal -0.6129070536529765 0.7901550123756904 0.0
outer loop
vertex 0.0435548871948723 -0.059948159283183575 0.28
vertex 0.04723311764037793 -0.05709503128968597 0.28
vertex 0.0435548871948723 -0.059948159283183575 -0.28
endloop
endfacet
facet normal -0.6129070536529765 0.7901550123756904 0.0
outer loop
vertex 0.0435548871948723 -0.059948159283183575 -0.28
vertex 0.04723311764037793 -0.05709503128968597 0.28
vertex 0.04723311764037793 -0.05709503128968597 -0.28
endloop
endfacet
facet normal 0.0 -0.0 -0.9999999999999999
outer loop
vertex 0.04723311764037793 -0.05709503128968597 -0.28
vertex 0.050724940549315825 -0.0540165752919266 -0.28
vertex 0.04780679923115175 -0.057788493208184175 -0.28
endloop
endfacet
facet normal 0.0 0.0 -1.0
outer loop
vertex 0.04780679923115175 -0.057788493208184175 -0.28
vertex 0.050724940549315825 -0.0540165752919266 -0.28
vertex 0.05134103294465164 -0.054672647056605864 -0.28
endloop
endfacet
facet normal 0.6613118653236527 -0.7501110696304589 0.0
outer loop
vertex 0.04780679923115175 -0.057788493208184175 -0.28
vertex 0.05134103294465164 -0.054672647056605864 -0.28
vertex 0.04780679923115175 -0.057788493208184175 0.28
endloop
endfacet
facet normal 0.6613118653236527 -0.7501110696304589 0.0
outer loop
vertex 0.04780679923115175 -0.057788493208184175 0.28
vertex 0.05134103294465164 -0.054672647056605864 -0.28
vertex 0.05134103294465164 -0.054672647056605864 0.28
endloop
endfacet
facet normal 0.0 -0.0 1.0
outer loop
vertex 0.04780679923115175 -0.057788493208184175 0.28
vertex 0.05134103294465164 -0.054672647056605864 0.28
vertex 0.04723311764037793 -0.05709503128968597 0.28
endloop
endfacet
facet normal 0.0 -0.0 1.0
outer loop
vertex 0.04723311764037793 -0.05709503128968597 0.28
vertex 0.05134103294465164 -0.054672647056605864 0.28
vertex 0.050724940549315825 -0.0540165752919266 0.28
endloop
endfacet
facet normal -0.6613118653236525 0.750111069630459 0.0
outer loop
vertex 0.04723311764037793 -0.05709503128968597 0.28
vertex 0.050724940549315825 -0.0540165752919266 0.28
vertex 0.04723311764037793 -0.05709503128968597 -0.28
endloop
endfacet
facet normal -0.6613118653236525 0.750111069630459 0.0
outer loop
vertex 0.04723311764037793 -0.05709503128968597 -0.28
vertex 0.050724940549315825 -0.0540165752919266 0.28
vertex 0.050724940549315825 -0.0540165752919266 -0.28
endloop
endfacet
facet normal 0.0 -0.0 -1.0
outer loop
vertex 0.050724940549315825 -0.0540165752919266 -0.28
vertex 0.05401657529192662 -0.050724940549315804 -0.28
vertex 0.05134103294465164 -0.054672647056605864 -0.28
endloop
endfacet
facet normal 0.0 0.0 -1.0
outer loop
vertex 0.05134103294465164 -0.054672647056605864 -0.28
vertex 0.05401657529192662 -0.050724940549315804 -0.28
vertex 0.05467264705660589 -0.05134103294465162 -0.28
endloop
endfacet
facet normal 0.7071067811865468 -0.7071067811865482 0.0
outer loop
vertex 0.05134103294465164 -0.054672647056605864 -0.28
vertex 0.05467264705660589 -0.05134103294465162 -0.28
vertex 0.05134103294465164 -0.054672647056605864 0.28
endloop
endfacet
facet normal 0.7071067811865468 -0.7071067811865482 0.0
outer loop
vertex 0.05134103294465164 -0.054672647056605864 0.28
vertex 0.05467264705660589 -0.05134103294465162 -0.28
vertex 0.05467264705660589 -0.05134103294465162 0.28
endloop
endfacet
facet normal 0.0 -0.0 1.0
outer loop
vertex 0.05134103294465164 -0.054672647056605864 0.28
vertex 0.05467264705660589 -0.05134103294465162 0.28
vertex 0.050724940549315825 -0.0540165752919266 0.28
endloop
endfacet
facet normal 0.0 -0.0 1.0
outer loop
vertex 0.050724940549315825 -0.0540165752919266 0.28
vertex 0.05467264705660589 -0.05134103294465162 0.28
vertex 0.05401657529192662 -0.050724940549315804 0.28
endloop
endfacet
facet normal -0.7071067811865476 0.7071067811865476 0.0
outer loop
vertex 0.050724940549315825 -0.0540165752919266 0.28
vertex 0.05401657529192662 -0.050724940549315804 0.28
vertex 0.050724940549315825 -0.0540165752919266 -0.28
endloop
endfacet
facet normal -0.7071067811865476 0.7071067811865476 0.0
outer loop
vertex 0.050724940549315825 -0.0540165752919266 -0.28
vertex 0.05401657529192662 -0.050724940549315804 0.28
vertex 0.05401657529192662 -0.050724940549315804 -0.28
endloop
endfacet
facet normal 0.0 -0.0 -1.0
outer loop
vertex 0.05401657529192662 -0.050724940549315804 -0.28
vertex 0.05709503128968599 -0.0472331176403779 -0.28
vertex 0.05467264705660589 -0.05134103294465162 -0.28
endloop
endfacet
facet normal 0.0 0.0 -1.0
outer loop
vertex 0.05467264705660589 -0.05134103294465162 -0.28
vertex 0.05709503128968599 -0.0472331176403779 -0.28
vertex 0.0577884932081842 -0.04780679923115172 -0.28
endloop
endfacet
facet normal 0.7501110696304596 -0.6613118653236518 0.0
outer loop
vertex 0.05467264705660589 -0.05134103294465162 -0.28
vertex 0.0577884932081842 -0.04780679923115172 -0.28
vertex 0.05467264705660589 -0.05134103294465162 0.28
endloop
endfacet
facet normal 0.7501110696304596 -0.6613118653236518 0.0
outer loop
vertex 0.05467264705660589 -0.05134103294465162 0.28
vertex 0.0577884932081842 -0.04780679923115172 -0.28
vertex 0.0577884932081842 -0.04780679923115172 0.28
endloop
endfacet
facet normal 0.0 -0.0 1.0
outer loop
vertex 0.05467264705660589 -0.05134103294465162 0.28
vertex 0.0577884932081842 -0.04780679923115172 0.28
vertex 0.05401657529192662 -0.050724940549315804 0.28
endloop
endfacet
facet normal 0.0 -0.0 1.0
outer loop
vertex 0.05401657529192662 -0.050724940549315804 0.28
vertex 0.0577884932081842 -0.04780679923115172 0.28
vertex 0.05709503128968599 -0.0472331176403779 0.28
endloop
endfacet
facet normal -0.7501110696304596 0.6613118653236517 0.0
outer loop
vertex 0.05401657529192662 -0.050724940549315804 0.28
vertex 0.05709503128968599 -0.0472331176403779 0.28
vertex 0.05401657529192662 -0.050724940549315804 -0.28
endloop
endfacet
facet normal -0.7501110696304596 0.6613118653236517 0.0
outer loop
vertex 0.05401657529192662 -0.050724940549315804 -0.28
vertex 0.05709503128968599 -0.0472331176403779 0.28
vertex 0.05709503128968599 -0.0472331176403779 -0.28
endloop
endfacet
facet normal 0.0 -0.0 -1.0
outer loop
vertex 0.05709503128968599 -0.0472331176403779 -0.28
vertex 0.05994815928318363 -0.043554887194872216 -0.28
vertex 0.0577884932081842 -0.04780679923115172 -0.28
endloop
endfacet
facet normal 0.0 0.0 -1.0
outer loop
vertex 0.0577884932081842 -0.04780679923115172 -0.28
vertex 0.05994815928318363 -0.043554887194872216 -0.28
vertex 0.06067627457812108 -0.044083893921935444 -0.28
endloop
endfacet
facet normal 0.7901550123756915 -0.612907053652975 0.0
outer loop
vertex 0.0577884932081842 -0.04780679923115172 -0.28
vertex 0.06067627457812108 -0.044083893921935444 -0.28
vertex 0.0577884932081842 -0.04780679923115172 0.28
endloop
endfacet
facet normal 0.7901550123756915 -0.612907053652975 0.0
outer loop
vertex 0.0577884932081842 -0.04780679923115172 0.28
vertex 0.06067627457812108 -0.044083893921935444 -0.28
vertex 0.06067627457812108 -0.044083893921935444 0.28
endloop
endfacet
facet normal 0.0 -0.0 1.0
outer loop
vertex 0.0577884932081842 -0.04780679923115172 0.28
vertex 0.06067627457812108 -0.044083893921935444 0.28
vertex 0.05709503128968599 -0.0472331176403779 0.28
endloop
endfacet
facet normal 0.0 -0.0 1.0
outer loop
vertex 0.05709503128968599 -0.0472331176403779 0.28
vertex 0.06067627457812108 -0.044083893921935444 0.28
vertex 0.05994815928318363 -0.043554887194872216 0.28
endloop
endfacet
facet normal -0.7901550123756912 0.6129070536529754 0.0
outer loop
vertex 0.05709503128968599 -0.0472331176403779 0.28
vertex 0.05994815928318363 -0.043554887194872216 0.28
vertex 0.05709503128968599 -0.0472331176403779 -0.28
endloop
endfacet
facet normal -0.7901550123756912 0.6129070536529754 0.0
outer loop
vertex 0.05709503128968599 -0.0472331176403779 -0.28
vertex 0.05994815928318363 -0.043554887194872216 0.28
vertex 0.05994815928318363 -0.043554887194872216 -0.28
endloop
endfacet
facet normal 0.0 -0.0 -1.0
outer loop
vertex 0.05994815928318363 -0.043554887194872216 -0.28
vertex 0.06256469927969933 -0.03970476550794363 -0.28
vertex 0.06067627457812108 -0.044083893921935444 -0.28
endloop
endfacet
facet normal 0.0 0.0 -1.0
outer loop
vertex 0.06067627457812108 -0.044083893921935444 -0.28
vertex 0.06256469927969933 -0.03970476550794363 -0.28
vertex 0.06332459441265115 -0.040187009623424724 -0.28
endloop
endfacet
facet normal 0.8270805742745613 -0.5620833778521312 0.0
outer loop
vertex 0.06067627457812108 -0.044083893921935444 -0.28
vertex 0.06332459441265115 -0.040187009623424724 -0.28
vertex 0.06067627457812108 -0.044083893921935444 0.28
endloop
endfacet
facet normal 0.8270805742745613 -0.5620833778521312 0.0
outer loop
vertex 0.06067627457812108 -0.044083893921935444 0.28
vertex 0.06332459441265115 -0.040187009623424724 -0.28
vertex 0.06332459441265115 -0.040187009623424724 0.28
endloop
endfacet
facet normal 0.0 -0.0 1.0
outer loop
vertex 0.06067627457812108 -0.044083893921935444 0.28
vertex 0.06332459441265115 -0.040187009623424724 0.28
vertex 0.05994815928318363 -0.043554887194872216 0.28
endloop
endfacet
facet normal 0.0 -0.0 1.0
outer loop
vertex 0.05994815928318363 -0.043554887194872216 0.28
vertex 0.06332459441265115 -0.040187009623424724 0.28
vertex 0.06256469927969933 -0.03970476550794363 0.28
endloop
endfacet
facet normal -0.8270805742745613 0.5620833778521314 0.0
outer loop
vertex 0.05994815928318363 -0.043554887194872216 0.28
vertex 0.06256469927969933 -0.03970476550794363 0.28
vertex 0.05994815928318363 -0.043554887194872216 -0.28
endloop
endfacet
facet normal -0.8270805742745613 0.5620833778521314 0.0
outer loop
vertex 0.05994815928318363 -0.043554887194872216 -0.28
vertex 0.06256469927969933 -0.03970476550794363 0.28
vertex 0.06256469927969933 -0.03970476550794363 -0.28
endloop
endfacet
facet normal 0.0 -0.0 -1.0
outer loop
vertex 0.06256469927969933 -0.03970476550794363 -0.28
vertex 0.06493432499125029 -0.035697947250937105 -0.28
vertex 0.06332459441265115 -0.040187009623424724 -0.28
endloop
endfacet
facet normal 0.0 0.0 -1.0
outer loop
vertex 0.06332459441265115 -0.040187009623424724 -0.28
vertex 0.06493432499125029 -0.035697947250937105 -0.28
vertex 0.06572300100328976 -0.03613152555762865 -0.28
endloop
endfacet
facet normal 0.8607420270039445 -0.5090414157503698 0.0
outer loop
vertex 0.06332459441265115 -0.040187009623424724 -0.28
vertex 0.06572300100328976 -0.03613152555762865 -0.28
vertex 0.06332459441265115 -0.040187009623424724 0.28
endloop
endfacet
facet normal 0.8607420270039445 -0.5090414157503698 0.0
outer loop
vertex 0.06332459441265115 -0.040187009623424724 0.28
vertex 0.06572300100328976 -0.03613152555762865 -0.28
vertex 0.06572300100328976 -0.03613152555762865 0.28
endloop
endfacet
facet normal 0.0 -0.0 1.0
outer loop
vertex 0.06332459441265115 -0.040187009623424724 0.28
vertex 0.06572300100328976 -0.03613152555762865 0.28
vertex 0.06256469927969933 -0.03970476550794363 0.28
endloop
endfacet
facet normal 0.0 -0.0 1.0
outer loop
vertex 0.06256469927969933 -0.03970476550794363 0.28
vertex 0.06572300100328976 -0.03613152555762865 0.28
vertex 0.06493432499125029 -0.035697947250937105 0.28
endloop
endfacet
facet normal -0.8607420270039439 0.5090414157503709 0.0
outer loop
vertex 0.06256469927969933 -0.03970476550794363 0.28
vertex 0.06493432499125029 -0.035697947250937105 0.28
vertex 0.06256469927969933 -0.03970476550794363 -0.28
endloop
endfacet
facet normal -0.8607420270039439 0.5090414157503709 0.0
outer loop
vertex 0.06256469927969933 -0.03970476550794363 -0.28
vertex 0.06493432499125029 -0.035697947250937105 0.28
vertex 0.06493432499125029 -0.035697947250937105 -0.28
endloop
endfacet
facet normal 0.0 -0.0 -1.0
outer loop
vertex 0.06493432499125029 -0.035697947250937105 -0.28
vertex 0.06704768458773205 -0.031550245504971854 -0.28
vertex 0.06572300100328976 -0.03613152555762865 -0.28
endloop
endfacet
facet normal 0.0 0.0 -1.0
outer loop
vertex 0.06572300100328976 -0.03613152555762865 -0.28
vertex 0.06704768458773205 -0.031550245504971854 -0.28
vertex 0.06786202893495147 -0.031933446867380415 -0.28
endloop
endfacet
facet normal 0.8910065241883685 -0.45399049973954564 0.0
outer loop
vertex 0.06572300100328976 -0.03613152555762865 -0.28
vertex 0.06786202893495147 -0.031933446867380415 -0.28
vertex 0.06572300100328976 -0.03613152555762865 0.28
endloop
endfacet
facet normal 0.8910065241883685 -0.45399049973954564 0.0
outer loop
vertex 0.06572300100328976 -0.03613152555762865 0.28
vertex 0.06786202893495147 -0.031933446867380415 -0.28
vertex 0.06786202893495147 -0.031933446867380415 0.28
endloop
endfacet
facet normal 0.0 -0.0 1.0
outer loop
vertex 0.06572300100328976 -0.03613152555762865 0.28
vertex 0.06786202893495147 -0.031933446867380415 0.28
vertex 0.06493432499125029 -0.035697947250937105 0.28
endloop
endfacet
facet normal 0.0 -0.0 1.0
outer loop
vertex 0.06493432499125029 -0.035697947250937105 0.28
vertex 0.06786202893495147 -0.031933446867380415 0.28
vertex 0.06704768458773205 -0.031550245504971854 0.28
endloop
endfacet
facet normal -0.8910065241883688 0.45399049973954514 0.0
outer loop
vertex 0.06493432499125029 -0.035697947250937105 0.28
vertex 0.06704768458773205 -0.031550245504971854 0.28
vertex 0.06493432499125029 -0.035697947250937105 -0.28
endloop
endfacet
facet normal -0.8910065241883688 0.45399049973954514 0.0
outer loop
vertex 0.06493432499125029 -0.035697947250937105 -0.28
vertex 0.06704768458773205 -0.031550245504971854 0.28
vertex 0.06704768458773205 -0.031550245504971854 -0.28
endloop
endfacet
facet normal 0.0 -0.0 -1.0
outer loop
vertex 0.06704768458773205 -0.031550245504971854 -0.28
vertex 0.06889643760431943 -0.02727802935393463 -0.28
vertex 0.06786202893495147 -0.031933446867380415 -0.28
endloop
endfacet
facet normal 0.0 0.0 -1.0
outer loop
vertex 0.06786202893495147 -0.031933446867380415 -0.28
vertex 0.06889643760431943 -0.02727802935393463 -0.28
vertex 0.06973323644161886 -0.027609341451350838 -0.28
endloop
endfacet
facet normal 0.9177546256839805 -0.3971478906347821 0.0
outer loop
vertex 0.06786202893495147 -0.031933446867380415 -0.28
vertex 0.06973323644161886 -0.027609341451350838 -0.28
vertex 0.06786202893495147 -0.031933446867380415 0.28
endloop
endfacet
facet normal 0.9177546256839805 -0.3971478906347821 0.0
outer loop
vertex 0.06786202893495147 -0.031933446867380415 0.28
vertex 0.06973323644161886 -0.027609341451350838 -0.28
vertex 0.06973323644161886 -0.027609341451350838 0.28
endloop
endfacet
facet normal 0.0 -0.0 0.9999999999999999
outer loop
vertex 0.06786202893495147 -0.031933446867380415 0.28
vertex 0.06973323644161886 -0.027609341451350838 0.28
vertex 0.06704768458773205 -0.031550245504971854 0.28
endloop
endfacet
facet normal 0.0 -0.0 1.0
outer loop
vertex 0.06704768458773205 -0.031550245504971854 0.28
vertex 0.06973323644161886 -0.027609341451350838 0.28
vertex 0.06889643760431943 -0.02727802935393463 0.28
endloop
endfacet
facet normal -0.9177546256839806 0.39714789063478195 0.0
outer loop
vertex 0.06704768458773205 -0.031550245504971854 0.28
vertex 0.06889643760431943 -0.02727802935393463 0.28
vertex 0.06704768458773205 -0.031550245504971854 -0.28
endloop
endfacet
facet normal -0.9177546256839806 0.39714789063478195 0.0
outer loop
vertex 0.06704768458773205 -0.031550245504971854 -0.28
vertex 0.06889643760431943 -0.02727802935393463 0.28
vertex 0.06889643760431943 -0.02727802935393463 -0.28
endloop
endfacet
facet normal 0.0 -0.0 -1.0
outer loop
vertex 0.06889643760431943 -0.02727802935393463 -0.28
vertex 0.0704732878574709 -0.022898159283183558 -0.28
vertex 0.06973323644161886 -0.027609341451350838 -0.28
endloop
endfacet
facet normal 0.0 0.0 -1.0
outer loop
vertex 0.06973323644161886 -0.027609341451350838 -0.28
vertex 0.0704732878574709 -0.022898159283183558 -0.28
vertex 0.07132923872213653 -0.02317627457812101 -0.28
endloop
endfacet
facet normal 0.9408807689542253 -0.33873792024529165 0.0
outer loop
vertex 0.06973323644161886 -0.027609341451350838 -0.28
vertex 0.07132923872213653 -0.02317627457812101 -0.28
vertex 0.06973323644161886 -0.027609341451350838 0.28
endloop
endfacet
facet normal 0.9408807689542253 -0.33873792024529165 0.0
outer loop
vertex 0.06973323644161886 -0.027609341451350838 0.28
vertex 0.07132923872213653 -0.02317627457812101 -0.28
vertex 0.07132923872213653 -0.02317627457812101 0.28
endloop
endfacet
facet normal 0.0 -0.0 1.0
outer loop
vertex 0.06973323644161886 -0.027609341451350838 0.28
vertex 0.07132923872213653 -0.02317627457812101 0.28
vertex 0.06889643760431943 -0.02727802935393463 0.28
endloop
endfacet
facet normal 0.0 -0.0 1.0
outer loop
vertex 0.06889643760431943 -0.02727802935393463 0.28
vertex 0.07132923872213653 -0.02317627457812101 0.28
vertex 0.0704732878574709 -0.022898159283183558 0.28
endloop
endfacet
facet normal -0.9408807689542256 0.3387379202452909 0.0
outer loop
vertex 0.06889643760431943 -0.02727802935393463 0.28
vertex 0.0704732878574709 -0.022898159283183558 0.28
vertex 0.06889643760431943 -0.02727802935393463 -0.28
endloop
endfacet
facet normal -0.9408807689542256 0.3387379202452909 0.0
outer loop
vertex 0.06889643760431943 -0.02727802935393463 -0.28
vertex 0.0704732878574709 -0.022898159283183558 0.28
vertex 0.0704732878574709 -0.022898159283183558 -0.28
endloop
endfacet
facet normal 0.0 -0.0 -1.0
outer loop
vertex 0.0704732878574709 -0.022898159283183558 -0.28
vertex 0.07177201223963157 -0.018427920638915716 -0.28
vertex 0.07132923872213653 -0.02317627457812101 -0.28
endloop
endfacet
facet normal 0.0 0.0 -1.0
outer loop
vertex 0.07132923872213653 -0.02317627457812101 -0.28
vertex 0.07177201223963157 -0.018427920638915716 -0.28
vertex 0.07264373708464733 -0.018651741537364087 -0.28
endloop
endfacet
facet normal 0.9602936856769438 -0.2789911060392269 0.0
outer loop
vertex 0.07132923872213653 -0.02317627457812101 -0.28
vertex 0.07264373708464733 -0.018651741537364087 -0.28
vertex 0.07132923872213653 -0.02317627457812101 0.28
endloop
endfacet
facet normal 0.9602936856769438 -0.2789911060392269 0.0
outer loop
vertex 0.07132923872213653 -0.02317627457812101 0.28
vertex 0.07264373708464733 -0.018651741537364087 -0.28
vertex 0.07264373708464733 -0.018651741537364087 0.28
endloop
endfacet
facet normal 0.0 -0.0 1.0
outer loop
vertex 0.07132923872213653 -0.02317627457812101 0.28
vertex 0.07264373708464733 -0.018651741537364087 0.28
vertex 0.0704732878574709 -0.022898159283183558 0.28
endloop
endfacet
facet normal 0.0 -0.0 1.0
outer loop
vertex 0.0704732878574709 -0.022898159283183558 0.28
vertex 0.07264373708464733 -0.018651741537364087 0.28
vertex 0.07177201223963157 -0.018427920638915716 0.28
endloop
endfacet
facet normal -0.9602936856769431 0.2789911060392291 0.0
outer loop
vertex 0.0704732878574709 -0.022898159283183558 0.28
vertex 0.07177201223963157 -0.018427920638915716 0.28
vertex 0.0704732878574709 -0.022898159283183558 -0.28
endloop
endfacet
facet normal -0.9602936856769431 0.2789911060392291 0.0
outer loop
vertex 0.0704732878574709 -0.022898159283183558 -0.28
vertex 0.07177201223963157 -0.018427920638915716 0.28
vertex 0.07177201223963157 -0.018427920638915716 -0.28
endloop
endfacet
facet normal 0.0 -0.0 -1.0
outer loop
vertex 0.07177201223963157 -0.018427920638915716 -0.28
vertex 0.07278748527899584 -0.013884955410802199 -0.28
vertex 0.07264373708464733 -0.018651741537364087 -0.28
endloop
endfacet
facet normal 0.0 0.0 -1.0
outer loop
vertex 0.07264373708464733 -0.018651741537364087 -0.28
vertex 0.07278748527899584 -0.013884955410802199 -0.28
vertex 0.07367154380465166 -0.01405359859392935 -0.28
endloop
endfacet
facet normal 0.9759167619387468 -0.21814324139654556 0.0
outer loop
vertex 0.07264373708464733 -0.018651741537364087 -0.28
vertex 0.07367154380465166 -0.01405359859392935 -0.28
vertex 0.07264373708464733 -0.018651741537364087 0.28
endloop
endfacet
facet normal 0.9759167619387468 -0.21814324139654556 0.0
outer loop
vertex 0.07264373708464733 -0.018651741537364087 0.28
vertex 0.07367154380465166 -0.01405359859392935 -0.28
vertex 0.07367154380465166 -0.01405359859392935 0.28
endloop
endfacet
facet normal 0.0 -0.0 1.0
outer loop
vertex 0.07264373708464733 -0.018651741537364087 0.28
vertex 0.07367154380465166 -0.01405359859392935 0.28
vertex 0.07177201223963157 -0.018427920638915716 0.28
endloop
endfacet
facet normal 0.0 -0.0 1.0
outer loop
vertex 0.07177201223963157 -0.018427920638915716 0.28
vertex 0.07367154380465166 -0.01405359859392935 0.28
vertex 0.07278748527899584 -0.013884955410802199 0.28
endloop
endfacet
facet normal -0.9759167619387471 0.2181432413965437 0.0
outer loop
vertex 0.07177201223963157 -0.018427920638915716 0.28
vertex 0.07278748527899584 -0.013884955410802199 0.28
vertex 0.07177201223963157 -0.018427920638915716 -0.28
endloop
endfacet
facet normal -0.9759167619387471 0.2181432413965437 0.0
outer loop
vertex 0.07177201223963157 -0.018427920638915716 -0.28
vertex 0.07278748527899584 -0.013884955410802199 0.28
vertex 0.07278748527899584 -0.013884955410802199 -0.28
endloop
endfacet
facet normal 0.0 0.0 -1.0
outer loop
vertex 0.07278748527899584 -0.013884955410802199 -0.28
vertex 0.0735156993674028 -0.00928719260711491 -0.28
vertex 0.07367154380465166 -0.01405359859392935 -0.28
endloop
endfacet
facet normal 0.0 0.0 -1.0
outer loop
vertex 0.07367154380465166 -0.01405359859392935 -0.28
vertex 0.0735156993674028 -0.00928719260711491 -0.28
vertex 0.07440860259858584 -0.009399992517322783 -0.28
endloop
endfacet
facet normal 0.9876883405951381 -0.1564344650402285 0.0
outer loop
vertex 0.07367154380465166 -0.01405359859392935 -0.28
vertex 0.07440860259858584 -0.009399992517322783 -0.28
vertex 0.07367154380465166 -0.01405359859392935 0.28
endloop
endfacet
facet normal 0.9876883405951381 -0.1564344650402285 0.0
outer loop
vertex 0.07367154380465166 -0.01405359859392935 0.28
vertex 0.07440860259858584 -0.009399992517322783 -0.28
vertex 0.07440860259858584 -0.009399992517322783 0.28
endloop
endfacet
facet normal 0.0 -0.0 1.0
outer loop
vertex 0.07367154380465166 -0.01405359859392935 0.28
vertex 0.07440860259858584 -0.009399992517322783 0.28
vertex 0.07278748527899584 -0.013884955410802199 0.28
endloop
endfacet
facet normal 0.0 -0.0 1.0
outer loop
vertex 0.07278748527899584 -0.013884955410802199 0.28
vertex 0.07440860259858584 -0.009399992517322783 0.28
vertex 0.0735156993674028 -0.00928719260711491 0.28
endloop
endfacet
facet normal -0.9876883405951381 0.1564344650402277 0.0
outer loop
vertex 0.07278748527899584 -0.013884955410802199 0.28
vertex 0.0735156993674028 -0.00928719260711491 0.28
vertex 0.07278748527899584 -0.013884955410802199 -0.28
endloop
endfacet
facet normal -0.9876883405951381 0.1564344650402277 0.0
outer loop
vertex 0.07278748527899584 -0.013884955410802199 -0.28
vertex 0.0735156993674028 -0.00928719260711491 0.28
vertex 0.0735156993674028 -0.00928719260711491 -0.28
endloop
endfacet
facet normal 0.0 0.0 -1.0
outer loop
vertex 0.0735156993674028 -0.00928719260711491 -0.28
vertex 0.07395378057653493 -0.004652777497122113 -0.28
vertex 0.07440860259858584 -0.009399992517322783 -0.28
endloop
endfacet
facet normal 0.0 0.0 -1.0
outer loop
vertex 0.07440860259858584 -0.009399992517322783 -0.28
vertex 0.07395378057653493 -0.004652777497122113 -0.28
vertex 0.07485200463212037 -0.0047092889646984945 -0.28
endloop
endfacet
facet normal 0.9955619646030799 -0.09410831331851527 0.0
outer loop
vertex 0.07440860259858584 -0.009399992517322783 -0.28
vertex 0.07485200463212037 -0.0047092889646984945 -0.28
vertex 0.07440860259858584 -0.009399992517322783 0.28
endloop
endfacet
facet normal 0.9955619646030799 -0.09410831331851527 0.0
outer loop
vertex 0.07440860259858584 -0.009399992517322783 0.28
vertex 0.07485200463212037 -0.0047092889646984945 -0.28
vertex 0.07485200463212037 -0.0047092889646984945 0.28
endloop
endfacet
facet normal 0.0 -0.0 1.0
outer loop
vertex 0.07440860259858584 -0.009399992517322783 0.28
vertex 0.07485200463212037 -0.0047092889646984945 0.28
vertex 0.0735156993674028 -0.00928719260711491 0.28
endloop
endfacet
facet normal 0.0 -0.0 1.0
outer loop
vertex 0.0735156993674028 -0.00928719260711491 0.28
vertex 0.07485200463212037 -0.0047092889646984945 0.28
vertex 0.07395378057653493 -0.004652777497122113 0.28
endloop
endfacet
facet normal -0.9955619646030798 0.09410831331851607 0.0
outer loop
vertex 0.0735156993674028 -0.00928719260711491 0.28
vertex 0.07395378057653493 -0.004652777497122113 0.28
vertex 0.0735156993674028 -0.00928719260711491 -0.28
endloop
endfacet
facet normal -0.9955619646030798 0.09410831331851607 0.0
outer loop
vertex 0.0735156993674028 -0.00928719260711491 -0.28
vertex 0.07395378057653493 -0.004652777497122113 0.28
vertex 0.07395378057653493 -0.004652777497122113 -0.28
endloop
endfacet
facet normal 0.0 0.0 -1.0
outer loop
vertex 0.07395378057653493 -0.004652777497122113 -0.28
vertex 0.0741 0.0 -0.28
vertex 0.07485200463212037 -0.0047092889646984945 -0.28
endloop
endfacet
facet normal 0.0 0.0 -1.0
outer loop
vertex 0.07485200463212037 -0.0047092889646984945 -0.28
vertex 0.0741 0.0 -0.28
vertex 0.075 0.0 -0.28
endloop
endfacet
facet normal 0.9995065603657315 -0.031410759078127216 0.0
outer loop
vertex 0.07485200463212037 -0.0047092889646984945 -0.28
vertex 0.075 0.0 -0.28
vertex 0.07485200463212037 -0.0047092889646984945 0.28
endloop
endfacet
facet normal 0.9995065603657315 -0.031410759078127216 0.0
outer loop
vertex 0.07485200463212037 -0.0047092889646984945 0.28
vertex 0.075 0.0 -0.28
vertex 0.075 0.0 0.28
endloop
endfacet
facet normal 0.0 -0.0 1.0
outer loop
vertex 0.07485200463212037 -0.0047092889646984945 0.28
vertex 0.075 0.0 0.28
vertex 0.07395378057653493 -0.004652777497122113 0.28
endloop
endfacet
facet normal 0.0 -0.0 1.0
outer loop
vertex 0.07395378057653493 -0.004652777497122113 0.28
vertex 0.075 0.0 0.28
vertex 0.0741 0.0 0.28
endloop
endfacet
facet normal -0.9995065603657316 0.031410759078127126 0.0
outer loop
vertex 0.07395378057653493 -0.004652777497122113 0.28
vertex 0.0741 0.0 0.28
vertex 0.07395378057653493 -0.004652777497122113 -0.28
endloop
endfacet
facet normal -0.9995065603657316 0.031410759078127126 0.0
outer loop
vertex 0.07395378057653493 -0.004652777497122113 -0.28
vertex 0.0741 0.0 0.28
vertex 0.0741 0.0 -0.28
endloop
endfacet

endsolid
