solid
facet normal 0.0 0.0 -1.0
outer loop
vertex 0.075 0.0 0.28
vertex 0.0 0.0 0.28
vertex 0.07485200463212037 0.004709288964698503 0.28
endloop
endfacet
facet normal 0.9995065603657317 0.03141075907812717 0.0
outer loop
vertex 0.075 0.0 0.28
vertex 0.07485200463212037 0.004709288964698503 0.28
vertex 0.075 0.0 0.28200000000000003
endloop
endfacet
facet normal 0.9995065603657317 0.03141075907812717 -0.0
outer loop
vertex 0.075 0.0 0.28200000000000003
vertex 0.07485200463212037 0.004709288964698503 0.28
vertex 0.07485200463212037 0.004709288964698503 0.28200000000000003
endloop
endfacet
facet normal 0.0 0.0 1.0
outer loop
vertex 0.075 0.0 0.28200000000000003
vertex 0.07485200463212037 0.004709288964698503 0.28200000000000003
vertex 0.0 0.0 0.28200000000000003
endloop
endfacet
facet normal -0.0 0.0 -1.0
outer loop
vertex 0.07485200463212037 0.004709288964698503 0.28
vertex 0.0 0.0 0.28
vertex 0.07440860259858584 0.00939999251732282 0.28
endloop
endfacet
facet normal 0.99556196460308 0.09410831331851473 0.0
outer loop
vertex 0.07485200463212037 0.004709288964698503 0.28
vertex 0.07440860259858584 0.00939999251732282 0.28
vertex 0.07485200463212037 0.004709288964698503 0.28200000000000003
endloop
endfacet
facet normal 0.99556196460308 0.09410831331851473 -0.0
outer loop
vertex 0.07485200463212037 0.004709288964698503 0.28200000000000003
vertex 0.07440860259858584 0.00939999251732282 0.28
vertex 0.07440860259858584 0.00939999251732282 0.28200000000000003
endloop
endfacet
facet normal 0.0 0.0 1.0
outer loop
vertex 0.07485200463212037 0.004709288964698503 0.28200000000000003
vertex 0.07440860259858584 0.00939999251732282 0.28200000000000003
vertex 0.0 0.0 0.28200000000000003
endloop
endfacet
facet normal -0.0 0.0 -1.0
outer loop
vertex 0.07440860259858584 0.00939999251732282 0.28
vertex 0.0 0.0 0.28
vertex 0.07367154380465166 0.014053598593929347 0.28
endloop
endfacet
facet normal 0.9876883405951378 0.15643446504022984 0.0
outer loop
vertex 0.07440860259858584 0.00939999251732282 0.28
vertex 0.07367154380465166 0.014053598593929347 0.28
vertex 0.07440860259858584 0.00939999251732282 0.28200000000000003
endloop
endfacet
facet normal 0.9876883405951378 0.15643446504022984 -0.0
outer loop
vertex 0.07440860259858584 0.00939999251732282 0.28200000000000003
vertex 0.07367154380465166 0.014053598593929347 0.28
vertex 0.07367154380465166 0.014053598593929347 0.28200000000000003
endloop
endfacet
facet normal 0.0 0.0 1.0
outer loop
vertex 0.07440860259858584 0.00939999251732282 0.28200000000000003
vertex 0.07367154380465166 0.014053598593929347 0.28200000000000003
vertex 0.0 0.0 0.28200000000000003
endloop
endfacet
facet normal -0.0 0.0 -1.0
outer loop
vertex 0.07367154380465166 0.014053598593929347 0.28
vertex 0.0 0.0 0.28
vertex 0.07264373708464733 0.018651741537364108 0.28
endloop
endfacet
facet normal 0.975916761938747 0.21814324139654442 0.0
outer loop
vertex 0.07367154380465166 0.014053598593929347 0.28
vertex 0.07264373708464733 0.018651741537364108 0.28
vertex 0.07367154380465166 0.014053598593929347 0.28200000000000003
endloop
endfacet
facet normal 0.975916761938747 0.21814324139654442 -0.0
outer loop
vertex 0.07367154380465166 0.014053598593929347 0.28200000000000003
vertex 0.07264373708464733 0.018651741537364108 0.28
vertex 0.07264373708464733 0.018651741537364108 0.28200000000000003
endloop
endfacet
facet normal 0.0 0.0 1.0
outer loop
vertex 0.07367154380465166 0.014053598593929347 0.28200000000000003
vertex 0.07264373708464733 0.018651741537364108 0.28200000000000003
vertex 0.0 0.0 0.28200000000000003
endloop
endfacet
facet normal -0.0 0.0 -1.0
outer loop
vertex 0.07264373708464733 0.018651741537364108 0.28
vertex 0.0 0.0 0.28
vertex 0.0713292387221365 0.023176274578121055 0.28
endloop
endfacet
facet normal 0.9602936856769426 0.2789911060392309 0.0
outer loop
vertex 0.07264373708464733 0.018651741537364108 0.28
vertex 0.0713292387221365 0.023176274578121055 0.28
vertex 0.07264373708464733 0.018651741537364108 0.28200000000000003
endloop
endfacet
facet normal 0.9602936856769426 0.2789911060392309 -0.0
outer loop
vertex 0.07264373708464733 0.018651741537364108 0.28200000000000003
vertex 0.0713292387221365 0.023176274578121055 0.28
vertex 0.0713292387221365 0.023176274578121055 0.28200000000000003
endloop
endfacet
facet normal 0.0 0.0 1.0
outer loop
vertex 0.07264373708464733 0.018651741537364108 0.28200000000000003
vertex 0.0713292387221365 0.023176274578121055 0.28200000000000003
vertex 0.0 0.0 0.28200000000000003
endloop
endfacet
facet normal -0.0 0.0 -0.9999999999999999
outer loop
vertex 0.0713292387221365 0.023176274578121055 0.28
vertex 0.0 0.0 0.28
vertex 0.06973323644161884 0.027609341451350848 0.28
endloop
endfacet
facet normal 0.9408807689542256 0.3387379202452914 0.0
outer loop
vertex 0.0713292387221365 0.023176274578121055 0.28
vertex 0.06973323644161884 0.027609341451350848 0.28
vertex 0.0713292387221365 0.023176274578121055 0.28200000000000003
endloop
endfacet
facet normal 0.9408807689542256 0.3387379202452914 -0.0
outer loop
vertex 0.0713292387221365 0.023176274578121055 0.28200000000000003
vertex 0.06973323644161884 0.027609341451350848 0.28
vertex 0.06973323644161884 0.027609341451350848 0.28200000000000003
endloop
endfacet
facet normal 0.0 0.0 1.0
outer loop
vertex 0.0713292387221365 0.023176274578121055 0.28200000000000003
vertex 0.06973323644161884 0.027609341451350848 0.28200000000000003
vertex 0.0 0.0 0.28200000000000003
endloop
endfacet
facet normal -0.0 0.0 -1.0
outer loop
vertex 0.06973323644161884 0.027609341451350848 0.28
vertex 0.0 0.0 0.28
vertex 0.06786202893495145 0.03193344686738045 0.28
endloop
endfacet
facet normal 0.9177546256839814 0.39714789063478023 0.0
outer loop
vertex 0.06973323644161884 0.027609341451350848 0.28
vertex 0.06786202893495145 0.03193344686738045 0.28
vertex 0.06973323644161884 0.027609341451350848 0.28200000000000003
endloop
endfacet
facet normal 0.9177546256839814 0.39714789063478023 -0.0
outer loop
vertex 0.06973323644161884 0.027609341451350848 0.28200000000000003
vertex 0.06786202893495145 0.03193344686738045 0.28
vertex 0.06786202893495145 0.03193344686738045 0.28200000000000003
endloop
endfacet
facet normal 0.0 0.0 1.0
outer loop
vertex 0.06973323644161884 0.027609341451350848 0.28200000000000003
vertex 0.06786202893495145 0.03193344686738045 0.28200000000000003
vertex 0.0 0.0 0.28200000000000003
endloop
endfacet
facet normal -0.0 0.0 -1.0
outer loop
vertex 0.06786202893495145 0.03193344686738045 0.28
vertex 0.0 0.0 0.28
vertex 0.06572300100328976 0.03613152555762865 0.28
endloop
endfacet
facet normal 0.8910065241883682 0.4539904997395463 0.0
outer loop
vertex 0.06786202893495145 0.03193344686738045 0.28
vertex 0.06572300100328976 0.03613152555762865 0.28
vertex 0.06786202893495145 0.03193344686738045 0.28200000000000003
endloop
endfacet
facet normal 0.8910065241883682 0.4539904997395463 -0.0
outer loop
vertex 0.06786202893495145 0.03193344686738045 0.28200000000000003
vertex 0.06572300100328976 0.03613152555762865 0.28
vertex 0.06572300100328976 0.03613152555762865 0.28200000000000003
endloop
endfacet
facet normal 0.0 0.0 1.0
outer loop
vertex 0.06786202893495145 0.03193344686738045 0.28200000000000003
vertex 0.06572300100328976 0.03613152555762865 0.28200000000000003
vertex 0.0 0.0 0.28200000000000003
endloop
endfacet
facet normal -0.0 0.0 -1.0
outer loop
vertex 0.06572300100328976 0.03613152555762865 0.28
vertex 0.0 0.0 0.28
vertex 0.06332459441265113 0.040187009623424745 0.28
endloop
endfacet
facet normal 0.8607420270039444 0.50904141575037 0.0
outer loop
vertex 0.06572300100328976 0.03613152555762865 0.28
vertex 0.06332459441265113 0.040187009623424745 0.28
vertex 0.06572300100328976 0.03613152555762865 0.28200000000000003
endloop
endfacet
facet normal 0.8607420270039444 0.50904141575037 -0.0
outer loop
vertex 0.06572300100328976 0.03613152555762865 0.28200000000000003
vertex 0.06332459441265113 0.040187009623424745 0.28
vertex 0.06332459441265113 0.040187009623424745 0.28200000000000003
endloop
endfacet
facet normal 0.0 0.0 1.0
outer loop
vertex 0.06572300100328976 0.03613152555762865 0.28200000000000003
vertex 0.06332459441265113 0.040187009623424745 0.28200000000000003
vertex 0.0 0.0 0.28200000000000003
endloop
endfacet
facet normal -0.0 0.0 -1.0
outer loop
vertex 0.06332459441265113 0.040187009623424745 0.28
vertex 0.0 0.0 0.28
vertex 0.06067627457812105 0.044083893921935485 0.28
endloop
endfacet
facet normal 0.8270805742745614 0.5620833778521312 0.0
outer loop
vertex 0.06332459441265113 0.040187009623424745 0.28
vertex 0.06067627457812105 0.044083893921935485 0.28
vertex 0.06332459441265113 0.040187009623424745 0.28200000000000003
endloop
endfacet
facet normal 0.8270805742745614 0.5620833778521312 -0.0
outer loop
vertex 0.06332459441265113 0.040187009623424745 0.28200000000000003
vertex 0.06067627457812105 0.044083893921935485 0.28
vertex 0.06067627457812105 0.044083893921935485 0.28200000000000003
endloop
endfacet
facet normal 0.0 0.0 0.9999999999999999
outer loop
vertex 0.06332459441265113 0.040187009623424745 0.28200000000000003
vertex 0.06067627457812105 0.044083893921935485 0.28200000000000003
vertex 0.0 0.0 0.28200000000000003
endloop
endfacet
facet normal -0.0 0.0 -1.0
outer loop
vertex 0.06067627457812105 0.044083893921935485 0.28
vertex 0.0 0.0 0.28
vertex 0.05778849320818418 0.04780679923115173 0.28
endloop
endfacet
facet normal 0.7901550123756894 0.6129070536529777 0.0
outer loop
vertex 0.06067627457812105 0.044083893921935485 0.28
vertex 0.05778849320818418 0.04780679923115173 0.28
vertex 0.06067627457812105 0.044083893921935485 0.28200000000000003
endloop
endfacet
facet normal 0.7901550123756894 0.6129070536529777 -0.0
outer loop
vertex 0.06067627457812105 0.044083893921935485 0.28200000000000003
vertex 0.05778849320818418 0.04780679923115173 0.28
vertex 0.05778849320818418 0.04780679923115173 0.28200000000000003
endloop
endfacet
facet normal 0.0 0.0 1.0
outer loop
vertex 0.06067627457812105 0.044083893921935485 0.28200000000000003
vertex 0.05778849320818418 0.04780679923115173 0.28200000000000003
vertex 0.0 0.0 0.28200000000000003
endloop
endfacet
facet normal -0.0 0.0 -1.0
outer loop
vertex 0.05778849320818418 0.04780679923115173 0.28
vertex 0.0 0.0 0.28
vertex 0.054672647056605864 0.05134103294465165 0.28
endloop
endfacet
facet normal 0.7501110696304607 0.6613118653236505 0.0
outer loop
vertex 0.05778849320818418 0.04780679923115173 0.28
vertex 0.054672647056605864 0.05134103294465165 0.28
vertex 0.05778849320818418 0.04780679923115173 0.28200000000000003
endloop
endfacet
facet normal 0.7501110696304607 0.6613118653236505 -0.0
outer loop
vertex 0.05778849320818418 0.04780679923115173 0.28200000000000003
vertex 0.054672647056605864 0.05134103294465165 0.28
vertex 0.054672647056605864 0.05134103294465165 0.28200000000000003
endloop
endfacet
facet normal 0.0 0.0 1.0
outer loop
vertex 0.05778849320818418 0.04780679923115173 0.28200000000000003
vertex 0.054672647056605864 0.05134103294465165 0.28200000000000003
vertex 0.0 0.0 0.28200000000000003
endloop
endfacet
facet normal -0.0 0.0 -1.0
outer loop
vertex 0.054672647056605864 0.05134103294465165 0.28
vertex 0.0 0.0 0.28
vertex 0.05134103294465164 0.054672647056605864 0.28
endloop
endfacet
facet normal 0.7071067811865468 0.7071067811865483 0.0
outer loop
vertex 0.054672647056605864 0.05134103294465165 0.28
vertex 0.05134103294465164 0.054672647056605864 0.28
vertex 0.054672647056605864 0.05134103294465165 0.28200000000000003
endloop
endfacet
facet normal 0.7071067811865468 0.7071067811865483 -0.0
outer loop
vertex 0.054672647056605864 0.05134103294465165 0.28200000000000003
vertex 0.05134103294465164 0.054672647056605864 0.28
vertex 0.05134103294465164 0.054672647056605864 0.28200000000000003
endloop
endfacet
facet normal 0.0 0.0 0.9999999999999999
outer loop
vertex 0.054672647056605864 0.05134103294465165 0.28200000000000003
vertex 0.05134103294465164 0.054672647056605864 0.28200000000000003
vertex 0.0 0.0 0.28200000000000003
endloop
endfacet
facet normal -0.0 0.0 -1.0
outer loop
vertex 0.05134103294465164 0.054672647056605864 0.28
vertex 0.0 0.0 0.28
vertex 0.04780679923115172 0.05778849320818419 0.28
endloop
endfacet
facet normal 0.6613118653236513 0.75011106963046 0.0
outer loop
vertex 0.05134103294465164 0.054672647056605864 0.28
vertex 0.04780679923115172 0.05778849320818419 0.28
vertex 0.05134103294465164 0.054672647056605864 0.28200000000000003
endloop
endfacet
facet normal 0.6613118653236513 0.75011106963046 -0.0
outer loop
vertex 0.05134103294465164 0.054672647056605864 0.28200000000000003
vertex 0.04780679923115172 0.05778849320818419 0.28
vertex 0.04780679923115172 0.05778849320818419 0.28200000000000003
endloop
endfacet
facet normal 0.0 0.0 1.0
outer loop
vertex 0.05134103294465164 0.054672647056605864 0.28200000000000003
vertex 0.04780679923115172 0.05778849320818419 0.28200000000000003
vertex 0.0 0.0 0.28200000000000003
endloop
endfacet
facet normal -0.0 0.0 -1.0
outer loop
vertex 0.04780679923115172 0.05778849320818419 0.28
vertex 0.0 0.0 0.28
vertex 0.04408389392193548 0.06067627457812105 0.28
endloop
endfacet
facet normal 0.6129070536529768 0.7901550123756902 0.0
outer loop
vertex 0.04780679923115172 0.05778849320818419 0.28
vertex 0.04408389392193548 0.06067627457812105 0.28
vertex 0.04780679923115172 0.05778849320818419 0.28200000000000003
endloop
endfacet
facet normal 0.6129070536529768 0.7901550123756902 -0.0
outer loop
vertex 0.04780679923115172 0.05778849320818419 0.28200000000000003
vertex 0.04408389392193548 0.06067627457812105 0.28
vertex 0.04408389392193548 0.06067627457812105 0.28200000000000003
endloop
endfacet
facet normal 0.0 0.0 1.0
outer loop
vertex 0.04780679923115172 0.05778849320818419 0.28200000000000003
vertex 0.04408389392193548 0.06067627457812105 0.28200000000000003
vertex 0.0 0.0 0.28200000000000003
endloop
endfacet
facet normal -0.0 0.0 -1.0
outer loop
vertex 0.04408389392193548 0.06067627457812105 0.28
vertex 0.0 0.0 0.28
vertex 0.04018700962342474 0.06332459441265113 0.28
endloop
endfacet
facet normal 0.5620833778521312 0.8270805742745614 0.0
outer loop
vertex 0.04408389392193548 0.06067627457812105 0.28
vertex 0.04018700962342474 0.06332459441265113 0.28
vertex 0.04408389392193548 0.06067627457812105 0.28200000000000003
endloop
endfacet
facet normal 0.5620833778521312 0.8270805742745614 -0.0
outer loop
vertex 0.04408389392193548 0.06067627457812105 0.28200000000000003
vertex 0.04018700962342474 0.06332459441265113 0.28
vertex 0.04018700962342474 0.06332459441265113 0.28200000000000003
endloop
endfacet
facet normal 0.0 0.0 0.9999999999999999
outer loop
vertex 0.04408389392193548 0.06067627457812105 0.28200000000000003
vertex 0.04018700962342474 0.06332459441265113 0.28200000000000003
vertex 0.0 0.0 0.28200000000000003
endloop
endfacet
facet normal -0.0 0.0 -1.0
outer loop
vertex 0.04018700962342474 0.06332459441265113 0.28
vertex 0.0 0.0 0.28
vertex 0.036131525557628635 0.06572300100328977 0.28
endloop
endfacet
facet normal 0.5090414157503717 0.8607420270039435 0.0
outer loop
vertex 0.04018700962342474 0.06332459441265113 0.28
vertex 0.036131525557628635 0.06572300100328977 0.28
vertex 0.04018700962342474 0.06332459441265113 0.28200000000000003
endloop
endfacet
facet normal 0.5090414157503717 0.8607420270039435 -0.0
outer loop
vertex 0.04018700962342474 0.06332459441265113 0.28200000000000003
vertex 0.036131525557628635 0.06572300100328977 0.28
vertex 0.036131525557628635 0.06572300100328977 0.28200000000000003
endloop
endfacet
facet normal 0.0 0.0 0.9999999999999999
outer loop
vertex 0.04018700962342474 0.06332459441265113 0.28200000000000003
vertex 0.036131525557628635 0.06572300100328977 0.28200000000000003
vertex 0.0 0.0 0.28200000000000003
endloop
endfacet
facet normal -0.0 0.0 -1.0
outer loop
vertex 0.036131525557628635 0.06572300100328977 0.28
vertex 0.0 0.0 0.28
vertex 0.03193344686738045 0.06786202893495147 0.28
endloop
endfacet
facet normal 0.4539904997395474 0.8910065241883676 0.0
outer loop
vertex 0.036131525557628635 0.06572300100328977 0.28
vertex 0.03193344686738045 0.06786202893495147 0.28
vertex 0.036131525557628635 0.06572300100328977 0.28200000000000003
endloop
endfacet
facet normal 0.4539904997395474 0.8910065241883676 -0.0
outer loop
vertex 0.036131525557628635 0.06572300100328977 0.28200000000000003
vertex 0.03193344686738045 0.06786202893495147 0.28
vertex 0.03193344686738045 0.06786202893495147 0.28200000000000003
endloop
endfacet
facet normal 0.0 0.0 1.0
outer loop
vertex 0.036131525557628635 0.06572300100328977 0.28200000000000003
vertex 0.03193344686738045 0.06786202893495147 0.28200000000000003
vertex 0.0 0.0 0.28200000000000003
endloop
endfacet
facet normal -0.0 0.0 -1.0
outer loop
vertex 0.03193344686738045 0.06786202893495147 0.28
vertex 0.0 0.0 0.28
vertex 0.027609341451350838 0.06973323644161886 0.28
endloop
endfacet
facet normal 0.39714789063477945 0.9177546256839817 0.0
outer loop
vertex 0.03193344686738045 0.06786202893495147 0.28
vertex 0.027609341451350838 0.06973323644161886 0.28
vertex 0.03193344686738045 0.06786202893495147 0.28200000000000003
endloop
endfacet
facet normal 0.39714789063477945 0.9177546256839817 -0.0
outer loop
vertex 0.03193344686738045 0.06786202893495147 0.28200000000000003
vertex 0.027609341451350838 0.06973323644161886 0.28
vertex 0.027609341451350838 0.06973323644161886 0.28200000000000003
endloop
endfacet
facet normal 0.0 0.0 1.0
outer loop
vertex 0.03193344686738045 0.06786202893495147 0.28200000000000003
vertex 0.027609341451350838 0.06973323644161886 0.28200000000000003
vertex 0.0 0.0 0.28200000000000003
endloop
endfacet
facet normal -0.0 0.0 -1.0
outer loop
vertex 0.027609341451350838 0.06973323644161886 0.28
vertex 0.0 0.0 0.28
vertex 0.023176274578121058 0.0713292387221365 0.28
endloop
endfacet
facet normal 0.33873792024528976 0.9408807689542261 0.0
outer loop
vertex 0.027609341451350838 0.06973323644161886 0.28
vertex 0.023176274578121058 0.0713292387221365 0.28
vertex 0.027609341451350838 0.06973323644161886 0.28200000000000003
endloop
endfacet
facet normal 0.33873792024528976 0.9408807689542261 -0.0
outer loop
vertex 0.027609341451350838 0.06973323644161886 0.28200000000000003
vertex 0.023176274578121058 0.0713292387221365 0.28
vertex 0.023176274578121058 0.0713292387221365 0.28200000000000003
endloop
endfacet
facet normal 0.0 0.0 1.0
outer loop
vertex 0.027609341451350838 0.06973323644161886 0.28200000000000003
vertex 0.023176274578121058 0.0713292387221365 0.28200000000000003
vertex 0.0 0.0 0.28200000000000003
endloop
endfacet
facet normal -0.0 0.0 -1.0
outer loop
vertex 0.023176274578121058 0.0713292387221365 0.28
vertex 0.0 0.0 0.28
vertex 0.018651741537364104 0.07264373708464733 0.28
endloop
endfacet
facet normal 0.2789911060392305 0.9602936856769427 0.0
outer loop
vertex 0.023176274578121058 0.0713292387221365 0.28
vertex 0.018651741537364104 0.07264373708464733 0.28
vertex 0.023176274578121058 0.0713292387221365 0.28200000000000003
endloop
endfacet
facet normal 0.2789911060392305 0.9602936856769427 -0.0
outer loop
vertex 0.023176274578121058 0.0713292387221365 0.28200000000000003
vertex 0.018651741537364104 0.07264373708464733 0.28
vertex 0.018651741537364104 0.07264373708464733 0.28200000000000003
endloop
endfacet
facet normal 0.0 0.0 1.0
outer loop
vertex 0.023176274578121058 0.0713292387221365 0.28200000000000003
vertex 0.018651741537364104 0.07264373708464733 0.28200000000000003
vertex 0.0 0.0 0.28200000000000003
endloop
endfacet
facet normal -0.0 0.0 -0.9999999999999999
outer loop
vertex 0.018651741537364104 0.07264373708464733 0.28
vertex 0.0 0.0 0.28
vertex 0.014053598593929338 0.07367154380465166 0.28
endloop
endfacet
facet normal 0.2181432413965442 0.9759167619387471 0.0
outer loop
vertex 0.018651741537364104 0.07264373708464733 0.28
vertex 0.014053598593929338 0.07367154380465166 0.28
vertex 0.018651741537364104 0.07264373708464733 0.28200000000000003
endloop
endfacet
facet normal 0.2181432413965442 0.9759167619387471 -0.0
outer loop
vertex 0.018651741537364104 0.07264373708464733 0.28200000000000003
vertex 0.014053598593929338 0.07367154380465166 0.28
vertex 0.014053598593929338 0.07367154380465166 0.28200000000000003
endloop
endfacet
facet normal 0.0 0.0 1.0
outer loop
vertex 0.018651741537364104 0.07264373708464733 0.28200000000000003
vertex 0.014053598593929338 0.07367154380465166 0.28200000000000003
vertex 0.0 0.0 0.28200000000000003
endloop
endfacet
facet normal -0.0 0.0 -1.0
outer loop
vertex 0.014053598593929338 0.07367154380465166 0.28
vertex 0.0 0.0 0.28
vertex 0.00939999251732282 0.07440860259858584 0.28
endloop
endfacet
facet normal 0.15643446504023012 0.9876883405951378 0.0
outer loop
vertex 0.014053598593929338 0.07367154380465166 0.28
vertex 0.00939999251732282 0.07440860259858584 0.28
vertex 0.014053598593929338 0.07367154380465166 0.28200000000000003
endloop
endfacet
facet normal 0.15643446504023012 0.9876883405951378 -0.0
outer loop
vertex 0.014053598593929338 0.07367154380465166 0.28200000000000003
vertex 0.00939999251732282 0.07440860259858584 0.28
vertex 0.00939999251732282 0.07440860259858584 0.28200000000000003
endloop
endfacet
facet normal 0.0 0.0 1.0
outer loop
vertex 0.014053598593929338 0.07367154380465166 0.28200000000000003
vertex 0.00939999251732282 0.07440860259858584 0.28200000000000003
vertex 0.0 0.0 0.28200000000000003
endloop
endfacet
facet normal -0.0 0.0 -1.0
outer loop
vertex 0.00939999251732282 0.07440860259858584 0.28
vertex 0.0 0.0 0.28
vertex 0.004709288964698498 0.07485200463212037 0.28
endloop
endfacet
facet normal 0.09410831331851463 0.9955619646030801 0.0
outer loop
vertex 0.00939999251732282 0.07440860259858584 0.28
vertex 0.004709288964698498 0.07485200463212037 0.28
vertex 0.00939999251732282 0.07440860259858584 0.28200000000000003
endloop
endfacet
facet normal 0.09410831331851463 0.9955619646030801 -0.0
outer loop
vertex 0.00939999251732282 0.07440860259858584 0.28200000000000003
vertex 0.004709288964698498 0.07485200463212037 0.28
vertex 0.004709288964698498 0.07485200463212037 0.28200000000000003
endloop
endfacet
facet normal 0.0 0.0 1.0
outer loop
vertex 0.00939999251732282 0.07440860259858584 0.28200000000000003
vertex 0.004709288964698498 0.07485200463212037 0.28200000000000003
vertex 0.0 0.0 0.28200000000000003
endloop
endfacet
facet normal -0.0 0.0 -1.0
outer loop
vertex 0.004709288964698498 0.07485200463212037 0.28
vertex 0.0 0.0 0.28
vertex -1.2060919872574772e-17 0.075 0.28
endloop
endfacet
facet normal 0.03141075907812711 0.9995065603657315 0.0
outer loop
vertex 0.004709288964698498 0.07485200463212037 0.28
vertex -1.2060919872574772e-17 0.075 0.28
vertex 0.004709288964698498 0.07485200463212037 0.28200000000000003
endloop
endfacet
facet normal 0.03141075907812711 0.9995065603657315 -0.0
outer loop
vertex 0.004709288964698498 0.07485200463212037 0.28200000000000003
vertex -1.2060919872574772e-17 0.075 0.28
vertex -1.2060919872574772e-17 0.075 0.28200000000000003
endloop
endfacet
facet normal 0.0 0.0 1.0
outer loop
vertex 0.004709288964698498 0.07485200463212037 0.28200000000000003
vertex -1.2060919872574772e-17 0.075 0.28200000000000003
vertex 0.0 0.0 0.28200000000000003
endloop
endfacet
facet normal -0.0 -0.0 -1.0
outer loop
vertex -1.2060919872574772e-17 0.075 0.28
vertex 0.0 0.0 0.28
vertex -0.004709288964698505 0.07485200463212037 0.28
endloop
endfacet
facet normal -0.03141075907812723 0.9995065603657316 0.0
outer loop
vertex -1.2060919872574772e-17 0.075 0.28
vertex -0.004709288964698505 0.07485200463212037 0.28
vertex -1.2060919872574772e-17 0.075 0.28200000000000003
endloop
endfacet
facet normal -0.03141075907812723 0.9995065603657316 0.0
outer loop
vertex -1.2060919872574772e-17 0.075 0.28200000000000003
vertex -0.004709288964698505 0.07485200463212037 0.28
vertex -0.004709288964698505 0.07485200463212037 0.28200000000000003
endloop
endfacet
facet normal 0.0 0.0 1.0
outer loop
vertex -1.2060919872574772e-17 0.075 0.28200000000000003
vertex -0.004709288964698505 0.07485200463212037 0.28200000000000003
vertex 0.0 0.0 0.28200000000000003
endloop
endfacet
facet normal -0.0 -0.0 -1.0
outer loop
vertex -0.004709288964698505 0.07485200463212037 0.28
vertex 0.0 0.0 0.28
vertex -0.009399992517322828 0.07440860259858582 0.28
endloop
endfacet
facet normal -0.09410831331851749 0.9955619646030797 0.0
outer loop
vertex -0.004709288964698505 0.07485200463212037 0.28
vertex -0.009399992517322828 0.07440860259858582 0.28
vertex -0.004709288964698505 0.07485200463212037 0.28200000000000003
endloop
endfacet
facet normal -0.09410831331851749 0.9955619646030797 0.0
outer loop
vertex -0.004709288964698505 0.07485200463212037 0.28200000000000003
vertex -0.009399992517322828 0.07440860259858582 0.28
vertex -0.009399992517322828 0.07440860259858582 0.28200000000000003
endloop
endfacet
facet normal 0.0 0.0 1.0
outer loop
vertex -0.004709288964698505 0.07485200463212037 0.28200000000000003
vertex -0.009399992517322828 0.07440860259858582 0.28200000000000003
vertex 0.0 0.0 0.28200000000000003
endloop
endfacet
facet normal -0.0 -0.0 -0.9999999999999999
outer loop
vertex -0.009399992517322828 0.07440860259858582 0.28
vertex 0.0 0.0 0.28
vertex -0.014053598593929361 0.07367154380465164 0.28
endloop
endfacet
facet normal -0.15643446504022968 0.987688340595138 0.0
outer loop
vertex -0.009399992517322828 0.07440860259858582 0.28
vertex -0.014053598593929361 0.07367154380465164 0.28
vertex -0.009399992517322828 0.07440860259858582 0.28200000000000003
endloop
endfacet
facet normal -0.15643446504022968 0.987688340595138 0.0
outer loop
vertex -0.009399992517322828 0.07440860259858582 0.28200000000000003
vertex -0.014053598593929361 0.07367154380465164 0.28
vertex -0.014053598593929361 0.07367154380465164 0.28200000000000003
endloop
endfacet
facet normal 0.0 0.0 1.0
outer loop
vertex -0.009399992517322828 0.07440860259858582 0.28200000000000003
vertex -0.014053598593929361 0.07367154380465164 0.28200000000000003
vertex 0.0 0.0 0.28200000000000003
endloop
endfacet
facet normal -0.0 -0.0 -1.0
outer loop
vertex -0.014053598593929361 0.07367154380465164 0.28
vertex 0.0 0.0 0.28
vertex -0.018651741537364114 0.07264373708464733 0.28
endloop
endfacet
facet normal -0.21814324139654198 0.9759167619387475 0.0
outer loop
vertex -0.014053598593929361 0.07367154380465164 0.28
vertex -0.018651741537364114 0.07264373708464733 0.28
vertex -0.014053598593929361 0.07367154380465164 0.28200000000000003
endloop
endfacet
facet normal -0.21814324139654198 0.9759167619387475 0.0
outer loop
vertex -0.014053598593929361 0.07367154380465164 0.28200000000000003
vertex -0.018651741537364114 0.07264373708464733 0.28
vertex -0.018651741537364114 0.07264373708464733 0.28200000000000003
endloop
endfacet
facet normal 0.0 0.0 1.0
outer loop
vertex -0.014053598593929361 0.07367154380465164 0.28200000000000003
vertex -0.018651741537364114 0.07264373708464733 0.28200000000000003
vertex 0.0 0.0 0.28200000000000003
endloop
endfacet
facet normal -0.0 -0.0 -0.9999999999999999
outer loop
vertex -0.018651741537364114 0.07264373708464733 0.28
vertex 0.0 0.0 0.28
vertex -0.023176274578121065 0.0713292387221365 0.28
endloop
endfacet
facet normal -0.27899110603923066 0.9602936856769427 0.0
outer loop
vertex -0.018651741537364114 0.07264373708464733 0.28
vertex -0.023176274578121065 0.0713292387221365 0.28
vertex -0.018651741537364114 0.07264373708464733 0.28200000000000003
endloop
endfacet
facet normal -0.27899110603923066 0.9602936856769427 0.0
outer loop
vertex -0.018651741537364114 0.07264373708464733 0.28200000000000003
vertex -0.023176274578121065 0.0713292387221365 0.28
vertex -0.023176274578121065 0.0713292387221365 0.28200000000000003
endloop
endfacet
facet normal 0.0 0.0 0.9999999999999999
outer loop
vertex -0.018651741537364114 0.07264373708464733 0.28200000000000003
vertex -0.023176274578121065 0.0713292387221365 0.28200000000000003
vertex 0.0 0.0 0.28200000000000003
endloop
endfacet
facet normal -0.0 -0.0 -1.0
outer loop
vertex -0.023176274578121065 0.0713292387221365 0.28
vertex 0.0 0.0 0.28
vertex -0.027609341451350848 0.06973323644161884 0.28
endloop
endfacet
facet normal -0.3387379202452921 0.9408807689542252 0.0
outer loop
vertex -0.023176274578121065 0.0713292387221365 0.28
vertex -0.027609341451350848 0.06973323644161884 0.28
vertex -0.023176274578121065 0.0713292387221365 0.28200000000000003
endloop
endfacet
facet normal -0.3387379202452921 0.9408807689542252 0.0
outer loop
vertex -0.023176274578121065 0.0713292387221365 0.28200000000000003
vertex -0.027609341451350848 0.06973323644161884 0.28
vertex -0.027609341451350848 0.06973323644161884 0.28200000000000003
endloop
endfacet
facet normal 0.0 0.0 1.0
outer loop
vertex -0.023176274578121065 0.0713292387221365 0.28200000000000003
vertex -0.027609341451350848 0.06973323644161884 0.28200000000000003
vertex 0.0 0.0 0.28200000000000003
endloop
endfacet
facet normal -0.0 -0.0 -1.0
outer loop
vertex -0.027609341451350848 0.06973323644161884 0.28
vertex 0.0 0.0 0.28
vertex -0.03193344686738045 0.06786202893495145 0.28
endloop
endfacet
facet normal -0.39714789063478023 0.9177546256839814 0.0
outer loop
vertex -0.027609341451350848 0.06973323644161884 0.28
vertex -0.03193344686738045 0.06786202893495145 0.28
vertex -0.027609341451350848 0.06973323644161884 0.28200000000000003
endloop
endfacet
facet normal -0.39714789063478023 0.9177546256839814 0.0
outer loop
vertex -0.027609341451350848 0.06973323644161884 0.28200000000000003
vertex -0.03193344686738045 0.06786202893495145 0.28
vertex -0.03193344686738045 0.06786202893495145 0.28200000000000003
endloop
endfacet
facet normal 0.0 0.0 1.0
outer loop
vertex -0.027609341451350848 0.06973323644161884 0.28200000000000003
vertex -0.03193344686738045 0.06786202893495145 0.28200000000000003
vertex 0.0 0.0 0.28200000000000003
endloop
endfacet
facet normal -0.0 -0.0 -1.0
outer loop
vertex -0.03193344686738045 0.06786202893495145 0.28
vertex 0.0 0.0 0.28
vertex -0.036131525557628656 0.06572300100328976 0.28
endloop
endfacet
facet normal -0.4539904997395457 0.8910065241883685 0.0
outer loop
vertex -0.03193344686738045 0.06786202893495145 0.28
vertex -0.036131525557628656 0.06572300100328976 0.28
vertex -0.03193344686738045 0.06786202893495145 0.28200000000000003
endloop
endfacet
facet normal -0.4539904997395457 0.8910065241883685 0.0
outer loop
vertex -0.03193344686738045 0.06786202893495145 0.28200000000000003
vertex -0.036131525557628656 0.06572300100328976 0.28
vertex -0.036131525557628656 0.06572300100328976 0.28200000000000003
endloop
endfacet
facet normal 0.0 0.0 1.0
outer loop
vertex -0.03193344686738045 0.06786202893495145 0.28200000000000003
vertex -0.036131525557628656 0.06572300100328976 0.28200000000000003
vertex 0.0 0.0 0.28200000000000003
endloop
endfacet
facet normal -0.0 -0.0 -1.0
outer loop
vertex -0.036131525557628656 0.06572300100328976 0.28
vertex 0.0 0.0 0.28
vertex -0.040187009623424766 0.06332459441265112 0.28
endloop
endfacet
facet normal -0.5090414157503709 0.8607420270039439 0.0
outer loop
vertex -0.036131525557628656 0.06572300100328976 0.28
vertex -0.040187009623424766 0.06332459441265112 0.28
vertex -0.036131525557628656 0.06572300100328976 0.28200000000000003
endloop
endfacet
facet normal -0.5090414157503709 0.8607420270039439 0.0
outer loop
vertex -0.036131525557628656 0.06572300100328976 0.28200000000000003
vertex -0.040187009623424766 0.06332459441265112 0.28
vertex -0.040187009623424766 0.06332459441265112 0.28200000000000003
endloop
endfacet
facet normal 0.0 0.0 1.0
outer loop
vertex -0.036131525557628656 0.06572300100328976 0.28200000000000003
vertex -0.040187009623424766 0.06332459441265112 0.28200000000000003
vertex 0.0 0.0 0.28200000000000003
endloop
endfacet
facet normal -0.0 -0.0 -0.9999999999999999
outer loop
vertex -0.040187009623424766 0.06332459441265112 0.28
vertex 0.0 0.0 0.28
vertex -0.04408389392193548 0.06067627457812105 0.28
endloop
endfacet
facet normal -0.5620833778521319 0.8270805742745609 0.0
outer loop
vertex -0.040187009623424766 0.06332459441265112 0.28
vertex -0.04408389392193548 0.06067627457812105 0.28
vertex -0.040187009623424766 0.06332459441265112 0.28200000000000003
endloop
endfacet
facet normal -0.5620833778521319 0.8270805742745609 0.0
outer loop
vertex -0.040187009623424766 0.06332459441265112 0.28200000000000003
vertex -0.04408389392193548 0.06067627457812105 0.28
vertex -0.04408389392193548 0.06067627457812105 0.28200000000000003
endloop
endfacet
facet normal 0.0 0.0 1.0
outer loop
vertex -0.040187009623424766 0.06332459441265112 0.28200000000000003
vertex -0.04408389392193548 0.06067627457812105 0.28200000000000003
vertex 0.0 0.0 0.28200000000000003
endloop
endfacet
facet normal -0.0 -0.0 -1.0
outer loop
vertex -0.04408389392193548 0.06067627457812105 0.28
vertex 0.0 0.0 0.28
vertex -0.04780679923115173 0.05778849320818419 0.28
endloop
endfacet
facet normal -0.612907053652976 0.7901550123756907 0.0
outer loop
vertex -0.04408389392193548 0.06067627457812105 0.28
vertex -0.04780679923115173 0.05778849320818419 0.28
vertex -0.04408389392193548 0.06067627457812105 0.28200000000000003
endloop
endfacet
facet normal -0.612907053652976 0.7901550123756907 0.0
outer loop
vertex -0.04408389392193548 0.06067627457812105 0.28200000000000003
vertex -0.04780679923115173 0.05778849320818419 0.28
vertex -0.04780679923115173 0.05778849320818419 0.28200000000000003
endloop
endfacet
facet normal 0.0 0.0 0.9999999999999999
outer loop
vertex -0.04408389392193548 0.06067627457812105 0.28200000000000003
vertex -0.04780679923115173 0.05778849320818419 0.28200000000000003
vertex 0.0 0.0 0.28200000000000003
endloop
endfacet
facet normal -0.0 -0.0 -1.0
outer loop
vertex -0.04780679923115173 0.05778849320818419 0.28
vertex 0.0 0.0 0.28
vertex -0.05134103294465165 0.05467264705660586 0.28
endloop
endfacet
facet normal -0.6613118653236523 0.7501110696304594 0.0
outer loop
vertex -0.04780679923115173 0.05778849320818419 0.28
vertex -0.05134103294465165 0.05467264705660586 0.28
vertex -0.04780679923115173 0.05778849320818419 0.28200000000000003
endloop
endfacet
facet normal -0.6613118653236523 0.7501110696304594 0.0
outer loop
vertex -0.04780679923115173 0.05778849320818419 0.28200000000000003
vertex -0.05134103294465165 0.05467264705660586 0.28
vertex -0.05134103294465165 0.05467264705660586 0.28200000000000003
endloop
endfacet
facet normal 0.0 0.0 0.9999999999999999
outer loop
vertex -0.04780679923115173 0.05778849320818419 0.28200000000000003
vertex -0.05134103294465165 0.05467264705660586 0.28200000000000003
vertex 0.0 0.0 0.28200000000000003
endloop
endfacet
facet normal -0.0 -0.0 -1.0
outer loop
vertex -0.05134103294465165 0.05467264705660586 0.28
vertex 0.0 0.0 0.28
vertex -0.05467264705660587 0.051341032944651636 0.28
endloop
endfacet
facet normal -0.7071067811865476 0.7071067811865476 0.0
outer loop
vertex -0.05134103294465165 0.05467264705660586 0.28
vertex -0.05467264705660587 0.051341032944651636 0.28
vertex -0.05134103294465165 0.05467264705660586 0.28200000000000003
endloop
endfacet
facet normal -0.7071067811865476 0.7071067811865476 0.0
outer loop
vertex -0.05134103294465165 0.05467264705660586 0.28200000000000003
vertex -0.05467264705660587 0.051341032944651636 0.28
vertex -0.05467264705660587 0.051341032944651636 0.28200000000000003
endloop
endfacet
facet normal 0.0 0.0 1.0
outer loop
vertex -0.05134103294465165 0.05467264705660586 0.28200000000000003
vertex -0.05467264705660587 0.051341032944651636 0.28200000000000003
vertex 0.0 0.0 0.28200000000000003
endloop
endfacet
facet normal -0.0 -0.0 -1.0
outer loop
vertex -0.05467264705660587 0.051341032944651636 0.28
vertex 0.0 0.0 0.28
vertex -0.0577884932081842 0.04780679923115171 0.28
endloop
endfacet
facet normal -0.7501110696304594 0.6613118653236523 0.0
outer loop
vertex -0.05467264705660587 0.051341032944651636 0.28
vertex -0.0577884932081842 0.04780679923115171 0.28
vertex -0.05467264705660587 0.051341032944651636 0.28200000000000003
endloop
endfacet
facet normal -0.7501110696304594 0.6613118653236523 0.0
outer loop
vertex -0.05467264705660587 0.051341032944651636 0.28200000000000003
vertex -0.0577884932081842 0.04780679923115171 0.28
vertex -0.0577884932081842 0.04780679923115171 0.28200000000000003
endloop
endfacet
facet normal 0.0 0.0 0.9999999999999999
outer loop
vertex -0.05467264705660587 0.051341032944651636 0.28200000000000003
vertex -0.0577884932081842 0.04780679923115171 0.28200000000000003
vertex 0.0 0.0 0.28200000000000003
endloop
endfacet
facet normal -0.0 -0.0 -0.9999999999999999
outer loop
vertex -0.0577884932081842 0.04780679923115171 0.28
vertex 0.0 0.0 0.28
vertex -0.060676274578121046 0.04408389392193549 0.28
endloop
endfacet
facet normal -0.7901550123756906 0.6129070536529762 0.0
outer loop
vertex -0.0577884932081842 0.04780679923115171 0.28
vertex -0.060676274578121046 0.04408389392193549 0.28
vertex -0.0577884932081842 0.04780679923115171 0.28200000000000003
endloop
endfacet
facet normal -0.7901550123756906 0.6129070536529762 0.0
outer loop
vertex -0.0577884932081842 0.04780679923115171 0.28200000000000003
vertex -0.060676274578121046 0.04408389392193549 0.28
vertex -0.060676274578121046 0.04408389392193549 0.28200000000000003
endloop
endfacet
facet normal 0.0 0.0 1.0
outer loop
vertex -0.0577884932081842 0.04780679923115171 0.28200000000000003
vertex -0.060676274578121046 0.04408389392193549 0.28200000000000003
vertex 0.0 0.0 0.28200000000000003
endloop
endfacet
facet normal -0.0 -0.0 -1.0
outer loop
vertex -0.060676274578121046 0.04408389392193549 0.28
vertex 0.0 0.0 0.28
vertex -0.06332459441265113 0.040187009623424745 0.28
endloop
endfacet
facet normal -0.827080574274561 0.5620833778521317 0.0
outer loop
vertex -0.060676274578121046 0.04408389392193549 0.28
vertex -0.06332459441265113 0.040187009623424745 0.28
vertex -0.060676274578121046 0.04408389392193549 0.28200000000000003
endloop
endfacet
facet normal -0.827080574274561 0.5620833778521317 0.0
outer loop
vertex -0.060676274578121046 0.04408389392193549 0.28200000000000003
vertex -0.06332459441265113 0.040187009623424745 0.28
vertex -0.06332459441265113 0.040187009623424745 0.28200000000000003
endloop
endfacet
facet normal 0.0 0.0 1.0
outer loop
vertex -0.060676274578121046 0.04408389392193549 0.28200000000000003
vertex -0.06332459441265113 0.040187009623424745 0.28200000000000003
vertex 0.0 0.0 0.28200000000000003
endloop
endfacet
facet normal -0.0 -0.0 -1.0
outer loop
vertex -0.06332459441265113 0.040187009623424745 0.28
vertex 0.0 0.0 0.28
vertex -0.06572300100328976 0.03613152555762864 0.28
endloop
endfacet
facet normal -0.8607420270039448 0.5090414157503693 0.0
outer loop
vertex -0.06332459441265113 0.040187009623424745 0.28
vertex -0.06572300100328976 0.03613152555762864 0.28
vertex -0.06332459441265113 0.040187009623424745 0.28200000000000003
endloop
endfacet
facet normal -0.8607420270039448 0.5090414157503693 0.0
outer loop
vertex -0.06332459441265113 0.040187009623424745 0.28200000000000003
vertex -0.06572300100328976 0.03613152555762864 0.28
vertex -0.06572300100328976 0.03613152555762864 0.28200000000000003
endloop
endfacet
facet normal 0.0 0.0 1.0
outer loop
vertex -0.06332459441265113 0.040187009623424745 0.28200000000000003
vertex -0.06572300100328976 0.03613152555762864 0.28200000000000003
vertex 0.0 0.0 0.28200000000000003
endloop
endfacet
facet normal -0.0 -0.0 -1.0
outer loop
vertex -0.06572300100328976 0.03613152555762864 0.28
vertex 0.0 0.0 0.28
vertex -0.06786202893495147 0.031933446867380436 0.28
endloop
endfacet
facet normal -0.8910065241883672 0.453990499739548 0.0
outer loop
vertex -0.06572300100328976 0.03613152555762864 0.28
vertex -0.06786202893495147 0.031933446867380436 0.28
vertex -0.06572300100328976 0.03613152555762864 0.28200000000000003
endloop
endfacet
facet normal -0.8910065241883672 0.453990499739548 0.0
outer loop
vertex -0.06572300100328976 0.03613152555762864 0.28200000000000003
vertex -0.06786202893495147 0.031933446867380436 0.28
vertex -0.06786202893495147 0.031933446867380436 0.28200000000000003
endloop
endfacet
facet normal 0.0 0.0 1.0
outer loop
vertex -0.06572300100328976 0.03613152555762864 0.28200000000000003
vertex -0.06786202893495147 0.031933446867380436 0.28200000000000003
vertex 0.0 0.0 0.28200000000000003
endloop
endfacet
facet normal -0.0 -0.0 -0.9999999999999999
outer loop
vertex -0.06786202893495147 0.031933446867380436 0.28
vertex 0.0 0.0 0.28
vertex -0.06973323644161886 0.02760934145135083 0.28
endloop
endfacet
facet normal -0.9177546256839815 0.39714789063477995 0.0
outer loop
vertex -0.06786202893495147 0.031933446867380436 0.28
vertex -0.06973323644161886 0.02760934145135083 0.28
vertex -0.06786202893495147 0.031933446867380436 0.28200000000000003
endloop
endfacet
facet normal -0.9177546256839815 0.39714789063477995 0.0
outer loop
vertex -0.06786202893495147 0.031933446867380436 0.28200000000000003
vertex -0.06973323644161886 0.02760934145135083 0.28
vertex -0.06973323644161886 0.02760934145135083 0.28200000000000003
endloop
endfacet
facet normal 0.0 0.0 1.0
outer loop
vertex -0.06786202893495147 0.031933446867380436 0.28200000000000003
vertex -0.06973323644161886 0.02760934145135083 0.28200000000000003
vertex 0.0 0.0 0.28200000000000003
endloop
endfacet
facet normal -0.0 -0.0 -1.0
outer loop
vertex -0.06973323644161886 0.02760934145135083 0.28
vertex 0.0 0.0 0.28
vertex -0.07132923872213652 0.023176274578121034 0.28
endloop
endfacet
facet normal -0.9408807689542255 0.33873792024529115 0.0
outer loop
vertex -0.06973323644161886 0.02760934145135083 0.28
vertex -0.07132923872213652 0.023176274578121034 0.28
vertex -0.06973323644161886 0.02760934145135083 0.28200000000000003
endloop
endfacet
facet normal -0.9408807689542255 0.33873792024529115 0.0
outer loop
vertex -0.06973323644161886 0.02760934145135083 0.28200000000000003
vertex -0.07132923872213652 0.023176274578121034 0.28
vertex -0.07132923872213652 0.023176274578121034 0.28200000000000003
endloop
endfacet
facet normal 0.0 0.0 1.0
outer loop
vertex -0.06973323644161886 0.02760934145135083 0.28200000000000003
vertex -0.07132923872213652 0.023176274578121034 0.28200000000000003
vertex 0.0 0.0 0.28200000000000003
endloop
endfacet
facet normal -0.0 -0.0 -0.9999999999999999
outer loop
vertex -0.07132923872213652 0.023176274578121034 0.28
vertex 0.0 0.0 0.28
vertex -0.07264373708464733 0.01865174153736411 0.28
endloop
endfacet
facet normal -0.960293685676943 0.27899110603922955 0.0
outer loop
vertex -0.07132923872213652 0.023176274578121034 0.28
vertex -0.07264373708464733 0.01865174153736411 0.28
vertex -0.07132923872213652 0.023176274578121034 0.28200000000000003
endloop
endfacet
facet normal -0.960293685676943 0.27899110603922955 0.0
outer loop
vertex -0.07132923872213652 0.023176274578121034 0.28200000000000003
vertex -0.07264373708464733 0.01865174153736411 0.28
vertex -0.07264373708464733 0.01865174153736411 0.28200000000000003
endloop
endfacet
facet normal 0.0 0.0 1.0
outer loop
vertex -0.07132923872213652 0.023176274578121034 0.28200000000000003
vertex -0.07264373708464733 0.01865174153736411 0.28200000000000003
vertex 0.0 0.0 0.28200000000000003
endloop
endfacet
facet normal -0.0 -0.0 -1.0
outer loop
vertex -0.07264373708464733 0.01865174153736411 0.28
vertex 0.0 0.0 0.28
vertex -0.07367154380465166 0.014053598593929342 0.28
endloop
endfacet
facet normal -0.975916761938747 0.21814324139654404 0.0
outer loop
vertex -0.07264373708464733 0.01865174153736411 0.28
vertex -0.07367154380465166 0.014053598593929342 0.28
vertex -0.07264373708464733 0.01865174153736411 0.28200000000000003
endloop
endfacet
facet normal -0.975916761938747 0.21814324139654404 0.0
outer loop
vertex -0.07264373708464733 0.01865174153736411 0.28200000000000003
vertex -0.07367154380465166 0.014053598593929342 0.28
vertex -0.07367154380465166 0.014053598593929342 0.28200000000000003
endloop
endfacet
facet normal 0.0 0.0 1.0
outer loop
vertex -0.07264373708464733 0.01865174153736411 0.28200000000000003
vertex -0.07367154380465166 0.014053598593929342 0.28200000000000003
vertex 0.0 0.0 0.28200000000000003
endloop
endfacet
facet normal -0.0 -0.0 -0.9999999999999999
outer loop
vertex -0.07367154380465166 0.014053598593929342 0.28
vertex 0.0 0.0 0.28
vertex -0.07440860259858584 0.009399992517322807 0.28
endloop
endfacet
facet normal -0.9876883405951379 0.15643446504022962 0.0
outer loop
vertex -0.07367154380465166 0.014053598593929342 0.28
vertex -0.07440860259858584 0.009399992517322807 0.28
vertex -0.07367154380465166 0.014053598593929342 0.28200000000000003
endloop
endfacet
facet normal -0.9876883405951379 0.15643446504022962 0.0
outer loop
vertex -0.07367154380465166 0.014053598593929342 0.28200000000000003
vertex -0.07440860259858584 0.009399992517322807 0.28
vertex -0.07440860259858584 0.009399992517322807 0.28200000000000003
endloop
endfacet
facet normal 0.0 0.0 0.9999999999999999
outer loop
vertex -0.07367154380465166 0.014053598593929342 0.28200000000000003
vertex -0.07440860259858584 0.009399992517322807 0.28200000000000003
vertex 0.0 0.0 0.28200000000000003
endloop
endfacet
facet normal -0.0 -0.0 -1.0
outer loop
vertex -0.07440860259858584 0.009399992517322807 0.28
vertex 0.0 0.0 0.28
vertex -0.07485200463212037 0.004709288964698485 0.28
endloop
endfacet
facet normal -0.99556196460308 0.09410831331851459 0.0
outer loop
vertex -0.07440860259858584 0.009399992517322807 0.28
vertex -0.07485200463212037 0.004709288964698485 0.28
vertex -0.07440860259858584 0.009399992517322807 0.28200000000000003
endloop
endfacet
facet normal -0.99556196460308 0.09410831331851459 0.0
outer loop
vertex -0.07440860259858584 0.009399992517322807 0.28200000000000003
vertex -0.07485200463212037 0.004709288964698485 0.28
vertex -0.07485200463212037 0.004709288964698485 0.28200000000000003
endloop
endfacet
facet normal 0.0 0.0 1.0
outer loop
vertex -0.07440860259858584 0.009399992517322807 0.28200000000000003
vertex -0.07485200463212037 0.004709288964698485 0.28200000000000003
vertex 0.0 0.0 0.28200000000000003
endloop
endfacet
facet normal 0.0 -0.0 -0.9999999999999999
outer loop
vertex -0.07485200463212037 0.004709288964698485 0.28
vertex 0.0 0.0 0.28
vertex -0.075 -2.4121839745149548e-17 0.28
endloop
endfacet
facet normal -0.9995065603657317 0.031410759078127126 0.0
outer loop
vertex -0.07485200463212037 0.004709288964698485 0.28
vertex -0.075 -2.4121839745149548e-17 0.28
vertex -0.07485200463212037 0.004709288964698485 0.28200000000000003
endloop
endfacet
facet normal -0.9995065603657317 0.031410759078127126 0.0
outer loop
vertex -0.07485200463212037 0.004709288964698485 0.28200000000000003
vertex -0.075 -2.4121839745149548e-17 0.28
vertex -0.075 -2.4121839745149548e-17 0.28200000000000003
endloop
endfacet
facet normal -0.0 0.0 1.0
outer loop
vertex -0.07485200463212037 0.004709288964698485 0.28200000000000003
vertex -0.075 -2.4121839745149548e-17 0.28200000000000003
vertex 0.0 0.0 0.28200000000000003
endloop
endfacet
facet normal 0.0 -0.0 -1.0
outer loop
vertex -0.075 -2.4121839745149548e-17 0.28
vertex 0.0 0.0 0.28
vertex -0.07485200463212037 -0.004709288964698501 0.28
endloop
endfacet
facet normal -0.9995065603657317 -0.03141075907812735 0.0
outer loop
vertex -0.075 -2.4121839745149548e-17 0.28
vertex -0.07485200463212037 -0.004709288964698501 0.28
vertex -0.075 -2.4121839745149548e-17 0.28200000000000003
endloop
endfacet
facet normal -0.9995065603657317 -0.03141075907812735 0.0
outer loop
vertex -0.075 -2.4121839745149548e-17 0.28200000000000003
vertex -0.07485200463212037 -0.004709288964698501 0.28
vertex -0.07485200463212037 -0.004709288964698501 0.28200000000000003
endloop
endfacet
facet normal -0.0 0.0 0.9999999999999999
outer loop
vertex -0.075 -2.4121839745149548e-17 0.28200000000000003
vertex -0.07485200463212037 -0.004709288964698501 0.28200000000000003
vertex 0.0 0.0 0.28200000000000003
endloop
endfacet
facet normal 0.0 -0.0 -0.9999999999999999
outer loop
vertex -0.07485200463212037 -0.004709288964698501 0.28
vertex 0.0 0.0 0.28
vertex -0.07440860259858584 -0.009399992517322821 0.28
endloop
endfacet
facet normal -0.9955619646030799 -0.09410831331851463 0.0
outer loop
vertex -0.07485200463212037 -0.004709288964698501 0.28
vertex -0.07440860259858584 -0.009399992517322821 0.28
vertex -0.07485200463212037 -0.004709288964698501 0.28200000000000003
endloop
endfacet
facet normal -0.9955619646030799 -0.09410831331851463 0.0
outer loop
vertex -0.07485200463212037 -0.004709288964698501 0.28200000000000003
vertex -0.07440860259858584 -0.009399992517322821 0.28
vertex -0.07440860259858584 -0.009399992517322821 0.28200000000000003
endloop
endfacet
facet normal -0.0 0.0 1.0
outer loop
vertex -0.07485200463212037 -0.004709288964698501 0.28200000000000003
vertex -0.07440860259858584 -0.009399992517322821 0.28200000000000003
vertex 0.0 0.0 0.28200000000000003
endloop
endfacet
facet normal 0.0 -0.0 -1.0
outer loop
vertex -0.07440860259858584 -0.009399992517322821 0.28
vertex 0.0 0.0 0.28
vertex -0.07367154380465164 -0.014053598593929358 0.28
endloop
endfacet
facet normal -0.9876883405951375 -0.15643446504023245 0.0
outer loop
vertex -0.07440860259858584 -0.009399992517322821 0.28
vertex -0.07367154380465164 -0.014053598593929358 0.28
vertex -0.07440860259858584 -0.009399992517322821 0.28200000000000003
endloop
endfacet
facet normal -0.9876883405951375 -0.15643446504023245 0.0
outer loop
vertex -0.07440860259858584 -0.009399992517322821 0.28200000000000003
vertex -0.07367154380465164 -0.014053598593929358 0.28
vertex -0.07367154380465164 -0.014053598593929358 0.28200000000000003
endloop
endfacet
facet normal -0.0 0.0 1.0
outer loop
vertex -0.07440860259858584 -0.009399992517322821 0.28200000000000003
vertex -0.07367154380465164 -0.014053598593929358 0.28200000000000003
vertex 0.0 0.0 0.28200000000000003
endloop
endfacet
facet normal 0.0 -0.0 -0.9999999999999999
outer loop
vertex -0.07367154380465164 -0.014053598593929358 0.28
vertex 0.0 0.0 0.28
vertex -0.07264373708464733 -0.018651741537364125 0.28
endloop
endfacet
facet normal -0.9759167619387478 -0.21814324139654134 0.0
outer loop
vertex -0.07367154380465164 -0.014053598593929358 0.28
vertex -0.07264373708464733 -0.018651741537364125 0.28
vertex -0.07367154380465164 -0.014053598593929358 0.28200000000000003
endloop
endfacet
facet normal -0.9759167619387478 -0.21814324139654134 0.0
outer loop
vertex -0.07367154380465164 -0.014053598593929358 0.28200000000000003
vertex -0.07264373708464733 -0.018651741537364125 0.28
vertex -0.07264373708464733 -0.018651741537364125 0.28200000000000003
endloop
endfacet
facet normal -0.0 0.0 0.9999999999999999
outer loop
vertex -0.07367154380465164 -0.014053598593929358 0.28200000000000003
vertex -0.07264373708464733 -0.018651741537364125 0.28200000000000003
vertex 0.0 0.0 0.28200000000000003
endloop
endfacet
facet normal 0.0 -0.0 -1.0
outer loop
vertex -0.07264373708464733 -0.018651741537364125 0.28
vertex 0.0 0.0 0.28
vertex -0.0713292387221365 -0.02317627457812108 0.28
endloop
endfacet
facet normal -0.9602936856769427 -0.2789911060392305 0.0
outer loop
vertex -0.07264373708464733 -0.018651741537364125 0.28
vertex -0.0713292387221365 -0.02317627457812108 0.28
vertex -0.07264373708464733 -0.018651741537364125 0.28200000000000003
endloop
endfacet
facet normal -0.9602936856769427 -0.2789911060392305 0.0
outer loop
vertex -0.07264373708464733 -0.018651741537364125 0.28200000000000003
vertex -0.0713292387221365 -0.02317627457812108 0.28
vertex -0.0713292387221365 -0.02317627457812108 0.28200000000000003
endloop
endfacet
facet normal -0.0 0.0 1.0
outer loop
vertex -0.07264373708464733 -0.018651741537364125 0.28200000000000003
vertex -0.0713292387221365 -0.02317627457812108 0.28200000000000003
vertex 0.0 0.0 0.28200000000000003
endloop
endfacet
facet normal 0.0 -0.0 -0.9999999999999999
outer loop
vertex -0.0713292387221365 -0.02317627457812108 0.28
vertex 0.0 0.0 0.28
vertex -0.06973323644161884 -0.027609341451350872 0.28
endloop
endfacet
facet normal -0.9408807689542256 -0.3387379202452914 0.0
outer loop
vertex -0.0713292387221365 -0.02317627457812108 0.28
vertex -0.06973323644161884 -0.027609341451350872 0.28
vertex -0.0713292387221365 -0.02317627457812108 0.28200000000000003
endloop
endfacet
facet normal -0.9408807689542256 -0.3387379202452914 0.0
outer loop
vertex -0.0713292387221365 -0.02317627457812108 0.28200000000000003
vertex -0.06973323644161884 -0.027609341451350872 0.28
vertex -0.06973323644161884 -0.027609341451350872 0.28200000000000003
endloop
endfacet
facet normal -0.0 0.0 0.9999999999999999
outer loop
vertex -0.0713292387221365 -0.02317627457812108 0.28200000000000003
vertex -0.06973323644161884 -0.027609341451350872 0.28200000000000003
vertex 0.0 0.0 0.28200000000000003
endloop
endfacet
facet normal 0.0 -0.0 -1.0
outer loop
vertex -0.06973323644161884 -0.027609341451350872 0.28
vertex 0.0 0.0 0.28
vertex -0.06786202893495145 -0.03193344686738045 0.28
endloop
endfacet
facet normal -0.9177546256839804 -0.39714789063478206 0.0
outer loop
vertex -0.06973323644161884 -0.027609341451350872 0.28
vertex -0.06786202893495145 -0.03193344686738045 0.28
vertex -0.06973323644161884 -0.027609341451350872 0.28200000000000003
endloop
endfacet
facet normal -0.9177546256839804 -0.39714789063478206 0.0
outer loop
vertex -0.06973323644161884 -0.027609341451350872 0.28200000000000003
vertex -0.06786202893495145 -0.03193344686738045 0.28
vertex -0.06786202893495145 -0.03193344686738045 0.28200000000000003
endloop
endfacet
facet normal -0.0 0.0 1.0
outer loop
vertex -0.06973323644161884 -0.027609341451350872 0.28200000000000003
vertex -0.06786202893495145 -0.03193344686738045 0.28200000000000003
vertex 0.0 0.0 0.28200000000000003
endloop
endfacet
facet normal 0.0 -0.0 -1.0
outer loop
vertex -0.06786202893495145 -0.03193344686738045 0.28
vertex 0.0 0.0 0.28
vertex -0.06572300100328976 -0.03613152555762865 0.28
endloop
endfacet
facet normal -0.8910065241883682 -0.4539904997395463 0.0
outer loop
vertex -0.06786202893495145 -0.03193344686738045 0.28
vertex -0.06572300100328976 -0.03613152555762865 0.28
vertex -0.06786202893495145 -0.03193344686738045 0.28200000000000003
endloop
endfacet
facet normal -0.8910065241883682 -0.4539904997395463 0.0
outer loop
vertex -0.06786202893495145 -0.03193344686738045 0.28200000000000003
vertex -0.06572300100328976 -0.03613152555762865 0.28
vertex -0.06572300100328976 -0.03613152555762865 0.28200000000000003
endloop
endfacet
facet normal -0.0 0.0 1.0
outer loop
vertex -0.06786202893495145 -0.03193344686738045 0.28200000000000003
vertex -0.06572300100328976 -0.03613152555762865 0.28200000000000003
vertex 0.0 0.0 0.28200000000000003
endloop
endfacet
facet normal 0.0 -0.0 -1.0
outer loop
vertex -0.06572300100328976 -0.03613152555762865 0.28
vertex 0.0 0.0 0.28
vertex -0.06332459441265112 -0.04018700962342476 0.28
endloop
endfacet
facet normal -0.8607420270039439 -0.5090414157503709 0.0
outer loop
vertex -0.06572300100328976 -0.03613152555762865 0.28
vertex -0.06332459441265112 -0.04018700962342476 0.28
vertex -0.06572300100328976 -0.03613152555762865 0.28200000000000003
endloop
endfacet
facet normal -0.8607420270039439 -0.5090414157503709 0.0
outer loop
vertex -0.06572300100328976 -0.03613152555762865 0.28200000000000003
vertex -0.06332459441265112 -0.04018700962342476 0.28
vertex -0.06332459441265112 -0.04018700962342476 0.28200000000000003
endloop
endfacet
facet normal -0.0 0.0 1.0
outer loop
vertex -0.06572300100328976 -0.03613152555762865 0.28200000000000003
vertex -0.06332459441265112 -0.04018700962342476 0.28200000000000003
vertex 0.0 0.0 0.28200000000000003
endloop
endfacet
facet normal 0.0 -0.0 -1.0
outer loop
vertex -0.06332459441265112 -0.04018700962342476 0.28
vertex 0.0 0.0 0.28
vertex -0.06067627457812104 -0.0440838939219355 0.28
endloop
endfacet
facet normal -0.8270805742745614 -0.5620833778521312 0.0
outer loop
vertex -0.06332459441265112 -0.04018700962342476 0.28
vertex -0.06067627457812104 -0.0440838939219355 0.28
vertex -0.06332459441265112 -0.04018700962342476 0.28200000000000003
endloop
endfacet
facet normal -0.8270805742745614 -0.5620833778521312 0.0
outer loop
vertex -0.06332459441265112 -0.04018700962342476 0.28200000000000003
vertex -0.06067627457812104 -0.0440838939219355 0.28
vertex -0.06067627457812104 -0.0440838939219355 0.28200000000000003
endloop
endfacet
facet normal -0.0 0.0 0.9999999999999999
outer loop
vertex -0.06332459441265112 -0.04018700962342476 0.28200000000000003
vertex -0.06067627457812104 -0.0440838939219355 0.28200000000000003
vertex 0.0 0.0 0.28200000000000003
endloop
endfacet
facet normal 0.0 -0.0 -1.0
outer loop
vertex -0.06067627457812104 -0.0440838939219355 0.28
vertex 0.0 0.0 0.28
vertex -0.057788493208184175 -0.04780679923115175 0.28
endloop
endfacet
facet normal -0.7901550123756907 -0.612907053652976 0.0
outer loop
vertex -0.06067627457812104 -0.0440838939219355 0.28
vertex -0.057788493208184175 -0.04780679923115175 0.28
vertex -0.06067627457812104 -0.0440838939219355 0.28200000000000003
endloop
endfacet
facet normal -0.7901550123756907 -0.612907053652976 0.0
outer loop
vertex -0.06067627457812104 -0.0440838939219355 0.28200000000000003
vertex -0.057788493208184175 -0.04780679923115175 0.28
vertex -0.057788493208184175 -0.04780679923115175 0.28200000000000003
endloop
endfacet
facet normal -0.0 0.0 0.9999999999999999
outer loop
vertex -0.06067627457812104 -0.0440838939219355 0.28200000000000003
vertex -0.057788493208184175 -0.04780679923115175 0.28200000000000003
vertex 0.0 0.0 0.28200000000000003
endloop
endfacet
facet normal 0.0 -0.0 -1.0
outer loop
vertex -0.057788493208184175 -0.04780679923115175 0.28
vertex 0.0 0.0 0.28
vertex -0.054672647056605864 -0.05134103294465165 0.28
endloop
endfacet
facet normal -0.7501110696304596 -0.6613118653236519 0.0
outer loop
vertex -0.057788493208184175 -0.04780679923115175 0.28
vertex -0.054672647056605864 -0.05134103294465165 0.28
vertex -0.057788493208184175 -0.04780679923115175 0.28200000000000003
endloop
endfacet
facet normal -0.7501110696304596 -0.6613118653236519 0.0
outer loop
vertex -0.057788493208184175 -0.04780679923115175 0.28200000000000003
vertex -0.054672647056605864 -0.05134103294465165 0.28
vertex -0.054672647056605864 -0.05134103294465165 0.28200000000000003
endloop
endfacet
facet normal -0.0 0.0 1.0
outer loop
vertex -0.057788493208184175 -0.04780679923115175 0.28200000000000003
vertex -0.054672647056605864 -0.05134103294465165 0.28200000000000003
vertex 0.0 0.0 0.28200000000000003
endloop
endfacet
facet normal 0.0 -0.0 -1.0
outer loop
vertex -0.054672647056605864 -0.05134103294465165 0.28
vertex 0.0 0.0 0.28
vertex -0.05134103294465164 -0.054672647056605864 0.28
endloop
endfacet
facet normal -0.7071067811865468 -0.7071067811865483 0.0
outer loop
vertex -0.054672647056605864 -0.05134103294465165 0.28
vertex -0.05134103294465164 -0.054672647056605864 0.28
vertex -0.054672647056605864 -0.05134103294465165 0.28200000000000003
endloop
endfacet
facet normal -0.7071067811865468 -0.7071067811865483 0.0
outer loop
vertex -0.054672647056605864 -0.05134103294465165 0.28200000000000003
vertex -0.05134103294465164 -0.054672647056605864 0.28
vertex -0.05134103294465164 -0.054672647056605864 0.28200000000000003
endloop
endfacet
facet normal -0.0 0.0 0.9999999999999999
outer loop
vertex -0.054672647056605864 -0.05134103294465165 0.28200000000000003
vertex -0.05134103294465164 -0.054672647056605864 0.28200000000000003
vertex 0.0 0.0 0.28200000000000003
endloop
endfacet
facet normal 0.0 -0.0 -1.0
outer loop
vertex -0.05134103294465164 -0.054672647056605864 0.28
vertex 0.0 0.0 0.28
vertex -0.04780679923115171 -0.0577884932081842 0.28
endloop
endfacet
facet normal -0.6613118653236523 -0.7501110696304591 0.0
outer loop
vertex -0.05134103294465164 -0.054672647056605864 0.28
vertex -0.04780679923115171 -0.0577884932081842 0.28
vertex -0.05134103294465164 -0.054672647056605864 0.28200000000000003
endloop
endfacet
facet normal -0.6613118653236523 -0.7501110696304591 0.0
outer loop
vertex -0.05134103294465164 -0.054672647056605864 0.28200000000000003
vertex -0.04780679923115171 -0.0577884932081842 0.28
vertex -0.04780679923115171 -0.0577884932081842 0.28200000000000003
endloop
endfacet
facet normal -0.0 0.0 1.0
outer loop
vertex -0.05134103294465164 -0.054672647056605864 0.28200000000000003
vertex -0.04780679923115171 -0.0577884932081842 0.28200000000000003
vertex 0.0 0.0 0.28200000000000003
endloop
endfacet
facet normal 0.0 -0.0 -0.9999999999999999
outer loop
vertex -0.04780679923115171 -0.0577884932081842 0.28
vertex 0.0 0.0 0.28
vertex -0.04408389392193549 -0.060676274578121046 0.28
endloop
endfacet
facet normal -0.6129070536529762 -0.7901550123756906 0.0
outer loop
vertex -0.04780679923115171 -0.0577884932081842 0.28
vertex -0.04408389392193549 -0.060676274578121046 0.28
vertex -0.04780679923115171 -0.0577884932081842 0.28200000000000003
endloop
endfacet
facet normal -0.6129070536529762 -0.7901550123756906 0.0
outer loop
vertex -0.04780679923115171 -0.0577884932081842 0.28200000000000003
vertex -0.04408389392193549 -0.060676274578121046 0.28
vertex -0.04408389392193549 -0.060676274578121046 0.28200000000000003
endloop
endfacet
facet normal -0.0 0.0 1.0
outer loop
vertex -0.04780679923115171 -0.0577884932081842 0.28200000000000003
vertex -0.04408389392193549 -0.060676274578121046 0.28200000000000003
vertex 0.0 0.0 0.28200000000000003
endloop
endfacet
facet normal 0.0 -0.0 -1.0
outer loop
vertex -0.04408389392193549 -0.060676274578121046 0.28
vertex 0.0 0.0 0.28
vertex -0.040187009623424724 -0.06332459441265115 0.28
endloop
endfacet
facet normal -0.5620833778521316 -0.8270805742745612 0.0
outer loop
vertex -0.04408389392193549 -0.060676274578121046 0.28
vertex -0.040187009623424724 -0.06332459441265115 0.28
vertex -0.04408389392193549 -0.060676274578121046 0.28200000000000003
endloop
endfacet
facet normal -0.5620833778521316 -0.8270805742745612 0.0
outer loop
vertex -0.04408389392193549 -0.060676274578121046 0.28200000000000003
vertex -0.040187009623424724 -0.06332459441265115 0.28
vertex -0.040187009623424724 -0.06332459441265115 0.28200000000000003
endloop
endfacet
facet normal -0.0 0.0 1.0
outer loop
vertex -0.04408389392193549 -0.060676274578121046 0.28200000000000003
vertex -0.040187009623424724 -0.06332459441265115 0.28200000000000003
vertex 0.0 0.0 0.28200000000000003
endloop
endfacet
facet normal 0.0 -0.0 -0.9999999999999999
outer loop
vertex -0.040187009623424724 -0.06332459441265115 0.28
vertex 0.0 0.0 0.28
vertex -0.03613152555762864 -0.06572300100328976 0.28
endloop
endfacet
facet normal -0.5090414157503691 -0.8607420270039449 0.0
outer loop
vertex -0.040187009623424724 -0.06332459441265115 0.28
vertex -0.03613152555762864 -0.06572300100328976 0.28
vertex -0.040187009623424724 -0.06332459441265115 0.28200000000000003
endloop
endfacet
facet normal -0.5090414157503691 -0.8607420270039449 0.0
outer loop
vertex -0.040187009623424724 -0.06332459441265115 0.28200000000000003
vertex -0.03613152555762864 -0.06572300100328976 0.28
vertex -0.03613152555762864 -0.06572300100328976 0.28200000000000003
endloop
endfacet
facet normal -0.0 0.0 0.9999999999999999
outer loop
vertex -0.040187009623424724 -0.06332459441265115 0.28200000000000003
vertex -0.03613152555762864 -0.06572300100328976 0.28200000000000003
vertex 0.0 0.0 0.28200000000000003
endloop
endfacet
facet normal 0.0 -0.0 -1.0
outer loop
vertex -0.03613152555762864 -0.06572300100328976 0.28
vertex 0.0 0.0 0.28
vertex -0.03193344686738041 -0.06786202893495148 0.28
endloop
endfacet
facet normal -0.45399049973954797 -0.8910065241883672 0.0
outer loop
vertex -0.03613152555762864 -0.06572300100328976 0.28
vertex -0.03193344686738041 -0.06786202893495148 0.28
vertex -0.03613152555762864 -0.06572300100328976 0.28200000000000003
endloop
endfacet
facet normal -0.45399049973954797 -0.8910065241883672 0.0
outer loop
vertex -0.03613152555762864 -0.06572300100328976 0.28200000000000003
vertex -0.03193344686738041 -0.06786202893495148 0.28
vertex -0.03193344686738041 -0.06786202893495148 0.28200000000000003
endloop
endfacet
facet normal -0.0 0.0 1.0
outer loop
vertex -0.03613152555762864 -0.06572300100328976 0.28200000000000003
vertex -0.03193344686738041 -0.06786202893495148 0.28200000000000003
vertex 0.0 0.0 0.28200000000000003
endloop
endfacet
facet normal 0.0 -0.0 -1.0
outer loop
vertex -0.03193344686738041 -0.06786202893495148 0.28
vertex 0.0 0.0 0.28
vertex -0.027609341451350834 -0.06973323644161886 0.28
endloop
endfacet
facet normal -0.3971478906347799 -0.9177546256839816 0.0
outer loop
vertex -0.03193344686738041 -0.06786202893495148 0.28
vertex -0.027609341451350834 -0.06973323644161886 0.28
vertex -0.03193344686738041 -0.06786202893495148 0.28200000000000003
endloop
endfacet
facet normal -0.3971478906347799 -0.9177546256839816 0.0
outer loop
vertex -0.03193344686738041 -0.06786202893495148 0.28200000000000003
vertex -0.027609341451350834 -0.06973323644161886 0.28
vertex -0.027609341451350834 -0.06973323644161886 0.28200000000000003
endloop
endfacet
facet normal -0.0 0.0 1.0
outer loop
vertex -0.03193344686738041 -0.06786202893495148 0.28200000000000003
vertex -0.027609341451350834 -0.06973323644161886 0.28200000000000003
vertex 0.0 0.0 0.28200000000000003
endloop
endfacet
facet normal 0.0 -0.0 -1.0
outer loop
vertex -0.027609341451350834 -0.06973323644161886 0.28
vertex 0.0 0.0 0.28
vertex -0.023176274578121065 -0.0713292387221365 0.28
endloop
endfacet
facet normal -0.33873792024529037 -0.9408807689542258 0.0
outer loop
vertex -0.027609341451350834 -0.06973323644161886 0.28
vertex -0.023176274578121065 -0.0713292387221365 0.28
vertex -0.027609341451350834 -0.06973323644161886 0.28200000000000003
endloop
endfacet
facet normal -0.33873792024529037 -0.9408807689542258 0.0
outer loop
vertex -0.027609341451350834 -0.06973323644161886 0.28200000000000003
vertex -0.023176274578121065 -0.0713292387221365 0.28
vertex -0.023176274578121065 -0.0713292387221365 0.28200000000000003
endloop
endfacet
facet normal -0.0 0.0 1.0
outer loop
vertex -0.027609341451350834 -0.06973323644161886 0.28200000000000003
vertex -0.023176274578121065 -0.0713292387221365 0.28200000000000003
vertex 0.0 0.0 0.28200000000000003
endloop
endfacet
facet normal 0.0 -0.0 -0.9999999999999999
outer loop
vertex -0.023176274578121065 -0.0713292387221365 0.28
vertex 0.0 0.0 0.28
vertex -0.018651741537364083 -0.07264373708464733 0.28
endloop
endfacet
facet normal -0.2789911060392289 -0.9602936856769432 0.0
outer loop
vertex -0.023176274578121065 -0.0713292387221365 0.28
vertex -0.018651741537364083 -0.07264373708464733 0.28
vertex -0.023176274578121065 -0.0713292387221365 0.28200000000000003
endloop
endfacet
facet normal -0.2789911060392289 -0.9602936856769432 0.0
outer loop
vertex -0.023176274578121065 -0.0713292387221365 0.28200000000000003
vertex -0.018651741537364083 -0.07264373708464733 0.28
vertex -0.018651741537364083 -0.07264373708464733 0.28200000000000003
endloop
endfacet
facet normal -0.0 0.0 1.0
outer loop
vertex -0.023176274578121065 -0.0713292387221365 0.28200000000000003
vertex -0.018651741537364083 -0.07264373708464733 0.28200000000000003
vertex 0.0 0.0 0.28200000000000003
endloop
endfacet
facet normal 0.0 -0.0 -1.0
outer loop
vertex -0.018651741537364083 -0.07264373708464733 0.28
vertex 0.0 0.0 0.28
vertex -0.014053598593929347 -0.07367154380465166 0.28
endloop
endfacet
facet normal -0.21814324139654553 -0.9759167619387468 0.0
outer loop
vertex -0.018651741537364083 -0.07264373708464733 0.28
vertex -0.014053598593929347 -0.07367154380465166 0.28
vertex -0.018651741537364083 -0.07264373708464733 0.28200000000000003
endloop
endfacet
facet normal -0.21814324139654553 -0.9759167619387468 0.0
outer loop
vertex -0.018651741537364083 -0.07264373708464733 0.28200000000000003
vertex -0.014053598593929347 -0.07367154380465166 0.28
vertex -0.014053598593929347 -0.07367154380465166 0.28200000000000003
endloop
endfacet
facet normal -0.0 0.0 1.0
outer loop
vertex -0.018651741537364083 -0.07264373708464733 0.28200000000000003
vertex -0.014053598593929347 -0.07367154380465166 0.28200000000000003
vertex 0.0 0.0 0.28200000000000003
endloop
endfacet
facet normal 0.0 -0.0 -1.0
outer loop
vertex -0.014053598593929347 -0.07367154380465166 0.28
vertex 0.0 0.0 0.28
vertex -0.00939999251732278 -0.07440860259858584 0.28
endloop
endfacet
facet normal -0.15643446504022854 -0.9876883405951381 0.0
outer loop
vertex -0.014053598593929347 -0.07367154380465166 0.28
vertex -0.00939999251732278 -0.07440860259858584 0.28
vertex -0.014053598593929347 -0.07367154380465166 0.28200000000000003
endloop
endfacet
facet normal -0.15643446504022854 -0.9876883405951381 0.0
outer loop
vertex -0.014053598593929347 -0.07367154380465166 0.28200000000000003
vertex -0.00939999251732278 -0.07440860259858584 0.28
vertex -0.00939999251732278 -0.07440860259858584 0.28200000000000003
endloop
endfacet
facet normal -0.0 0.0 0.9999999999999999
outer loop
vertex -0.014053598593929347 -0.07367154380465166 0.28200000000000003
vertex -0.00939999251732278 -0.07440860259858584 0.28200000000000003
vertex 0.0 0.0 0.28200000000000003
endloop
endfacet
facet normal 0.0 -0.0 -1.0
outer loop
vertex -0.00939999251732278 -0.07440860259858584 0.28
vertex 0.0 0.0 0.28
vertex -0.00470928896469849 -0.07485200463212037 0.28
endloop
endfacet
facet normal -0.09410831331851525 -0.99556196460308 0.0
outer loop
vertex -0.00939999251732278 -0.07440860259858584 0.28
vertex -0.00470928896469849 -0.07485200463212037 0.28
vertex -0.00939999251732278 -0.07440860259858584 0.28200000000000003
endloop
endfacet
facet normal -0.09410831331851525 -0.99556196460308 0.0
outer loop
vertex -0.00939999251732278 -0.07440860259858584 0.28200000000000003
vertex -0.00470928896469849 -0.07485200463212037 0.28
vertex -0.00470928896469849 -0.07485200463212037 0.28200000000000003
endloop
endfacet
facet normal -0.0 0.0 1.0
outer loop
vertex -0.00939999251732278 -0.07440860259858584 0.28200000000000003
vertex -0.00470928896469849 -0.07485200463212037 0.28200000000000003
vertex 0.0 0.0 0.28200000000000003
endloop
endfacet
facet normal 0.0 -0.0 -1.0
outer loop
vertex -0.00470928896469849 -0.07485200463212037 0.28
vertex 0.0 0.0 0.28
vertex -1.3777276490407722e-17 -0.075 0.28
endloop
endfacet
facet normal -0.03141075907812735 -0.9995065603657317 0.0
outer loop
vertex -0.00470928896469849 -0.07485200463212037 0.28
vertex -1.3777276490407722e-17 -0.075 0.28
vertex -0.00470928896469849 -0.07485200463212037 0.28200000000000003
endloop
endfacet
facet normal -0.03141075907812735 -0.9995065603657317 0.0
outer loop
vertex -0.00470928896469849 -0.07485200463212037 0.28200000000000003
vertex -1.3777276490407722e-17 -0.075 0.28
vertex -1.3777276490407722e-17 -0.075 0.28200000000000003
endloop
endfacet
facet normal -0.0 0.0 0.9999999999999999
outer loop
vertex -0.00470928896469849 -0.07485200463212037 0.28200000000000003
vertex -1.3777276490407722e-17 -0.075 0.28200000000000003
vertex 0.0 0.0 0.28200000000000003
endloop
endfacet
facet normal 0.0 0.0 -1.0
outer loop
vertex -1.3777276490407722e-17 -0.075 0.28
vertex 0.0 0.0 0.28
vertex 0.004709288964698529 -0.07485200463212037 0.28
endloop
endfacet
facet normal 0.0314107590781269 -0.9995065603657316 0.0
outer loop
vertex -1.3777276490407722e-17 -0.075 0.28
vertex 0.004709288964698529 -0.07485200463212037 0.28
vertex -1.3777276490407722e-17 -0.075 0.28200000000000003
endloop
endfacet
facet normal 0.0314107590781269 -0.9995065603657316 0.0
outer loop
vertex -1.3777276490407722e-17 -0.075 0.28200000000000003
vertex 0.004709288964698529 -0.07485200463212037 0.28
vertex 0.004709288964698529 -0.07485200463212037 0.28200000000000003
endloop
endfacet
facet normal 0.0 -0.0 1.0
outer loop
vertex -1.3777276490407722e-17 -0.075 0.28200000000000003
vertex 0.004709288964698529 -0.07485200463212037 0.28200000000000003
vertex 0.0 0.0 0.28200000000000003
endloop
endfacet
facet normal 0.0 0.0 -1.0
outer loop
vertex 0.004709288964698529 -0.07485200463212037 0.28
vertex 0.0 0.0 0.28
vertex 0.009399992517322818 -0.07440860259858584 0.28
endloop
endfacet
facet normal 0.09410831331851525 -0.9955619646030798 0.0
outer loop
vertex 0.004709288964698529 -0.07485200463212037 0.28
vertex 0.009399992517322818 -0.07440860259858584 0.28
vertex 0.004709288964698529 -0.07485200463212037 0.28200000000000003
endloop
endfacet
facet normal 0.09410831331851525 -0.9955619646030798 0.0
outer loop
vertex 0.004709288964698529 -0.07485200463212037 0.28200000000000003
vertex 0.009399992517322818 -0.07440860259858584 0.28
vertex 0.009399992517322818 -0.07440860259858584 0.28200000000000003
endloop
endfacet
facet normal 0.0 -0.0 1.0
outer loop
vertex 0.004709288964698529 -0.07485200463212037 0.28200000000000003
vertex 0.009399992517322818 -0.07440860259858584 0.28200000000000003
vertex 0.0 0.0 0.28200000000000003
endloop
endfacet
facet normal 0.0 0.0 -0.9999999999999999
outer loop
vertex 0.009399992517322818 -0.07440860259858584 0.28
vertex 0.0 0.0 0.28
vertex 0.014053598593929384 -0.07367154380465164 0.28
endloop
endfacet
facet normal 0.15643446504023148 -0.9876883405951377 0.0
outer loop
vertex 0.009399992517322818 -0.07440860259858584 0.28
vertex 0.014053598593929384 -0.07367154380465164 0.28
vertex 0.009399992517322818 -0.07440860259858584 0.28200000000000003
endloop
endfacet
facet normal 0.15643446504023148 -0.9876883405951377 0.0
outer loop
vertex 0.009399992517322818 -0.07440860259858584 0.28200000000000003
vertex 0.014053598593929384 -0.07367154380465164 0.28
vertex 0.014053598593929384 -0.07367154380465164 0.28200000000000003
endloop
endfacet
facet normal 0.0 -0.0 0.9999999999999999
outer loop
vertex 0.009399992517322818 -0.07440860259858584 0.28200000000000003
vertex 0.014053598593929384 -0.07367154380465164 0.28200000000000003
vertex 0.0 0.0 0.28200000000000003
endloop
endfacet
facet normal 0.0 0.0 -0.9999999999999999
outer loop
vertex 0.014053598593929384 -0.07367154380465164 0.28
vertex 0.0 0.0 0.28
vertex 0.018651741537364118 -0.07264373708464733 0.28
endloop
endfacet
facet normal 0.21814324139654284 -0.9759167619387474 0.0
outer loop
vertex 0.014053598593929384 -0.07367154380465164 0.28
vertex 0.018651741537364118 -0.07264373708464733 0.28
vertex 0.014053598593929384 -0.07367154380465164 0.28200000000000003
endloop
endfacet
facet normal 0.21814324139654284 -0.9759167619387474 0.0
outer loop
vertex 0.014053598593929384 -0.07367154380465164 0.28200000000000003
vertex 0.018651741537364118 -0.07264373708464733 0.28
vertex 0.018651741537364118 -0.07264373708464733 0.28200000000000003
endloop
endfacet
facet normal 0.0 -0.0 0.9999999999999999
outer loop
vertex 0.014053598593929384 -0.07367154380465164 0.28200000000000003
vertex 0.018651741537364118 -0.07264373708464733 0.28200000000000003
vertex 0.0 0.0 0.28200000000000003
endloop
endfacet
facet normal 0.0 0.0 -1.0
outer loop
vertex 0.018651741537364118 -0.07264373708464733 0.28
vertex 0.0 0.0 0.28
vertex 0.02317627457812104 -0.07132923872213652 0.28
endloop
endfacet
facet normal 0.27899110603922955 -0.960293685676943 0.0
outer loop
vertex 0.018651741537364118 -0.07264373708464733 0.28
vertex 0.02317627457812104 -0.07132923872213652 0.28
vertex 0.018651741537364118 -0.07264373708464733 0.28200000000000003
endloop
endfacet
facet normal 0.27899110603922955 -0.960293685676943 0.0
outer loop
vertex 0.018651741537364118 -0.07264373708464733 0.28200000000000003
vertex 0.02317627457812104 -0.07132923872213652 0.28
vertex 0.02317627457812104 -0.07132923872213652 0.28200000000000003
endloop
endfacet
facet normal 0.0 -0.0 1.0
outer loop
vertex 0.018651741537364118 -0.07264373708464733 0.28200000000000003
vertex 0.02317627457812104 -0.07132923872213652 0.28200000000000003
vertex 0.0 0.0 0.28200000000000003
endloop
endfacet
facet normal 0.0 0.0 -1.0
outer loop
vertex 0.02317627457812104 -0.07132923872213652 0.28
vertex 0.0 0.0 0.28
vertex 0.02760934145135087 -0.06973323644161884 0.28
endloop
endfacet
facet normal 0.3387379202452917 -0.9408807689542255 0.0
outer loop
vertex 0.02317627457812104 -0.07132923872213652 0.28
vertex 0.02760934145135087 -0.06973323644161884 0.28
vertex 0.02317627457812104 -0.07132923872213652 0.28200000000000003
endloop
endfacet
facet normal 0.3387379202452917 -0.9408807689542255 0.0
outer loop
vertex 0.02317627457812104 -0.07132923872213652 0.28200000000000003
vertex 0.02760934145135087 -0.06973323644161884 0.28
vertex 0.02760934145135087 -0.06973323644161884 0.28200000000000003
endloop
endfacet
facet normal 0.0 -0.0 1.0
outer loop
vertex 0.02317627457812104 -0.07132923872213652 0.28200000000000003
vertex 0.02760934145135087 -0.06973323644161884 0.28200000000000003
vertex 0.0 0.0 0.28200000000000003
endloop
endfacet
facet normal 0.0 0.0 -1.0
outer loop
vertex 0.02760934145135087 -0.06973323644161884 0.28
vertex 0.0 0.0 0.28
vertex 0.03193344686738044 -0.06786202893495147 0.28
endloop
endfacet
facet normal 0.3971478906347799 -0.9177546256839816 0.0
outer loop
vertex 0.02760934145135087 -0.06973323644161884 0.28
vertex 0.03193344686738044 -0.06786202893495147 0.28
vertex 0.02760934145135087 -0.06973323644161884 0.28200000000000003
endloop
endfacet
facet normal 0.3971478906347799 -0.9177546256839816 0.0
outer loop
vertex 0.02760934145135087 -0.06973323644161884 0.28200000000000003
vertex 0.03193344686738044 -0.06786202893495147 0.28
vertex 0.03193344686738044 -0.06786202893495147 0.28200000000000003
endloop
endfacet
facet normal 0.0 -0.0 1.0
outer loop
vertex 0.02760934145135087 -0.06973323644161884 0.28200000000000003
vertex 0.03193344686738044 -0.06786202893495147 0.28200000000000003
vertex 0.0 0.0 0.28200000000000003
endloop
endfacet
facet normal 0.0 0.0 -1.0
outer loop
vertex 0.03193344686738044 -0.06786202893495147 0.28
vertex 0.0 0.0 0.28
vertex 0.03613152555762868 -0.06572300100328975 0.28
endloop
endfacet
facet normal 0.45399049973954797 -0.8910065241883672 0.0
outer loop
vertex 0.03193344686738044 -0.06786202893495147 0.28
vertex 0.03613152555762868 -0.06572300100328975 0.28
vertex 0.03193344686738044 -0.06786202893495147 0.28200000000000003
endloop
endfacet
facet normal 0.45399049973954797 -0.8910065241883672 0.0
outer loop
vertex 0.03193344686738044 -0.06786202893495147 0.28200000000000003
vertex 0.03613152555762868 -0.06572300100328975 0.28
vertex 0.03613152555762868 -0.06572300100328975 0.28200000000000003
endloop
endfacet
facet normal 0.0 -0.0 1.0
outer loop
vertex 0.03193344686738044 -0.06786202893495147 0.28200000000000003
vertex 0.03613152555762868 -0.06572300100328975 0.28200000000000003
vertex 0.0 0.0 0.28200000000000003
endloop
endfacet
facet normal 0.0 0.0 -1.0
outer loop
vertex 0.03613152555762868 -0.06572300100328975 0.28
vertex 0.0 0.0 0.28
vertex 0.04018700962342476 -0.06332459441265112 0.28
endloop
endfacet
facet normal 0.5090414157503713 -0.8607420270039436 0.0
outer loop
vertex 0.03613152555762868 -0.06572300100328975 0.28
vertex 0.04018700962342476 -0.06332459441265112 0.28
vertex 0.03613152555762868 -0.06572300100328975 0.28200000000000003
endloop
endfacet
facet normal 0.5090414157503713 -0.8607420270039436 0.0
outer loop
vertex 0.03613152555762868 -0.06572300100328975 0.28200000000000003
vertex 0.04018700962342476 -0.06332459441265112 0.28
vertex 0.04018700962342476 -0.06332459441265112 0.28200000000000003
endloop
endfacet
facet normal 0.0 -0.0 1.0
outer loop
vertex 0.03613152555762868 -0.06572300100328975 0.28200000000000003
vertex 0.04018700962342476 -0.06332459441265112 0.28200000000000003
vertex 0.0 0.0 0.28200000000000003
endloop
endfacet
facet normal 0.0 0.0 -0.9999999999999999
outer loop
vertex 0.04018700962342476 -0.06332459441265112 0.28
vertex 0.0 0.0 0.28
vertex 0.04408389392193553 -0.060676274578121026 0.28
endloop
endfacet
facet normal 0.5620833778521305 -0.8270805742745617 0.0
outer loop
vertex 0.04018700962342476 -0.06332459441265112 0.28
vertex 0.04408389392193553 -0.060676274578121026 0.28
vertex 0.04018700962342476 -0.06332459441265112 0.28200000000000003
endloop
endfacet
facet normal 0.5620833778521305 -0.8270805742745617 0.0
outer loop
vertex 0.04018700962342476 -0.06332459441265112 0.28200000000000003
vertex 0.04408389392193553 -0.060676274578121026 0.28
vertex 0.04408389392193553 -0.060676274578121026 0.28200000000000003
endloop
endfacet
facet normal 0.0 -0.0 0.9999999999999999
outer loop
vertex 0.04018700962342476 -0.06332459441265112 0.28200000000000003
vertex 0.04408389392193553 -0.060676274578121026 0.28200000000000003
vertex 0.0 0.0 0.28200000000000003
endloop
endfacet
facet normal 0.0 0.0 -1.0
outer loop
vertex 0.04408389392193553 -0.060676274578121026 0.28
vertex 0.0 0.0 0.28
vertex 0.04780679923115175 -0.057788493208184175 0.28
endloop
endfacet
facet normal 0.612907053652977 -0.7901550123756899 0.0
outer loop
vertex 0.04408389392193553 -0.060676274578121026 0.28
vertex 0.04780679923115175 -0.057788493208184175 0.28
vertex 0.04408389392193553 -0.060676274578121026 0.28200000000000003
endloop
endfacet
facet normal 0.612907053652977 -0.7901550123756899 0.0
outer loop
vertex 0.04408389392193553 -0.060676274578121026 0.28200000000000003
vertex 0.04780679923115175 -0.057788493208184175 0.28
vertex 0.04780679923115175 -0.057788493208184175 0.28200000000000003
endloop
endfacet
facet normal 0.0 -0.0 1.0
outer loop
vertex 0.04408389392193553 -0.060676274578121026 0.28200000000000003
vertex 0.04780679923115175 -0.057788493208184175 0.28200000000000003
vertex 0.0 0.0 0.28200000000000003
endloop
endfacet
facet normal 0.0 0.0 -0.9999999999999999
outer loop
vertex 0.04780679923115175 -0.057788493208184175 0.28
vertex 0.0 0.0 0.28
vertex 0.05134103294465164 -0.054672647056605864 0.28
endloop
endfacet
facet normal 0.6613118653236525 -0.7501110696304588 0.0
outer loop
vertex 0.04780679923115175 -0.057788493208184175 0.28
vertex 0.05134103294465164 -0.054672647056605864 0.28
vertex 0.04780679923115175 -0.057788493208184175 0.28200000000000003
endloop
endfacet
facet normal 0.6613118653236525 -0.7501110696304588 0.0
outer loop
vertex 0.04780679923115175 -0.057788493208184175 0.28200000000000003
vertex 0.05134103294465164 -0.054672647056605864 0.28
vertex 0.05134103294465164 -0.054672647056605864 0.28200000000000003
endloop
endfacet
facet normal 0.0 -0.0 1.0
outer loop
vertex 0.04780679923115175 -0.057788493208184175 0.28200000000000003
vertex 0.05134103294465164 -0.054672647056605864 0.28200000000000003
vertex 0.0 0.0 0.28200000000000003
endloop
endfacet
facet normal 0.0 0.0 -1.0
outer loop
vertex 0.05134103294465164 -0.054672647056605864 0.28
vertex 0.0 0.0 0.28
vertex 0.05467264705660589 -0.05134103294465162 0.28
endloop
endfacet
facet normal 0.7071067811865468 -0.7071067811865482 0.0
outer loop
vertex 0.05134103294465164 -0.054672647056605864 0.28
vertex 0.05467264705660589 -0.05134103294465162 0.28
vertex 0.05134103294465164 -0.054672647056605864 0.28200000000000003
endloop
endfacet
facet normal 0.7071067811865468 -0.7071067811865482 0.0
outer loop
vertex 0.05134103294465164 -0.054672647056605864 0.28200000000000003
vertex 0.05467264705660589 -0.05134103294465162 0.28
vertex 0.05467264705660589 -0.05134103294465162 0.28200000000000003
endloop
endfacet
facet normal 0.0 -0.0 1.0
outer loop
vertex 0.05134103294465164 -0.054672647056605864 0.28200000000000003
vertex 0.05467264705660589 -0.05134103294465162 0.28200000000000003
vertex 0.0 0.0 0.28200000000000003
endloop
endfacet
facet normal 0.0 0.0 -0.9999999999999999
outer loop
vertex 0.05467264705660589 -0.05134103294465162 0.28
vertex 0.0 0.0 0.28
vertex 0.0577884932081842 -0.04780679923115172 0.28
endloop
endfacet
facet normal 0.7501110696304596 -0.6613118653236519 0.0
outer loop
vertex 0.05467264705660589 -0.05134103294465162 0.28
vertex 0.0577884932081842 -0.04780679923115172 0.28
vertex 0.05467264705660589 -0.05134103294465162 0.28200000000000003
endloop
endfacet
facet normal 0.7501110696304596 -0.6613118653236519 0.0
outer loop
vertex 0.05467264705660589 -0.05134103294465162 0.28200000000000003
vertex 0.0577884932081842 -0.04780679923115172 0.28
vertex 0.0577884932081842 -0.04780679923115172 0.28200000000000003
endloop
endfacet
facet normal 0.0 -0.0 1.0
outer loop
vertex 0.05467264705660589 -0.05134103294465162 0.28200000000000003
vertex 0.0577884932081842 -0.04780679923115172 0.28200000000000003
vertex 0.0 0.0 0.28200000000000003
endloop
endfacet
facet normal 0.0 0.0 -0.9999999999999999
outer loop
vertex 0.0577884932081842 -0.04780679923115172 0.28
vertex 0.0 0.0 0.28
vertex 0.06067627457812108 -0.044083893921935444 0.28
endloop
endfacet
facet normal 0.7901550123756915 -0.612907053652975 0.0
outer loop
vertex 0.0577884932081842 -0.04780679923115172 0.28
vertex 0.06067627457812108 -0.044083893921935444 0.28
vertex 0.0577884932081842 -0.04780679923115172 0.28200000000000003
endloop
endfacet
facet normal 0.7901550123756915 -0.612907053652975 0.0
outer loop
vertex 0.0577884932081842 -0.04780679923115172 0.28200000000000003
vertex 0.06067627457812108 -0.044083893921935444 0.28
vertex 0.06067627457812108 -0.044083893921935444 0.28200000000000003
endloop
endfacet
facet normal 0.0 -0.0 1.0
outer loop
vertex 0.0577884932081842 -0.04780679923115172 0.28200000000000003
vertex 0.06067627457812108 -0.044083893921935444 0.28200000000000003
vertex 0.0 0.0 0.28200000000000003
endloop
endfacet
facet normal 0.0 0.0 -1.0
outer loop
vertex 0.06067627457812108 -0.044083893921935444 0.28
vertex 0.0 0.0 0.28
vertex 0.06332459441265115 -0.040187009623424724 0.28
endloop
endfacet
facet normal 0.8270805742745614 -0.5620833778521312 0.0
outer loop
vertex 0.06067627457812108 -0.044083893921935444 0.28
vertex 0.06332459441265115 -0.040187009623424724 0.28
vertex 0.06067627457812108 -0.044083893921935444 0.28200000000000003
endloop
endfacet
facet normal 0.8270805742745614 -0.5620833778521312 0.0
outer loop
vertex 0.06067627457812108 -0.044083893921935444 0.28200000000000003
vertex 0.06332459441265115 -0.040187009623424724 0.28
vertex 0.06332459441265115 -0.040187009623424724 0.28200000000000003
endloop
endfacet
facet normal 0.0 -0.0 1.0
outer loop
vertex 0.06067627457812108 -0.044083893921935444 0.28200000000000003
vertex 0.06332459441265115 -0.040187009623424724 0.28200000000000003
vertex 0.0 0.0 0.28200000000000003
endloop
endfacet
facet normal 0.0 0.0 -1.0
outer loop
vertex 0.06332459441265115 -0.040187009623424724 0.28
vertex 0.0 0.0 0.28
vertex 0.06572300100328976 -0.03613152555762865 0.28
endloop
endfacet
facet normal 0.8607420270039445 -0.5090414157503698 0.0
outer loop
vertex 0.06332459441265115 -0.040187009623424724 0.28
vertex 0.06572300100328976 -0.03613152555762865 0.28
vertex 0.06332459441265115 -0.040187009623424724 0.28200000000000003
endloop
endfacet
facet normal 0.8607420270039445 -0.5090414157503698 0.0
outer loop
vertex 0.06332459441265115 -0.040187009623424724 0.28200000000000003
vertex 0.06572300100328976 -0.03613152555762865 0.28
vertex 0.06572300100328976 -0.03613152555762865 0.28200000000000003
endloop
endfacet
facet normal 0.0 -0.0 1.0
outer loop
vertex 0.06332459441265115 -0.040187009623424724 0.28200000000000003
vertex 0.06572300100328976 -0.03613152555762865 0.28200000000000003
vertex 0.0 0.0 0.28200000000000003
endloop
endfacet
facet normal 0.0 0.0 -0.9999999999999999
outer loop
vertex 0.06572300100328976 -0.03613152555762865 0.28
vertex 0.0 0.0 0.28
vertex 0.06786202893495147 -0.031933446867380415 0.28
endloop
endfacet
facet normal 0.8910065241883683 -0.4539904997395456 0.0
outer loop
vertex 0.06572300100328976 -0.03613152555762865 0.28
vertex 0.06786202893495147 -0.031933446867380415 0.28
vertex 0.06572300100328976 -0.03613152555762865 0.28200000000000003
endloop
endfacet
facet normal 0.8910065241883683 -0.4539904997395456 0.0
outer loop
vertex 0.06572300100328976 -0.03613152555762865 0.28200000000000003
vertex 0.06786202893495147 -0.031933446867380415 0.28
vertex 0.06786202893495147 -0.031933446867380415 0.28200000000000003
endloop
endfacet
facet normal 0.0 -0.0 1.0
outer loop
vertex 0.06572300100328976 -0.03613152555762865 0.28200000000000003
vertex 0.06786202893495147 -0.031933446867380415 0.28200000000000003
vertex 0.0 0.0 0.28200000000000003
endloop
endfacet
facet normal 0.0 0.0 -1.0
outer loop
vertex 0.06786202893495147 -0.031933446867380415 0.28
vertex 0.0 0.0 0.28
vertex 0.06973323644161886 -0.027609341451350838 0.28
endloop
endfacet
facet normal 0.9177546256839804 -0.39714789063478206 0.0
outer loop
vertex 0.06786202893495147 -0.031933446867380415 0.28
vertex 0.06973323644161886 -0.027609341451350838 0.28
vertex 0.06786202893495147 -0.031933446867380415 0.28200000000000003
endloop
endfacet
facet normal 0.9177546256839804 -0.39714789063478206 0.0
outer loop
vertex 0.06786202893495147 -0.031933446867380415 0.28200000000000003
vertex 0.06973323644161886 -0.027609341451350838 0.28
vertex 0.06973323644161886 -0.027609341451350838 0.28200000000000003
endloop
endfacet
facet normal 0.0 -0.0 1.0
outer loop
vertex 0.06786202893495147 -0.031933446867380415 0.28200000000000003
vertex 0.06973323644161886 -0.027609341451350838 0.28200000000000003
vertex 0.0 0.0 0.28200000000000003
endloop
endfacet
facet normal 0.0 0.0 -1.0
outer loop
vertex 0.06973323644161886 -0.027609341451350838 0.28
vertex 0.0 0.0 0.28
vertex 0.07132923872213653 -0.02317627457812101 0.28
endloop
endfacet
facet normal 0.9408807689542255 -0.3387379202452917 0.0
outer loop
vertex 0.06973323644161886 -0.027609341451350838 0.28
vertex 0.07132923872213653 -0.02317627457812101 0.28
vertex 0.06973323644161886 -0.027609341451350838 0.28200000000000003
endloop
endfacet
facet normal 0.9408807689542255 -0.3387379202452917 0.0
outer loop
vertex 0.06973323644161886 -0.027609341451350838 0.28200000000000003
vertex 0.07132923872213653 -0.02317627457812101 0.28
vertex 0.07132923872213653 -0.02317627457812101 0.28200000000000003
endloop
endfacet
facet normal 0.0 -0.0 1.0
outer loop
vertex 0.06973323644161886 -0.027609341451350838 0.28200000000000003
vertex 0.07132923872213653 -0.02317627457812101 0.28200000000000003
vertex 0.0 0.0 0.28200000000000003
endloop
endfacet
facet normal 0.0 0.0 -1.0
outer loop
vertex 0.07132923872213653 -0.02317627457812101 0.28
vertex 0.0 0.0 0.28
vertex 0.07264373708464733 -0.018651741537364087 0.28
endloop
endfacet
facet normal 0.9602936856769438 -0.2789911060392269 0.0
outer loop
vertex 0.07132923872213653 -0.02317627457812101 0.28
vertex 0.07264373708464733 -0.018651741537364087 0.28
vertex 0.07132923872213653 -0.02317627457812101 0.28200000000000003
endloop
endfacet
facet normal 0.9602936856769438 -0.2789911060392269 0.0
outer loop
vertex 0.07132923872213653 -0.02317627457812101 0.28200000000000003
vertex 0.07264373708464733 -0.018651741537364087 0.28
vertex 0.07264373708464733 -0.018651741537364087 0.28200000000000003
endloop
endfacet
facet normal 0.0 -0.0 0.9999999999999999
outer loop
vertex 0.07132923872213653 -0.02317627457812101 0.28200000000000003
vertex 0.07264373708464733 -0.018651741537364087 0.28200000000000003
vertex 0.0 0.0 0.28200000000000003
endloop
endfacet
facet normal 0.0 0.0 -1.0
outer loop
vertex 0.07264373708464733 -0.018651741537364087 0.28
vertex 0.0 0.0 0.28
vertex 0.07367154380465166 -0.01405359859392935 0.28
endloop
endfacet
facet normal 0.9759167619387468 -0.21814324139654553 0.0
outer loop
vertex 0.07264373708464733 -0.018651741537364087 0.28
vertex 0.07367154380465166 -0.01405359859392935 0.28
vertex 0.07264373708464733 -0.018651741537364087 0.28200000000000003
endloop
endfacet
facet normal 0.9759167619387468 -0.21814324139654553 0.0
outer loop
vertex 0.07264373708464733 -0.018651741537364087 0.28200000000000003
vertex 0.07367154380465166 -0.01405359859392935 0.28
vertex 0.07367154380465166 -0.01405359859392935 0.28200000000000003
endloop
endfacet
facet normal 0.0 -0.0 1.0
outer loop
vertex 0.07264373708464733 -0.018651741537364087 0.28200000000000003
vertex 0.07367154380465166 -0.01405359859392935 0.28200000000000003
vertex 0.0 0.0 0.28200000000000003
endloop
endfacet
facet normal 0.0 0.0 -0.9999999999999999
outer loop
vertex 0.07367154380465166 -0.01405359859392935 0.28
vertex 0.0 0.0 0.28
vertex 0.07440860259858584 -0.009399992517322783 0.28
endloop
endfacet
facet normal 0.9876883405951381 -0.15643446504022854 0.0
outer loop
vertex 0.07367154380465166 -0.01405359859392935 0.28
vertex 0.07440860259858584 -0.009399992517322783 0.28
vertex 0.07367154380465166 -0.01405359859392935 0.28200000000000003
endloop
endfacet
facet normal 0.9876883405951381 -0.15643446504022854 0.0
outer loop
vertex 0.07367154380465166 -0.01405359859392935 0.28200000000000003
vertex 0.07440860259858584 -0.009399992517322783 0.28
vertex 0.07440860259858584 -0.009399992517322783 0.28200000000000003
endloop
endfacet
facet normal 0.0 -0.0 0.9999999999999999
outer loop
vertex 0.07367154380465166 -0.01405359859392935 0.28200000000000003
vertex 0.07440860259858584 -0.009399992517322783 0.28200000000000003
vertex 0.0 0.0 0.28200000000000003
endloop
endfacet
facet normal 0.0 0.0 -1.0
outer loop
vertex 0.07440860259858584 -0.009399992517322783 0.28
vertex 0.0 0.0 0.28
vertex 0.07485200463212037 -0.0047092889646984945 0.28
endloop
endfacet
facet normal 0.9955619646030798 -0.09410831331851525 0.0
outer loop
vertex 0.07440860259858584 -0.009399992517322783 0.28
vertex 0.07485200463212037 -0.0047092889646984945 0.28
vertex 0.07440860259858584 -0.009399992517322783 0.28200000000000003
endloop
endfacet
facet normal 0.9955619646030798 -0.09410831331851525 0.0
outer loop
vertex 0.07440860259858584 -0.009399992517322783 0.28200000000000003
vertex 0.07485200463212037 -0.0047092889646984945 0.28
vertex 0.07485200463212037 -0.0047092889646984945 0.28200000000000003
endloop
endfacet
facet normal 0.0 -0.0 1.0
outer loop
vertex 0.07440860259858584 -0.009399992517322783 0.28200000000000003
vertex 0.07485200463212037 -0.0047092889646984945 0.28200000000000003
vertex 0.0 0.0 0.28200000000000003
endloop
endfacet
facet normal 0.0 0.0 -1.0
outer loop
vertex 0.07485200463212037 -0.0047092889646984945 0.28
vertex 0.0 0.0 0.28
vertex 0.075 0.0 0.28
endloop
endfacet
facet normal 0.9995065603657317 -0.03141075907812722 0.0
outer loop
vertex 0.07485200463212037 -0.0047092889646984945 0.28
vertex 0.075 0.0 0.28
vertex 0.07485200463212037 -0.0047092889646984945 0.28200000000000003
endloop
endfacet
facet normal 0.9995065603657317 -0.03141075907812722 0.0
outer loop
vertex 0.07485200463212037 -0.0047092889646984945 0.28200000000000003
vertex 0.075 0.0 0.28
vertex 0.075 0.0 0.28200000000000003
endloop
endfacet
facet normal 0.0 -0.0 1.0
outer loop
vertex 0.07485200463212037 -0.0047092889646984945 0.28200000000000003
vertex 0.075 0.0 0.28200000000000003
vertex 0.0 0.0 0.28200000000000003
endloop
endfacet
facet normal 0.0 0.0 -1.0
outer loop
vertex 0.075 0.0 -0.28200000000000003
vertex 0.0 0.0 -0.28200000000000003
vertex 0.07485200463212037 0.004709288964698503 -0.28200000000000003
endloop
endfacet
facet normal 0.9995065603657317 0.03141075907812717 0.0
outer loop
vertex 0.075 0.0 -0.28200000000000003
vertex 0.07485200463212037 0.004709288964698503 -0.28200000000000003
vertex 0.075 0.0 -0.28
endloop
endfacet
facet normal 0.9995065603657317 0.03141075907812717 -0.0
outer loop
vertex 0.075 0.0 -0.28
vertex 0.07485200463212037 0.004709288964698503 -0.28200000000000003
vertex 0.07485200463212037 0.004709288964698503 -0.28
endloop
endfacet
facet normal 0.0 0.0 1.0
outer loop
vertex 0.075 0.0 -0.28
vertex 0.07485200463212037 0.004709288964698503 -0.28
vertex 0.0 0.0 -0.28
endloop
endfacet
facet normal -0.0 0.0 -1.0
outer loop
vertex 0.07485200463212037 0.004709288964698503 -0.28200000000000003
vertex 0.0 0.0 -0.28200000000000003
vertex 0.07440860259858584 0.00939999251732282 -0.28200000000000003
endloop
endfacet
facet normal 0.99556196460308 0.09410831331851473 0.0
outer loop
vertex 0.07485200463212037 0.004709288964698503 -0.28200000000000003
vertex 0.07440860259858584 0.00939999251732282 -0.28200000000000003
vertex 0.07485200463212037 0.004709288964698503 -0.28
endloop
endfacet
facet normal 0.99556196460308 0.09410831331851473 -0.0
outer loop
vertex 0.07485200463212037 0.004709288964698503 -0.28
vertex 0.07440860259858584 0.00939999251732282 -0.28200000000000003
vertex 0.07440860259858584 0.00939999251732282 -0.28
endloop
endfacet
facet normal 0.0 0.0 1.0
outer loop
vertex 0.07485200463212037 0.004709288964698503 -0.28
vertex 0.07440860259858584 0.00939999251732282 -0.28
vertex 0.0 0.0 -0.28
endloop
endfacet
facet normal -0.0 0.0 -1.0
outer loop
vertex 0.07440860259858584 0.00939999251732282 -0.28200000000000003
vertex 0.0 0.0 -0.28200000000000003
vertex 0.07367154380465166 0.014053598593929347 -0.28200000000000003
endloop
endfacet
facet normal 0.9876883405951378 0.15643446504022984 0.0
outer loop
vertex 0.07440860259858584 0.00939999251732282 -0.28200000000000003
vertex 0.07367154380465166 0.014053598593929347 -0.28200000000000003
vertex 0.07440860259858584 0.00939999251732282 -0.28
endloop
endfacet
facet normal 0.9876883405951378 0.15643446504022984 -0.0
outer loop
vertex 0.07440860259858584 0.00939999251732282 -0.28
vertex 0.07367154380465166 0.014053598593929347 -0.28200000000000003
vertex 0.07367154380465166 0.014053598593929347 -0.28
endloop
endfacet
facet normal 0.0 0.0 1.0
outer loop
vertex 0.07440860259858584 0.00939999251732282 -0.28
vertex 0.07367154380465166 0.014053598593929347 -0.28
vertex 0.0 0.0 -0.28
endloop
endfacet
facet normal -0.0 0.0 -1.0
outer loop
vertex 0.07367154380465166 0.014053598593929347 -0.28200000000000003
vertex 0.0 0.0 -0.28200000000000003
vertex 0.07264373708464733 0.018651741537364108 -0.28200000000000003
endloop
endfacet
facet normal 0.975916761938747 0.21814324139654442 0.0
outer loop
vertex 0.07367154380465166 0.014053598593929347 -0.28200000000000003
vertex 0.07264373708464733 0.018651741537364108 -0.28200000000000003
vertex 0.07367154380465166 0.014053598593929347 -0.28
endloop
endfacet
facet normal 0.975916761938747 0.21814324139654442 -0.0
outer loop
vertex 0.07367154380465166 0.014053598593929347 -0.28
vertex 0.07264373708464733 0.018651741537364108 -0.28200000000000003
vertex 0.07264373708464733 0.018651741537364108 -0.28
endloop
endfacet
facet normal 0.0 0.0 1.0
outer loop
vertex 0.07367154380465166 0.014053598593929347 -0.28
vertex 0.07264373708464733 0.018651741537364108 -0.28
vertex 0.0 0.0 -0.28
endloop
endfacet
facet normal -0.0 0.0 -1.0
outer loop
vertex 0.07264373708464733 0.018651741537364108 -0.28200000000000003
vertex 0.0 0.0 -0.28200000000000003
vertex 0.0713292387221365 0.023176274578121055 -0.28200000000000003
endloop
endfacet
facet normal 0.9602936856769426 0.2789911060392309 0.0
outer loop
vertex 0.07264373708464733 0.018651741537364108 -0.28200000000000003
vertex 0.0713292387221365 0.023176274578121055 -0.28200000000000003
vertex 0.07264373708464733 0.018651741537364108 -0.28
endloop
endfacet
facet normal 0.9602936856769426 0.2789911060392309 -0.0
outer loop
vertex 0.07264373708464733 0.018651741537364108 -0.28
vertex 0.0713292387221365 0.023176274578121055 -0.28200000000000003
vertex 0.0713292387221365 0.023176274578121055 -0.28
endloop
endfacet
facet normal 0.0 0.0 1.0
outer loop
vertex 0.07264373708464733 0.018651741537364108 -0.28
vertex 0.0713292387221365 0.023176274578121055 -0.28
vertex 0.0 0.0 -0.28
endloop
endfacet
facet normal -0.0 0.0 -0.9999999999999999
outer loop
vertex 0.0713292387221365 0.023176274578121055 -0.28200000000000003
vertex 0.0 0.0 -0.28200000000000003
vertex 0.06973323644161884 0.027609341451350848 -0.28200000000000003
endloop
endfacet
facet normal 0.9408807689542256 0.3387379202452914 0.0
outer loop
vertex 0.0713292387221365 0.023176274578121055 -0.28200000000000003
vertex 0.06973323644161884 0.027609341451350848 -0.28200000000000003
vertex 0.0713292387221365 0.023176274578121055 -0.28
endloop
endfacet
facet normal 0.9408807689542256 0.3387379202452914 -0.0
outer loop
vertex 0.0713292387221365 0.023176274578121055 -0.28
vertex 0.06973323644161884 0.027609341451350848 -0.28200000000000003
vertex 0.06973323644161884 0.027609341451350848 -0.28
endloop
endfacet
facet normal 0.0 0.0 1.0
outer loop
vertex 0.0713292387221365 0.023176274578121055 -0.28
vertex 0.06973323644161884 0.027609341451350848 -0.28
vertex 0.0 0.0 -0.28
endloop
endfacet
facet normal -0.0 0.0 -1.0
outer loop
vertex 0.06973323644161884 0.027609341451350848 -0.28200000000000003
vertex 0.0 0.0 -0.28200000000000003
vertex 0.06786202893495145 0.03193344686738045 -0.28200000000000003
endloop
endfacet
facet normal 0.9177546256839814 0.39714789063478023 0.0
outer loop
vertex 0.06973323644161884 0.027609341451350848 -0.28200000000000003
vertex 0.06786202893495145 0.03193344686738045 -0.28200000000000003
vertex 0.06973323644161884 0.027609341451350848 -0.28
endloop
endfacet
facet normal 0.9177546256839814 0.39714789063478023 -0.0
outer loop
vertex 0.06973323644161884 0.027609341451350848 -0.28
vertex 0.06786202893495145 0.03193344686738045 -0.28200000000000003
vertex 0.06786202893495145 0.03193344686738045 -0.28
endloop
endfacet
facet normal 0.0 0.0 1.0
outer loop
vertex 0.06973323644161884 0.027609341451350848 -0.28
vertex 0.06786202893495145 0.03193344686738045 -0.28
vertex 0.0 0.0 -0.28
endloop
endfacet
facet normal -0.0 0.0 -1.0
outer loop
vertex 0.06786202893495145 0.03193344686738045 -0.28200000000000003
vertex 0.0 0.0 -0.28200000000000003
vertex 0.06572300100328976 0.03613152555762865 -0.28200000000000003
endloop
endfacet
facet normal 0.8910065241883682 0.4539904997395463 0.0
outer loop
vertex 0.06786202893495145 0.03193344686738045 -0.28200000000000003
vertex 0.06572300100328976 0.03613152555762865 -0.28200000000000003
vertex 0.06786202893495145 0.03193344686738045 -0.28
endloop
endfacet
facet normal 0.8910065241883682 0.4539904997395463 -0.0
outer loop
vertex 0.06786202893495145 0.03193344686738045 -0.28
vertex 0.06572300100328976 0.03613152555762865 -0.28200000000000003
vertex 0.06572300100328976 0.03613152555762865 -0.28
endloop
endfacet
facet normal 0.0 0.0 1.0
outer loop
vertex 0.06786202893495145 0.03193344686738045 -0.28
vertex 0.06572300100328976 0.03613152555762865 -0.28
vertex 0.0 0.0 -0.28
endloop
endfacet
facet normal -0.0 0.0 -1.0
outer loop
vertex 0.06572300100328976 0.03613152555762865 -0.28200000000000003
vertex 0.0 0.0 -0.28200000000000003
vertex 0.06332459441265113 0.040187009623424745 -0.28200000000000003
endloop
endfacet
facet normal 0.8607420270039444 0.50904141575037 0.0
outer loop
vertex 0.06572300100328976 0.03613152555762865 -0.28200000000000003
vertex 0.06332459441265113 0.040187009623424745 -0.28200000000000003
vertex 0.06572300100328976 0.03613152555762865 -0.28
endloop
endfacet
facet normal 0.8607420270039444 0.50904141575037 -0.0
outer loop
vertex 0.06572300100328976 0.03613152555762865 -0.28
vertex 0.06332459441265113 0.040187009623424745 -0.28200000000000003
vertex 0.06332459441265113 0.040187009623424745 -0.28
endloop
endfacet
facet normal 0.0 0.0 1.0
outer loop
vertex 0.06572300100328976 0.03613152555762865 -0.28
vertex 0.06332459441265113 0.040187009623424745 -0.28
vertex 0.0 0.0 -0.28
endloop
endfacet
facet normal -0.0 0.0 -1.0
outer loop
vertex 0.06332459441265113 0.040187009623424745 -0.28200000000000003
vertex 0.0 0.0 -0.28200000000000003
vertex 0.06067627457812105 0.044083893921935485 -0.28200000000000003
endloop
endfacet
facet normal 0.8270805742745614 0.5620833778521312 0.0
outer loop
vertex 0.06332459441265113 0.040187009623424745 -0.28200000000000003
vertex 0.06067627457812105 0.044083893921935485 -0.28200000000000003
vertex 0.06332459441265113 0.040187009623424745 -0.28
endloop
endfacet
facet normal 0.8270805742745614 0.5620833778521312 -0.0
outer loop
vertex 0.06332459441265113 0.040187009623424745 -0.28
vertex 0.06067627457812105 0.044083893921935485 -0.28200000000000003
vertex 0.06067627457812105 0.044083893921935485 -0.28
endloop
endfacet
facet normal 0.0 0.0 0.9999999999999999
outer loop
vertex 0.06332459441265113 0.040187009623424745 -0.28
vertex 0.06067627457812105 0.044083893921935485 -0.28
vertex 0.0 0.0 -0.28
endloop
endfacet
facet normal -0.0 0.0 -1.0
outer loop
vertex 0.06067627457812105 0.044083893921935485 -0.28200000000000003
vertex 0.0 0.0 -0.28200000000000003
vertex 0.05778849320818418 0.04780679923115173 -0.28200000000000003
endloop
endfacet
facet normal 0.7901550123756894 0.6129070536529777 0.0
outer loop
vertex 0.06067627457812105 0.044083893921935485 -0.28200000000000003
vertex 0.05778849320818418 0.04780679923115173 -0.28200000000000003
vertex 0.06067627457812105 0.044083893921935485 -0.28
endloop
endfacet
facet normal 0.7901550123756894 0.6129070536529777 -0.0
outer loop
vertex 0.06067627457812105 0.044083893921935485 -0.28
vertex 0.05778849320818418 0.04780679923115173 -0.28200000000000003
vertex 0.05778849320818418 0.04780679923115173 -0.28
endloop
endfacet
facet normal 0.0 0.0 1.0
outer loop
vertex 0.06067627457812105 0.044083893921935485 -0.28
vertex 0.05778849320818418 0.04780679923115173 -0.28
vertex 0.0 0.0 -0.28
endloop
endfacet
facet normal -0.0 0.0 -1.0
outer loop
vertex 0.05778849320818418 0.04780679923115173 -0.28200000000000003
vertex 0.0 0.0 -0.28200000000000003
vertex 0.054672647056605864 0.05134103294465165 -0.28200000000000003
endloop
endfacet
facet normal 0.7501110696304607 0.6613118653236505 0.0
outer loop
vertex 0.05778849320818418 0.04780679923115173 -0.28200000000000003
vertex 0.054672647056605864 0.05134103294465165 -0.28200000000000003
vertex 0.05778849320818418 0.04780679923115173 -0.28
endloop
endfacet
facet normal 0.7501110696304607 0.6613118653236505 -0.0
outer loop
vertex 0.05778849320818418 0.04780679923115173 -0.28
vertex 0.054672647056605864 0.05134103294465165 -0.28200000000000003
vertex 0.054672647056605864 0.05134103294465165 -0.28
endloop
endfacet
facet normal 0.0 0.0 1.0
outer loop
vertex 0.05778849320818418 0.04780679923115173 -0.28
vertex 0.054672647056605864 0.05134103294465165 -0.28
vertex 0.0 0.0 -0.28
endloop
endfacet
facet normal -0.0 0.0 -1.0
outer loop
vertex 0.054672647056605864 0.05134103294465165 -0.28200000000000003
vertex 0.0 0.0 -0.28200000000000003
vertex 0.05134103294465164 0.054672647056605864 -0.28200000000000003
endloop
endfacet
facet normal 0.7071067811865468 0.7071067811865483 0.0
outer loop
vertex 0.054672647056605864 0.05134103294465165 -0.28200000000000003
vertex 0.05134103294465164 0.054672647056605864 -0.28200000000000003
vertex 0.054672647056605864 0.05134103294465165 -0.28
endloop
endfacet
facet normal 0.7071067811865468 0.7071067811865483 -0.0
outer loop
vertex 0.054672647056605864 0.05134103294465165 -0.28
vertex 0.05134103294465164 0.054672647056605864 -0.28200000000000003
vertex 0.05134103294465164 0.054672647056605864 -0.28
endloop
endfacet
facet normal 0.0 0.0 0.9999999999999999
outer loop
vertex 0.054672647056605864 0.05134103294465165 -0.28
vertex 0.05134103294465164 0.054672647056605864 -0.28
vertex 0.0 0.0 -0.28
endloop
endfacet
facet normal -0.0 0.0 -1.0
outer loop
vertex 0.05134103294465164 0.054672647056605864 -0.28200000000000003
vertex 0.0 0.0 -0.28200000000000003
vertex 0.04780679923115172 0.05778849320818419 -0.28200000000000003
endloop
endfacet
facet normal 0.6613118653236513 0.75011106963046 0.0
outer loop
vertex 0.05134103294465164 0.054672647056605864 -0.28200000000000003
vertex 0.04780679923115172 0.05778849320818419 -0.28200000000000003
vertex 0.05134103294465164 0.054672647056605864 -0.28
endloop
endfacet
facet normal 0.6613118653236513 0.75011106963046 -0.0
outer loop
vertex 0.05134103294465164 0.054672647056605864 -0.28
vertex 0.04780679923115172 0.05778849320818419 -0.28200000000000003
vertex 0.04780679923115172 0.05778849320818419 -0.28
endloop
endfacet
facet normal 0.0 0.0 1.0
outer loop
vertex 0.05134103294465164 0.054672647056605864 -0.28
vertex 0.04780679923115172 0.05778849320818419 -0.28
vertex 0.0 0.0 -0.28
endloop
endfacet
facet normal -0.0 0.0 -1.0
outer loop
vertex 0.04780679923115172 0.05778849320818419 -0.28200000000000003
vertex 0.0 0.0 -0.28200000000000003
vertex 0.04408389392193548 0.06067627457812105 -0.28200000000000003
endloop
endfacet
facet normal 0.6129070536529768 0.7901550123756902 0.0
outer loop
vertex 0.04780679923115172 0.05778849320818419 -0.28200000000000003
vertex 0.04408389392193548 0.06067627457812105 -0.28200000000000003
vertex 0.04780679923115172 0.05778849320818419 -0.28
endloop
endfacet
facet normal 0.6129070536529768 0.7901550123756902 -0.0
outer loop
vertex 0.04780679923115172 0.05778849320818419 -0.28
vertex 0.04408389392193548 0.06067627457812105 -0.28200000000000003
vertex 0.04408389392193548 0.06067627457812105 -0.28
endloop
endfacet
facet normal 0.0 0.0 1.0
outer loop
vertex 0.04780679923115172 0.05778849320818419 -0.28
vertex 0.04408389392193548 0.06067627457812105 -0.28
vertex 0.0 0.0 -0.28
endloop
endfacet
facet normal -0.0 0.0 -1.0
outer loop
vertex 0.04408389392193548 0.06067627457812105 -0.28200000000000003
vertex 0.0 0.0 -0.28200000000000003
vertex 0.04018700962342474 0.06332459441265113 -0.28200000000000003
endloop
endfacet
facet normal 0.5620833778521312 0.8270805742745614 0.0
outer loop
vertex 0.04408389392193548 0.06067627457812105 -0.28200000000000003
vertex 0.04018700962342474 0.06332459441265113 -0.28200000000000003
vertex 0.04408389392193548 0.06067627457812105 -0.28
endloop
endfacet
facet normal 0.5620833778521312 0.8270805742745614 -0.0
outer loop
vertex 0.04408389392193548 0.06067627457812105 -0.28
vertex 0.04018700962342474 0.06332459441265113 -0.28200000000000003
vertex 0.04018700962342474 0.06332459441265113 -0.28
endloop
endfacet
facet normal 0.0 0.0 0.9999999999999999
outer loop
vertex 0.04408389392193548 0.06067627457812105 -0.28
vertex 0.04018700962342474 0.06332459441265113 -0.28
vertex 0.0 0.0 -0.28
endloop
endfacet
facet normal -0.0 0.0 -1.0
outer loop
vertex 0.04018700962342474 0.06332459441265113 -0.28200000000000003
vertex 0.0 0.0 -0.28200000000000003
vertex 0.036131525557628635 0.06572300100328977 -0.28200000000000003
endloop
endfacet
facet normal 0.5090414157503717 0.8607420270039435 0.0
outer loop
vertex 0.04018700962342474 0.06332459441265113 -0.28200000000000003
vertex 0.036131525557628635 0.06572300100328977 -0.28200000000000003
vertex 0.04018700962342474 0.06332459441265113 -0.28
endloop
endfacet
facet normal 0.5090414157503717 0.8607420270039435 -0.0
outer loop
vertex 0.04018700962342474 0.06332459441265113 -0.28
vertex 0.036131525557628635 0.06572300100328977 -0.28200000000000003
vertex 0.036131525557628635 0.06572300100328977 -0.28
endloop
endfacet
facet normal 0.0 0.0 0.9999999999999999
outer loop
vertex 0.04018700962342474 0.06332459441265113 -0.28
vertex 0.036131525557628635 0.06572300100328977 -0.28
vertex 0.0 0.0 -0.28
endloop
endfacet
facet normal -0.0 0.0 -1.0
outer loop
vertex 0.036131525557628635 0.06572300100328977 -0.28200000000000003
vertex 0.0 0.0 -0.28200000000000003
vertex 0.03193344686738045 0.06786202893495147 -0.28200000000000003
endloop
endfacet
facet normal 0.4539904997395474 0.8910065241883676 0.0
outer loop
vertex 0.036131525557628635 0.06572300100328977 -0.28200000000000003
vertex 0.03193344686738045 0.06786202893495147 -0.28200000000000003
vertex 0.036131525557628635 0.06572300100328977 -0.28
endloop
endfacet
facet normal 0.4539904997395474 0.8910065241883676 -0.0
outer loop
vertex 0.036131525557628635 0.06572300100328977 -0.28
vertex 0.03193344686738045 0.06786202893495147 -0.28200000000000003
vertex 0.03193344686738045 0.06786202893495147 -0.28
endloop
endfacet
facet normal 0.0 0.0 1.0
outer loop
vertex 0.036131525557628635 0.06572300100328977 -0.28
vertex 0.03193344686738045 0.06786202893495147 -0.28
vertex 0.0 0.0 -0.28
endloop
endfacet
facet normal -0.0 0.0 -1.0
outer loop
vertex 0.03193344686738045 0.06786202893495147 -0.28200000000000003
vertex 0.0 0.0 -0.28200000000000003
vertex 0.027609341451350838 0.06973323644161886 -0.28200000000000003
endloop
endfacet
facet normal 0.39714789063477945 0.9177546256839817 0.0
outer loop
vertex 0.03193344686738045 0.06786202893495147 -0.28200000000000003
vertex 0.027609341451350838 0.06973323644161886 -0.28200000000000003
vertex 0.03193344686738045 0.06786202893495147 -0.28
endloop
endfacet
facet normal 0.39714789063477945 0.9177546256839817 -0.0
outer loop
vertex 0.03193344686738045 0.06786202893495147 -0.28
vertex 0.027609341451350838 0.06973323644161886 -0.28200000000000003
vertex 0.027609341451350838 0.06973323644161886 -0.28
endloop
endfacet
facet normal 0.0 0.0 1.0
outer loop
vertex 0.03193344686738045 0.06786202893495147 -0.28
vertex 0.027609341451350838 0.06973323644161886 -0.28
vertex 0.0 0.0 -0.28
endloop
endfacet
facet normal -0.0 0.0 -1.0
outer loop
vertex 0.027609341451350838 0.06973323644161886 -0.28200000000000003
vertex 0.0 0.0 -0.28200000000000003
vertex 0.023176274578121058 0.0713292387221365 -0.28200000000000003
endloop
endfacet
facet normal 0.33873792024528976 0.9408807689542261 0.0
outer loop
vertex 0.027609341451350838 0.06973323644161886 -0.28200000000000003
vertex 0.023176274578121058 0.0713292387221365 -0.28200000000000003
vertex 0.027609341451350838 0.06973323644161886 -0.28
endloop
endfacet
facet normal 0.33873792024528976 0.9408807689542261 -0.0
outer loop
vertex 0.027609341451350838 0.06973323644161886 -0.28
vertex 0.023176274578121058 0.0713292387221365 -0.28200000000000003
vertex 0.023176274578121058 0.0713292387221365 -0.28
endloop
endfacet
facet normal 0.0 0.0 1.0
outer loop
vertex 0.027609341451350838 0.06973323644161886 -0.28
vertex 0.023176274578121058 0.0713292387221365 -0.28
vertex 0.0 0.0 -0.28
endloop
endfacet
facet normal -0.0 0.0 -1.0
outer loop
vertex 0.023176274578121058 0.0713292387221365 -0.28200000000000003
vertex 0.0 0.0 -0.28200000000000003
vertex 0.018651741537364104 0.07264373708464733 -0.28200000000000003
endloop
endfacet
facet normal 0.2789911060392305 0.9602936856769427 0.0
outer loop
vertex 0.023176274578121058 0.0713292387221365 -0.28200000000000003
vertex 0.018651741537364104 0.07264373708464733 -0.28200000000000003
vertex 0.023176274578121058 0.0713292387221365 -0.28
endloop
endfacet
facet normal 0.2789911060392305 0.9602936856769427 -0.0
outer loop
vertex 0.023176274578121058 0.0713292387221365 -0.28
vertex 0.018651741537364104 0.07264373708464733 -0.28200000000000003
vertex 0.018651741537364104 0.07264373708464733 -0.28
endloop
endfacet
facet normal 0.0 0.0 1.0
outer loop
vertex 0.023176274578121058 0.0713292387221365 -0.28
vertex 0.018651741537364104 0.07264373708464733 -0.28
vertex 0.0 0.0 -0.28
endloop
endfacet
facet normal -0.0 0.0 -0.9999999999999999
outer loop
vertex 0.018651741537364104 0.07264373708464733 -0.28200000000000003
vertex 0.0 0.0 -0.28200000000000003
vertex 0.014053598593929338 0.07367154380465166 -0.28200000000000003
endloop
endfacet
facet normal 0.2181432413965442 0.9759167619387471 0.0
outer loop
vertex 0.018651741537364104 0.07264373708464733 -0.28200000000000003
vertex 0.014053598593929338 0.07367154380465166 -0.28200000000000003
vertex 0.018651741537364104 0.07264373708464733 -0.28
endloop
endfacet
facet normal 0.2181432413965442 0.9759167619387471 -0.0
outer loop
vertex 0.018651741537364104 0.07264373708464733 -0.28
vertex 0.014053598593929338 0.07367154380465166 -0.28200000000000003
vertex 0.014053598593929338 0.07367154380465166 -0.28
endloop
endfacet
facet normal 0.0 0.0 1.0
outer loop
vertex 0.018651741537364104 0.07264373708464733 -0.28
vertex 0.014053598593929338 0.07367154380465166 -0.28
vertex 0.0 0.0 -0.28
endloop
endfacet
facet normal -0.0 0.0 -1.0
outer loop
vertex 0.014053598593929338 0.07367154380465166 -0.28200000000000003
vertex 0.0 0.0 -0.28200000000000003
vertex 0.00939999251732282 0.07440860259858584 -0.28200000000000003
endloop
endfacet
facet normal 0.15643446504023012 0.9876883405951378 0.0
outer loop
vertex 0.014053598593929338 0.07367154380465166 -0.28200000000000003
vertex 0.00939999251732282 0.07440860259858584 -0.28200000000000003
vertex 0.014053598593929338 0.07367154380465166 -0.28
endloop
endfacet
facet normal 0.15643446504023012 0.9876883405951378 -0.0
outer loop
vertex 0.014053598593929338 0.07367154380465166 -0.28
vertex 0.00939999251732282 0.07440860259858584 -0.28200000000000003
vertex 0.00939999251732282 0.07440860259858584 -0.28
endloop
endfacet
facet normal 0.0 0.0 1.0
outer loop
vertex 0.014053598593929338 0.07367154380465166 -0.28
vertex 0.00939999251732282 0.07440860259858584 -0.28
vertex 0.0 0.0 -0.28
endloop
endfacet
facet normal -0.0 0.0 -1.0
outer loop
vertex 0.00939999251732282 0.07440860259858584 -0.28200000000000003
vertex 0.0 0.0 -0.28200000000000003
vertex 0.004709288964698498 0.07485200463212037 -0.28200000000000003
endloop
endfacet
facet normal 0.09410831331851463 0.9955619646030801 0.0
outer loop
vertex 0.00939999251732282 0.07440860259858584 -0.28200000000000003
vertex 0.004709288964698498 0.07485200463212037 -0.28200000000000003
vertex 0.00939999251732282 0.07440860259858584 -0.28
endloop
endfacet
facet normal 0.09410831331851463 0.9955619646030801 -0.0
outer loop
vertex 0.00939999251732282 0.07440860259858584 -0.28
vertex 0.004709288964698498 0.07485200463212037 -0.28200000000000003
vertex 0.004709288964698498 0.07485200463212037 -0.28
endloop
endfacet
facet normal 0.0 0.0 1.0
outer loop
vertex 0.00939999251732282 0.07440860259858584 -0.28
vertex 0.004709288964698498 0.07485200463212037 -0.28
vertex 0.0 0.0 -0.28
endloop
endfacet
facet normal -0.0 0.0 -1.0
outer loop
vertex 0.004709288964698498 0.07485200463212037 -0.28200000000000003
vertex 0.0 0.0 -0.28200000000000003
vertex -1.2060919872574772e-17 0.075 -0.28200000000000003
endloop
endfacet
facet normal 0.03141075907812711 0.9995065603657315 0.0
outer loop
vertex 0.004709288964698498 0.07485200463212037 -0.28200000000000003
vertex -1.2060919872574772e-17 0.075 -0.28200000000000003
vertex 0.004709288964698498 0.07485200463212037 -0.28
endloop
endfacet
facet normal 0.03141075907812711 0.9995065603657315 -0.0
outer loop
vertex 0.004709288964698498 0.07485200463212037 -0.28
vertex -1.2060919872574772e-17 0.075 -0.28200000000000003
vertex -1.2060919872574772e-17 0.075 -0.28
endloop
endfacet
facet normal 0.0 0.0 1.0
outer loop
vertex 0.004709288964698498 0.07485200463212037 -0.28
vertex -1.2060919872574772e-17 0.075 -0.28
vertex 0.0 0.0 -0.28
endloop
endfacet
facet normal -0.0 -0.0 -1.0
outer loop
vertex -1.2060919872574772e-17 0.075 -0.28200000000000003
vertex 0.0 0.0 -0.28200000000000003
vertex -0.004709288964698505 0.07485200463212037 -0.28200000000000003
endloop
endfacet
facet normal -0.03141075907812723 0.9995065603657316 0.0
outer loop
vertex -1.2060919872574772e-17 0.075 -0.28200000000000003
vertex -0.004709288964698505 0.07485200463212037 -0.28200000000000003
vertex -1.2060919872574772e-17 0.075 -0.28
endloop
endfacet
facet normal -0.03141075907812723 0.9995065603657316 0.0
outer loop
vertex -1.2060919872574772e-17 0.075 -0.28
vertex -0.004709288964698505 0.07485200463212037 -0.28200000000000003
vertex -0.004709288964698505 0.07485200463212037 -0.28
endloop
endfacet
facet normal 0.0 0.0 1.0
outer loop
vertex -1.2060919872574772e-17 0.075 -0.28
vertex -0.004709288964698505 0.07485200463212037 -0.28
vertex 0.0 0.0 -0.28
endloop
endfacet
facet normal -0.0 -0.0 -1.0
outer loop
vertex -0.004709288964698505 0.07485200463212037 -0.28200000000000003
vertex 0.0 0.0 -0.28200000000000003
vertex -0.009399992517322828 0.07440860259858582 -0.28200000000000003
endloop
endfacet
facet normal -0.09410831331851749 0.9955619646030797 0.0
outer loop
vertex -0.004709288964698505 0.07485200463212037 -0.28200000000000003
vertex -0.009399992517322828 0.07440860259858582 -0.28200000000000003
vertex -0.004709288964698505 0.07485200463212037 -0.28
endloop
endfacet
facet normal -0.09410831331851749 0.9955619646030797 0.0
outer loop
vertex -0.004709288964698505 0.07485200463212037 -0.28
vertex -0.009399992517322828 0.07440860259858582 -0.28200000000000003
vertex -0.009399992517322828 0.07440860259858582 -0.28
endloop
endfacet
facet normal 0.0 0.0 1.0
outer loop
vertex -0.004709288964698505 0.07485200463212037 -0.28
vertex -0.009399992517322828 0.07440860259858582 -0.28
vertex 0.0 0.0 -0.28
endloop
endfacet
facet normal -0.0 -0.0 -0.9999999999999999
outer loop
vertex -0.009399992517322828 0.07440860259858582 -0.28200000000000003
vertex 0.0 0.0 -0.28200000000000003
vertex -0.014053598593929361 0.07367154380465164 -0.28200000000000003
endloop
endfacet
facet normal -0.15643446504022968 0.987688340595138 0.0
outer loop
vertex -0.009399992517322828 0.07440860259858582 -0.28200000000000003
vertex -0.014053598593929361 0.07367154380465164 -0.28200000000000003
vertex -0.009399992517322828 0.07440860259858582 -0.28
endloop
endfacet
facet normal -0.15643446504022968 0.987688340595138 0.0
outer loop
vertex -0.009399992517322828 0.07440860259858582 -0.28
vertex -0.014053598593929361 0.07367154380465164 -0.28200000000000003
vertex -0.014053598593929361 0.07367154380465164 -0.28
endloop
endfacet
facet normal 0.0 0.0 1.0
outer loop
vertex -0.009399992517322828 0.07440860259858582 -0.28
vertex -0.014053598593929361 0.07367154380465164 -0.28
vertex 0.0 0.0 -0.28
endloop
endfacet
facet normal -0.0 -0.0 -1.0
outer loop
vertex -0.014053598593929361 0.07367154380465164 -0.28200000000000003
vertex 0.0 0.0 -0.28200000000000003
vertex -0.018651741537364114 0.07264373708464733 -0.28200000000000003
endloop
endfacet
facet normal -0.21814324139654198 0.9759167619387475 0.0
outer loop
vertex -0.014053598593929361 0.07367154380465164 -0.28200000000000003
vertex -0.018651741537364114 0.07264373708464733 -0.28200000000000003
vertex -0.014053598593929361 0.07367154380465164 -0.28
endloop
endfacet
facet normal -0.21814324139654198 0.9759167619387475 0.0
outer loop
vertex -0.014053598593929361 0.07367154380465164 -0.28
vertex -0.018651741537364114 0.07264373708464733 -0.28200000000000003
vertex -0.018651741537364114 0.07264373708464733 -0.28
endloop
endfacet
facet normal 0.0 0.0 1.0
outer loop
vertex -0.014053598593929361 0.07367154380465164 -0.28
vertex -0.018651741537364114 0.07264373708464733 -0.28
vertex 0.0 0.0 -0.28
endloop
endfacet
facet normal -0.0 -0.0 -0.9999999999999999
outer loop
vertex -0.018651741537364114 0.07264373708464733 -0.28200000000000003
vertex 0.0 0.0 -0.28200000000000003
vertex -0.023176274578121065 0.0713292387221365 -0.28200000000000003
endloop
endfacet
facet normal -0.27899110603923066 0.9602936856769427 0.0
outer loop
vertex -0.018651741537364114 0.07264373708464733 -0.28200000000000003
vertex -0.023176274578121065 0.0713292387221365 -0.28200000000000003
vertex -0.018651741537364114 0.07264373708464733 -0.28
endloop
endfacet
facet normal -0.27899110603923066 0.9602936856769427 0.0
outer loop
vertex -0.018651741537364114 0.07264373708464733 -0.28
vertex -0.023176274578121065 0.0713292387221365 -0.28200000000000003
vertex -0.023176274578121065 0.0713292387221365 -0.28
endloop
endfacet
facet normal 0.0 0.0 0.9999999999999999
outer loop
vertex -0.018651741537364114 0.07264373708464733 -0.28
vertex -0.023176274578121065 0.0713292387221365 -0.28
vertex 0.0 0.0 -0.28
endloop
endfacet
facet normal -0.0 -0.0 -1.0
outer loop
vertex -0.023176274578121065 0.0713292387221365 -0.28200000000000003
vertex 0.0 0.0 -0.28200000000000003
vertex -0.027609341451350848 0.06973323644161884 -0.28200000000000003
endloop
endfacet
facet normal -0.3387379202452921 0.9408807689542252 0.0
outer loop
vertex -0.023176274578121065 0.0713292387221365 -0.28200000000000003
vertex -0.027609341451350848 0.06973323644161884 -0.28200000000000003
vertex -0.023176274578121065 0.0713292387221365 -0.28
endloop
endfacet
facet normal -0.3387379202452921 0.9408807689542252 0.0
outer loop
vertex -0.023176274578121065 0.0713292387221365 -0.28
vertex -0.027609341451350848 0.06973323644161884 -0.28200000000000003
vertex -0.027609341451350848 0.06973323644161884 -0.28
endloop
endfacet
facet normal 0.0 0.0 1.0
outer loop
vertex -0.023176274578121065 0.0713292387221365 -0.28
vertex -0.027609341451350848 0.06973323644161884 -0.28
vertex 0.0 0.0 -0.28
endloop
endfacet
facet normal -0.0 -0.0 -1.0
outer loop
vertex -0.027609341451350848 0.06973323644161884 -0.28200000000000003
vertex 0.0 0.0 -0.28200000000000003
vertex -0.03193344686738045 0.06786202893495145 -0.28200000000000003
endloop
endfacet
facet normal -0.39714789063478023 0.9177546256839814 0.0
outer loop
vertex -0.027609341451350848 0.06973323644161884 -0.28200000000000003
vertex -0.03193344686738045 0.06786202893495145 -0.28200000000000003
vertex -0.027609341451350848 0.06973323644161884 -0.28
endloop
endfacet
facet normal -0.39714789063478023 0.9177546256839814 0.0
outer loop
vertex -0.027609341451350848 0.06973323644161884 -0.28
vertex -0.03193344686738045 0.06786202893495145 -0.28200000000000003
vertex -0.03193344686738045 0.06786202893495145 -0.28
endloop
endfacet
facet normal 0.0 0.0 1.0
outer loop
vertex -0.027609341451350848 0.06973323644161884 -0.28
vertex -0.03193344686738045 0.06786202893495145 -0.28
vertex 0.0 0.0 -0.28
endloop
endfacet
facet normal -0.0 -0.0 -1.0
outer loop
vertex -0.03193344686738045 0.06786202893495145 -0.28200000000000003
vertex 0.0 0.0 -0.28200000000000003
vertex -0.036131525557628656 0.06572300100328976 -0.28200000000000003
endloop
endfacet
facet normal -0.4539904997395457 0.8910065241883685 0.0
outer loop
vertex -0.03193344686738045 0.06786202893495145 -0.28200000000000003
vertex -0.036131525557628656 0.06572300100328976 -0.28200000000000003
vertex -0.03193344686738045 0.06786202893495145 -0.28
endloop
endfacet
facet normal -0.4539904997395457 0.8910065241883685 0.0
outer loop
vertex -0.03193344686738045 0.06786202893495145 -0.28
vertex -0.036131525557628656 0.06572300100328976 -0.28200000000000003
vertex -0.036131525557628656 0.06572300100328976 -0.28
endloop
endfacet
facet normal 0.0 0.0 1.0
outer loop
vertex -0.03193344686738045 0.06786202893495145 -0.28
vertex -0.036131525557628656 0.06572300100328976 -0.28
vertex 0.0 0.0 -0.28
endloop
endfacet
facet normal -0.0 -0.0 -1.0
outer loop
vertex -0.036131525557628656 0.06572300100328976 -0.28200000000000003
vertex 0.0 0.0 -0.28200000000000003
vertex -0.040187009623424766 0.06332459441265112 -0.28200000000000003
endloop
endfacet
facet normal -0.5090414157503709 0.8607420270039439 0.0
outer loop
vertex -0.036131525557628656 0.06572300100328976 -0.28200000000000003
vertex -0.040187009623424766 0.06332459441265112 -0.28200000000000003
vertex -0.036131525557628656 0.06572300100328976 -0.28
endloop
endfacet
facet normal -0.5090414157503709 0.8607420270039439 0.0
outer loop
vertex -0.036131525557628656 0.06572300100328976 -0.28
vertex -0.040187009623424766 0.06332459441265112 -0.28200000000000003
vertex -0.040187009623424766 0.06332459441265112 -0.28
endloop
endfacet
facet normal 0.0 0.0 1.0
outer loop
vertex -0.036131525557628656 0.06572300100328976 -0.28
vertex -0.040187009623424766 0.06332459441265112 -0.28
vertex 0.0 0.0 -0.28
endloop
endfacet
facet normal -0.0 -0.0 -0.9999999999999999
outer loop
vertex -0.040187009623424766 0.06332459441265112 -0.28200000000000003
vertex 0.0 0.0 -0.28200000000000003
vertex -0.04408389392193548 0.06067627457812105 -0.28200000000000003
endloop
endfacet
facet normal -0.5620833778521319 0.8270805742745609 0.0
outer loop
vertex -0.040187009623424766 0.06332459441265112 -0.28200000000000003
vertex -0.04408389392193548 0.06067627457812105 -0.28200000000000003
vertex -0.040187009623424766 0.06332459441265112 -0.28
endloop
endfacet
facet normal -0.5620833778521319 0.8270805742745609 0.0
outer loop
vertex -0.040187009623424766 0.06332459441265112 -0.28
vertex -0.04408389392193548 0.06067627457812105 -0.28200000000000003
vertex -0.04408389392193548 0.06067627457812105 -0.28
endloop
endfacet
facet normal 0.0 0.0 1.0
outer loop
vertex -0.040187009623424766 0.06332459441265112 -0.28
vertex -0.04408389392193548 0.06067627457812105 -0.28
vertex 0.0 0.0 -0.28
endloop
endfacet
facet normal -0.0 -0.0 -1.0
outer loop
vertex -0.04408389392193548 0.06067627457812105 -0.28200000000000003
vertex 0.0 0.0 -0.28200000000000003
vertex -0.04780679923115173 0.05778849320818419 -0.28200000000000003
endloop
endfacet
facet normal -0.612907053652976 0.7901550123756907 0.0
outer loop
vertex -0.04408389392193548 0.06067627457812105 -0.28200000000000003
vertex -0.04780679923115173 0.05778849320818419 -0.28200000000000003
vertex -0.04408389392193548 0.06067627457812105 -0.28
endloop
endfacet
facet normal -0.612907053652976 0.7901550123756907 0.0
outer loop
vertex -0.04408389392193548 0.06067627457812105 -0.28
vertex -0.04780679923115173 0.05778849320818419 -0.28200000000000003
vertex -0.04780679923115173 0.05778849320818419 -0.28
endloop
endfacet
facet normal 0.0 0.0 0.9999999999999999
outer loop
vertex -0.04408389392193548 0.06067627457812105 -0.28
vertex -0.04780679923115173 0.05778849320818419 -0.28
vertex 0.0 0.0 -0.28
endloop
endfacet
facet normal -0.0 -0.0 -1.0
outer loop
vertex -0.04780679923115173 0.05778849320818419 -0.28200000000000003
vertex 0.0 0.0 -0.28200000000000003
vertex -0.05134103294465165 0.05467264705660586 -0.28200000000000003
endloop
endfacet
facet normal -0.6613118653236523 0.7501110696304594 0.0
outer loop
vertex -0.04780679923115173 0.05778849320818419 -0.28200000000000003
vertex -0.05134103294465165 0.05467264705660586 -0.28200000000000003
vertex -0.04780679923115173 0.05778849320818419 -0.28
endloop
endfacet
facet normal -0.6613118653236523 0.7501110696304594 0.0
outer loop
vertex -0.04780679923115173 0.05778849320818419 -0.28
vertex -0.05134103294465165 0.05467264705660586 -0.28200000000000003
vertex -0.05134103294465165 0.05467264705660586 -0.28
endloop
endfacet
facet normal 0.0 0.0 0.9999999999999999
outer loop
vertex -0.04780679923115173 0.05778849320818419 -0.28
vertex -0.05134103294465165 0.05467264705660586 -0.28
vertex 0.0 0.0 -0.28
endloop
endfacet
facet normal -0.0 -0.0 -1.0
outer loop
vertex -0.05134103294465165 0.05467264705660586 -0.28200000000000003
vertex 0.0 0.0 -0.28200000000000003
vertex -0.05467264705660587 0.051341032944651636 -0.28200000000000003
endloop
endfacet
facet normal -0.7071067811865476 0.7071067811865476 0.0
outer loop
vertex -0.05134103294465165 0.05467264705660586 -0.28200000000000003
vertex -0.05467264705660587 0.051341032944651636 -0.28200000000000003
vertex -0.05134103294465165 0.05467264705660586 -0.28
endloop
endfacet
facet normal -0.7071067811865476 0.7071067811865476 0.0
outer loop
vertex -0.05134103294465165 0.05467264705660586 -0.28
vertex -0.05467264705660587 0.051341032944651636 -0.28200000000000003
vertex -0.05467264705660587 0.051341032944651636 -0.28
endloop
endfacet
facet normal 0.0 0.0 1.0
outer loop
vertex -0.05134103294465165 0.05467264705660586 -0.28
vertex -0.05467264705660587 0.051341032944651636 -0.28
vertex 0.0 0.0 -0.28
endloop
endfacet
facet normal -0.0 -0.0 -1.0
outer loop
vertex -0.05467264705660587 0.051341032944651636 -0.28200000000000003
vertex 0.0 0.0 -0.28200000000000003
vertex -0.0577884932081842 0.04780679923115171 -0.28200000000000003
endloop
endfacet
facet normal -0.7501110696304594 0.6613118653236523 0.0
outer loop
vertex -0.05467264705660587 0.051341032944651636 -0.28200000000000003
vertex -0.0577884932081842 0.04780679923115171 -0.28200000000000003
vertex -0.05467264705660587 0.051341032944651636 -0.28
endloop
endfacet
facet normal -0.7501110696304594 0.6613118653236523 0.0
outer loop
vertex -0.05467264705660587 0.051341032944651636 -0.28
vertex -0.0577884932081842 0.04780679923115171 -0.28200000000000003
vertex -0.0577884932081842 0.04780679923115171 -0.28
endloop
endfacet
facet normal 0.0 0.0 0.9999999999999999
outer loop
vertex -0.05467264705660587 0.051341032944651636 -0.28
vertex -0.0577884932081842 0.04780679923115171 -0.28
vertex 0.0 0.0 -0.28
endloop
endfacet
facet normal -0.0 -0.0 -0.9999999999999999
outer loop
vertex -0.0577884932081842 0.04780679923115171 -0.28200000000000003
vertex 0.0 0.0 -0.28200000000000003
vertex -0.060676274578121046 0.04408389392193549 -0.28200000000000003
endloop
endfacet
facet normal -0.7901550123756906 0.6129070536529762 0.0
outer loop
vertex -0.0577884932081842 0.04780679923115171 -0.28200000000000003
vertex -0.060676274578121046 0.04408389392193549 -0.28200000000000003
vertex -0.0577884932081842 0.04780679923115171 -0.28
endloop
endfacet
facet normal -0.7901550123756906 0.6129070536529762 0.0
outer loop
vertex -0.0577884932081842 0.04780679923115171 -0.28
vertex -0.060676274578121046 0.04408389392193549 -0.28200000000000003
vertex -0.060676274578121046 0.04408389392193549 -0.28
endloop
endfacet
facet normal 0.0 0.0 1.0
outer loop
vertex -0.0577884932081842 0.04780679923115171 -0.28
vertex -0.060676274578121046 0.04408389392193549 -0.28
vertex 0.0 0.0 -0.28
endloop
endfacet
facet normal -0.0 -0.0 -1.0
outer loop
vertex -0.060676274578121046 0.04408389392193549 -0.28200000000000003
vertex 0.0 0.0 -0.28200000000000003
vertex -0.06332459441265113 0.040187009623424745 -0.28200000000000003
endloop
endfacet
facet normal -0.827080574274561 0.5620833778521317 0.0
outer loop
vertex -0.060676274578121046 0.04408389392193549 -0.28200000000000003
vertex -0.06332459441265113 0.040187009623424745 -0.28200000000000003
vertex -0.060676274578121046 0.04408389392193549 -0.28
endloop
endfacet
facet normal -0.827080574274561 0.5620833778521317 0.0
outer loop
vertex -0.060676274578121046 0.04408389392193549 -0.28
vertex -0.06332459441265113 0.040187009623424745 -0.28200000000000003
vertex -0.06332459441265113 0.040187009623424745 -0.28
endloop
endfacet
facet normal 0.0 0.0 1.0
outer loop
vertex -0.060676274578121046 0.04408389392193549 -0.28
vertex -0.06332459441265113 0.040187009623424745 -0.28
vertex 0.0 0.0 -0.28
endloop
endfacet
facet normal -0.0 -0.0 -1.0
outer loop
vertex -0.06332459441265113 0.040187009623424745 -0.28200000000000003
vertex 0.0 0.0 -0.28200000000000003
vertex -0.06572300100328976 0.03613152555762864 -0.28200000000000003
endloop
endfacet
facet normal -0.8607420270039448 0.5090414157503693 0.0
outer loop
vertex -0.06332459441265113 0.040187009623424745 -0.28200000000000003
vertex -0.06572300100328976 0.03613152555762864 -0.28200000000000003
vertex -0.06332459441265113 0.040187009623424745 -0.28
endloop
endfacet
facet normal -0.8607420270039448 0.5090414157503693 0.0
outer loop
vertex -0.06332459441265113 0.040187009623424745 -0.28
vertex -0.06572300100328976 0.03613152555762864 -0.28200000000000003
vertex -0.06572300100328976 0.03613152555762864 -0.28
endloop
endfacet
facet normal 0.0 0.0 1.0
outer loop
vertex -0.06332459441265113 0.040187009623424745 -0.28
vertex -0.06572300100328976 0.03613152555762864 -0.28
vertex 0.0 0.0 -0.28
endloop
endfacet
facet normal -0.0 -0.0 -1.0
outer loop
vertex -0.06572300100328976 0.03613152555762864 -0.28200000000000003
vertex 0.0 0.0 -0.28200000000000003
vertex -0.06786202893495147 0.031933446867380436 -0.28200000000000003
endloop
endfacet
facet normal -0.8910065241883672 0.453990499739548 0.0
outer loop
vertex -0.06572300100328976 0.03613152555762864 -0.28200000000000003
vertex -0.06786202893495147 0.031933446867380436 -0.28200000000000003
vertex -0.06572300100328976 0.03613152555762864 -0.28
endloop
endfacet
facet normal -0.8910065241883672 0.453990499739548 0.0
outer loop
vertex -0.06572300100328976 0.03613152555762864 -0.28
vertex -0.06786202893495147 0.031933446867380436 -0.28200000000000003
vertex -0.06786202893495147 0.031933446867380436 -0.28
endloop
endfacet
facet normal 0.0 0.0 1.0
outer loop
vertex -0.06572300100328976 0.03613152555762864 -0.28
vertex -0.06786202893495147 0.031933446867380436 -0.28
vertex 0.0 0.0 -0.28
endloop
endfacet
facet normal -0.0 -0.0 -0.9999999999999999
outer loop
vertex -0.06786202893495147 0.031933446867380436 -0.28200000000000003
vertex 0.0 0.0 -0.28200000000000003
vertex -0.06973323644161886 0.02760934145135083 -0.28200000000000003
endloop
endfacet
facet normal -0.9177546256839815 0.39714789063477995 0.0
outer loop
vertex -0.06786202893495147 0.031933446867380436 -0.28200000000000003
vertex -0.06973323644161886 0.02760934145135083 -0.28200000000000003
vertex -0.06786202893495147 0.031933446867380436 -0.28
endloop
endfacet
facet normal -0.9177546256839815 0.39714789063477995 0.0
outer loop
vertex -0.06786202893495147 0.031933446867380436 -0.28
vertex -0.06973323644161886 0.02760934145135083 -0.28200000000000003
vertex -0.06973323644161886 0.02760934145135083 -0.28
endloop
endfacet
facet normal 0.0 0.0 1.0
outer loop
vertex -0.06786202893495147 0.031933446867380436 -0.28
vertex -0.06973323644161886 0.02760934145135083 -0.28
vertex 0.0 0.0 -0.28
endloop
endfacet
facet normal -0.0 -0.0 -1.0
outer loop
vertex -0.06973323644161886 0.02760934145135083 -0.28200000000000003
vertex 0.0 0.0 -0.28200000000000003
vertex -0.07132923872213652 0.023176274578121034 -0.28200000000000003
endloop
endfacet
facet normal -0.9408807689542255 0.33873792024529115 0.0
outer loop
vertex -0.06973323644161886 0.02760934145135083 -0.28200000000000003
vertex -0.07132923872213652 0.023176274578121034 -0.28200000000000003
vertex -0.06973323644161886 0.02760934145135083 -0.28
endloop
endfacet
facet normal -0.9408807689542255 0.33873792024529115 0.0
outer loop
vertex -0.06973323644161886 0.02760934145135083 -0.28
vertex -0.07132923872213652 0.023176274578121034 -0.28200000000000003
vertex -0.07132923872213652 0.023176274578121034 -0.28
endloop
endfacet
facet normal 0.0 0.0 1.0
outer loop
vertex -0.06973323644161886 0.02760934145135083 -0.28
vertex -0.07132923872213652 0.023176274578121034 -0.28
vertex 0.0 0.0 -0.28
endloop
endfacet
facet normal -0.0 -0.0 -0.9999999999999999
outer loop
vertex -0.07132923872213652 0.023176274578121034 -0.28200000000000003
vertex 0.0 0.0 -0.28200000000000003
vertex -0.07264373708464733 0.01865174153736411 -0.28200000000000003
endloop
endfacet
facet normal -0.960293685676943 0.27899110603922955 0.0
outer loop
vertex -0.07132923872213652 0.023176274578121034 -0.28200000000000003
vertex -0.07264373708464733 0.01865174153736411 -0.28200000000000003
vertex -0.07132923872213652 0.023176274578121034 -0.28
endloop
endfacet
facet normal -0.960293685676943 0.27899110603922955 0.0
outer loop
vertex -0.07132923872213652 0.023176274578121034 -0.28
vertex -0.07264373708464733 0.01865174153736411 -0.28200000000000003
vertex -0.07264373708464733 0.01865174153736411 -0.28
endloop
endfacet
facet normal 0.0 0.0 1.0
outer loop
vertex -0.07132923872213652 0.023176274578121034 -0.28
vertex -0.07264373708464733 0.01865174153736411 -0.28
vertex 0.0 0.0 -0.28
endloop
endfacet
facet normal -0.0 -0.0 -1.0
outer loop
vertex -0.07264373708464733 0.01865174153736411 -0.28200000000000003
vertex 0.0 0.0 -0.28200000000000003
vertex -0.07367154380465166 0.014053598593929342 -0.28200000000000003
endloop
endfacet
facet normal -0.975916761938747 0.21814324139654404 0.0
outer loop
vertex -0.07264373708464733 0.01865174153736411 -0.28200000000000003
vertex -0.07367154380465166 0.014053598593929342 -0.28200000000000003
vertex -0.07264373708464733 0.01865174153736411 -0.28
endloop
endfacet
facet normal -0.975916761938747 0.21814324139654404 0.0
outer loop
vertex -0.07264373708464733 0.01865174153736411 -0.28
vertex -0.07367154380465166 0.014053598593929342 -0.28200000000000003
vertex -0.07367154380465166 0.014053598593929342 -0.28
endloop
endfacet
facet normal 0.0 0.0 1.0
outer loop
vertex -0.07264373708464733 0.01865174153736411 -0.28
vertex -0.07367154380465166 0.014053598593929342 -0.28
vertex 0.0 0.0 -0.28
endloop
endfacet
facet normal -0.0 -0.0 -0.9999999999999999
outer loop
vertex -0.07367154380465166 0.014053598593929342 -0.28200000000000003
vertex 0.0 0.0 -0.28200000000000003
vertex -0.07440860259858584 0.009399992517322807 -0.28200000000000003
endloop
endfacet
facet normal -0.9876883405951379 0.15643446504022962 0.0
outer loop
vertex -0.07367154380465166 0.014053598593929342 -0.28200000000000003
vertex -0.07440860259858584 0.009399992517322807 -0.28200000000000003
vertex -0.07367154380465166 0.014053598593929342 -0.28
endloop
endfacet
facet normal -0.9876883405951379 0.15643446504022962 0.0
outer loop
vertex -0.07367154380465166 0.014053598593929342 -0.28
vertex -0.07440860259858584 0.009399992517322807 -0.28200000000000003
vertex -0.07440860259858584 0.009399992517322807 -0.28
endloop
endfacet
facet normal 0.0 0.0 0.9999999999999999
outer loop
vertex -0.07367154380465166 0.014053598593929342 -0.28
vertex -0.07440860259858584 0.009399992517322807 -0.28
vertex 0.0 0.0 -0.28
endloop
endfacet
facet normal -0.0 -0.0 -1.0
outer loop
vertex -0.07440860259858584 0.009399992517322807 -0.28200000000000003
vertex 0.0 0.0 -0.28200000000000003
vertex -0.07485200463212037 0.004709288964698485 -0.28200000000000003
endloop
endfacet
facet normal -0.99556196460308 0.09410831331851459 0.0
outer loop
vertex -0.07440860259858584 0.009399992517322807 -0.28200000000000003
vertex -0.07485200463212037 0.004709288964698485 -0.28200000000000003
vertex -0.07440860259858584 0.009399992517322807 -0.28
endloop
endfacet
facet normal -0.99556196460308 0.09410831331851459 0.0
outer loop
vertex -0.07440860259858584 0.009399992517322807 -0.28
vertex -0.07485200463212037 0.004709288964698485 -0.28200000000000003
vertex -0.07485200463212037 0.004709288964698485 -0.28
endloop
endfacet
facet normal 0.0 0.0 1.0
outer loop
vertex -0.07440860259858584 0.009399992517322807 -0.28
vertex -0.07485200463212037 0.004709288964698485 -0.28
vertex 0.0 0.0 -0.28
endloop
endfacet
facet normal 0.0 -0.0 -0.9999999999999999
outer loop
vertex -0.07485200463212037 0.004709288964698485 -0.28200000000000003
vertex 0.0 0.0 -0.28200000000000003
vertex -0.075 -2.4121839745149548e-17 -0.28200000000000003
endloop
endfacet
facet normal -0.9995065603657317 0.031410759078127126 0.0
outer loop
vertex -0.07485200463212037 0.004709288964698485 -0.28200000000000003
vertex -0.075 -2.4121839745149548e-17 -0.28200000000000003
vertex -0.07485200463212037 0.004709288964698485 -0.28
endloop
endfacet
facet normal -0.9995065603657317 0.031410759078127126 0.0
outer loop
vertex -0.07485200463212037 0.004709288964698485 -0.28
vertex -0.075 -2.4121839745149548e-17 -0.28200000000000003
vertex -0.075 -2.4121839745149548e-17 -0.28
endloop
endfacet
facet normal -0.0 0.0 1.0
outer loop
vertex -0.07485200463212037 0.004709288964698485 -0.28
vertex -0.075 -2.4121839745149548e-17 -0.28
vertex 0.0 0.0 -0.28
endloop
endfacet
facet normal 0.0 -0.0 -1.0
outer loop
vertex -0.075 -2.4121839745149548e-17 -0.28200000000000003
vertex 0.0 0.0 -0.28200000000000003
vertex -0.07485200463212037 -0.004709288964698501 -0.28200000000000003
endloop
endfacet
facet normal -0.9995065603657317 -0.03141075907812735 0.0
outer loop
vertex -0.075 -2.4121839745149548e-17 -0.28200000000000003
vertex -0.07485200463212037 -0.004709288964698501 -0.28200000000000003
vertex -0.075 -2.4121839745149548e-17 -0.28
endloop
endfacet
facet normal -0.9995065603657317 -0.03141075907812735 0.0
outer loop
vertex -0.075 -2.4121839745149548e-17 -0.28
vertex -0.07485200463212037 -0.004709288964698501 -0.28200000000000003
vertex -0.07485200463212037 -0.004709288964698501 -0.28
endloop
endfacet
facet normal -0.0 0.0 0.9999999999999999
outer loop
vertex -0.075 -2.4121839745149548e-17 -0.28
vertex -0.07485200463212037 -0.004709288964698501 -0.28
vertex 0.0 0.0 -0.28
endloop
endfacet
facet normal 0.0 -0.0 -0.9999999999999999
outer loop
vertex -0.07485200463212037 -0.004709288964698501 -0.28200000000000003
vertex 0.0 0.0 -0.28200000000000003
vertex -0.07440860259858584 -0.009399992517322821 -0.28200000000000003
endloop
endfacet
facet normal -0.9955619646030799 -0.09410831331851463 0.0
outer loop
vertex -0.07485200463212037 -0.004709288964698501 -0.28200000000000003
vertex -0.07440860259858584 -0.009399992517322821 -0.28200000000000003
vertex -0.07485200463212037 -0.004709288964698501 -0.28
endloop
endfacet
facet normal -0.9955619646030799 -0.09410831331851463 0.0
outer loop
vertex -0.07485200463212037 -0.004709288964698501 -0.28
vertex -0.07440860259858584 -0.009399992517322821 -0.28200000000000003
vertex -0.07440860259858584 -0.009399992517322821 -0.28
endloop
endfacet
facet normal -0.0 0.0 1.0
outer loop
vertex -0.07485200463212037 -0.004709288964698501 -0.28
vertex -0.07440860259858584 -0.009399992517322821 -0.28
vertex 0.0 0.0 -0.28
endloop
endfacet
facet normal 0.0 -0.0 -1.0
outer loop
vertex -0.07440860259858584 -0.009399992517322821 -0.28200000000000003
vertex 0.0 0.0 -0.28200000000000003
vertex -0.07367154380465164 -0.014053598593929358 -0.28200000000000003
endloop
endfacet
facet normal -0.9876883405951375 -0.15643446504023245 0.0
outer loop
vertex -0.07440860259858584 -0.009399992517322821 -0.28200000000000003
vertex -0.07367154380465164 -0.014053598593929358 -0.28200000000000003
vertex -0.07440860259858584 -0.009399992517322821 -0.28
endloop
endfacet
facet normal -0.9876883405951375 -0.15643446504023245 0.0
outer loop
vertex -0.07440860259858584 -0.009399992517322821 -0.28
vertex -0.07367154380465164 -0.014053598593929358 -0.28200000000000003
vertex -0.07367154380465164 -0.014053598593929358 -0.28
endloop
endfacet
facet normal -0.0 0.0 1.0
outer loop
vertex -0.07440860259858584 -0.009399992517322821 -0.28
vertex -0.07367154380465164 -0.014053598593929358 -0.28
vertex 0.0 0.0 -0.28
endloop
endfacet
facet normal 0.0 -0.0 -0.9999999999999999
outer loop
vertex -0.07367154380465164 -0.014053598593929358 -0.28200000000000003
vertex 0.0 0.0 -0.28200000000000003
vertex -0.07264373708464733 -0.018651741537364125 -0.28200000000000003
endloop
endfacet
facet normal -0.9759167619387478 -0.21814324139654134 0.0
outer loop
vertex -0.07367154380465164 -0.014053598593929358 -0.28200000000000003
vertex -0.07264373708464733 -0.018651741537364125 -0.28200000000000003
vertex -0.07367154380465164 -0.014053598593929358 -0.28
endloop
endfacet
facet normal -0.9759167619387478 -0.21814324139654134 0.0
outer loop
vertex -0.07367154380465164 -0.014053598593929358 -0.28
vertex -0.07264373708464733 -0.018651741537364125 -0.28200000000000003
vertex -0.07264373708464733 -0.018651741537364125 -0.28
endloop
endfacet
facet normal -0.0 0.0 0.9999999999999999
outer loop
vertex -0.07367154380465164 -0.014053598593929358 -0.28
vertex -0.07264373708464733 -0.018651741537364125 -0.28
vertex 0.0 0.0 -0.28
endloop
endfacet
facet normal 0.0 -0.0 -1.0
outer loop
vertex -0.07264373708464733 -0.018651741537364125 -0.28200000000000003
vertex 0.0 0.0 -0.28200000000000003
vertex -0.0713292387221365 -0.02317627457812108 -0.28200000000000003
endloop
endfacet
facet normal -0.9602936856769427 -0.2789911060392305 0.0
outer loop
vertex -0.07264373708464733 -0.018651741537364125 -0.28200000000000003
vertex -0.0713292387221365 -0.02317627457812108 -0.28200000000000003
vertex -0.07264373708464733 -0.018651741537364125 -0.28
endloop
endfacet
facet normal -0.9602936856769427 -0.2789911060392305 0.0
outer loop
vertex -0.07264373708464733 -0.018651741537364125 -0.28
vertex -0.0713292387221365 -0.02317627457812108 -0.28200000000000003
vertex -0.0713292387221365 -0.02317627457812108 -0.28
endloop
endfacet
facet normal -0.0 0.0 1.0
outer loop
vertex -0.07264373708464733 -0.018651741537364125 -0.28
vertex -0.0713292387221365 -0.02317627457812108 -0.28
vertex 0.0 0.0 -0.28
endloop
endfacet
facet normal 0.0 -0.0 -0.9999999999999999
outer loop
vertex -0.0713292387221365 -0.02317627457812108 -0.28200000000000003
vertex 0.0 0.0 -0.28200000000000003
vertex -0.06973323644161884 -0.027609341451350872 -0.28200000000000003
endloop
endfacet
facet normal -0.9408807689542256 -0.3387379202452914 0.0
outer loop
vertex -0.0713292387221365 -0.02317627457812108 -0.28200000000000003
vertex -0.06973323644161884 -0.027609341451350872 -0.28200000000000003
vertex -0.0713292387221365 -0.02317627457812108 -0.28
endloop
endfacet
facet normal -0.9408807689542256 -0.3387379202452914 0.0
outer loop
vertex -0.0713292387221365 -0.02317627457812108 -0.28
vertex -0.06973323644161884 -0.027609341451350872 -0.28200000000000003
vertex -0.06973323644161884 -0.027609341451350872 -0.28
endloop
endfacet
facet normal -0.0 0.0 0.9999999999999999
outer loop
vertex -0.0713292387221365 -0.02317627457812108 -0.28
vertex -0.06973323644161884 -0.027609341451350872 -0.28
vertex 0.0 0.0 -0.28
endloop
endfacet
facet normal 0.0 -0.0 -1.0
outer loop
vertex -0.06973323644161884 -0.027609341451350872 -0.28200000000000003
vertex 0.0 0.0 -0.28200000000000003
vertex -0.06786202893495145 -0.03193344686738045 -0.28200000000000003
endloop
endfacet
facet normal -0.9177546256839804 -0.39714789063478206 0.0
outer loop
vertex -0.06973323644161884 -0.027609341451350872 -0.28200000000000003
vertex -0.06786202893495145 -0.03193344686738045 -0.28200000000000003
vertex -0.06973323644161884 -0.027609341451350872 -0.28
endloop
endfacet
facet normal -0.9177546256839804 -0.39714789063478206 0.0
outer loop
vertex -0.06973323644161884 -0.027609341451350872 -0.28
vertex -0.06786202893495145 -0.03193344686738045 -0.28200000000000003
vertex -0.06786202893495145 -0.03193344686738045 -0.28
endloop
endfacet
facet normal -0.0 0.0 1.0
outer loop
vertex -0.06973323644161884 -0.027609341451350872 -0.28
vertex -0.06786202893495145 -0.03193344686738045 -0.28
vertex 0.0 0.0 -0.28
endloop
endfacet
facet normal 0.0 -0.0 -1.0
outer loop
vertex -0.06786202893495145 -0.03193344686738045 -0.28200000000000003
vertex 0.0 0.0 -0.28200000000000003
vertex -0.06572300100328976 -0.03613152555762865 -0.28200000000000003
endloop
endfacet
facet normal -0.8910065241883682 -0.4539904997395463 0.0
outer loop
vertex -0.06786202893495145 -0.03193344686738045 -0.28200000000000003
vertex -0.06572300100328976 -0.03613152555762865 -0.28200000000000003
vertex -0.06786202893495145 -0.03193344686738045 -0.28
endloop
endfacet
facet normal -0.8910065241883682 -0.4539904997395463 0.0
outer loop
vertex -0.06786202893495145 -0.03193344686738045 -0.28
vertex -0.06572300100328976 -0.03613152555762865 -0.28200000000000003
vertex -0.06572300100328976 -0.03613152555762865 -0.28
endloop
endfacet
facet normal -0.0 0.0 1.0
outer loop
vertex -0.06786202893495145 -0.03193344686738045 -0.28
vertex -0.06572300100328976 -0.03613152555762865 -0.28
vertex 0.0 0.0 -0.28
endloop
endfacet
facet normal 0.0 -0.0 -1.0
outer loop
vertex -0.06572300100328976 -0.03613152555762865 -0.28200000000000003
vertex 0.0 0.0 -0.28200000000000003
vertex -0.06332459441265112 -0.04018700962342476 -0.28200000000000003
endloop
endfacet
facet normal -0.8607420270039439 -0.5090414157503709 0.0
outer loop
vertex -0.06572300100328976 -0.03613152555762865 -0.28200000000000003
vertex -0.06332459441265112 -0.04018700962342476 -0.28200000000000003
vertex -0.06572300100328976 -0.03613152555762865 -0.28
endloop
endfacet
facet normal -0.8607420270039439 -0.5090414157503709 0.0
outer loop
vertex -0.06572300100328976 -0.03613152555762865 -0.28
vertex -0.06332459441265112 -0.04018700962342476 -0.28200000000000003
vertex -0.06332459441265112 -0.04018700962342476 -0.28
endloop
endfacet
facet normal -0.0 0.0 1.0
outer loop
vertex -0.06572300100328976 -0.03613152555762865 -0.28
vertex -0.06332459441265112 -0.04018700962342476 -0.28
vertex 0.0 0.0 -0.28
endloop
endfacet
facet normal 0.0 -0.0 -1.0
outer loop
vertex -0.06332459441265112 -0.04018700962342476 -0.28200000000000003
vertex 0.0 0.0 -0.28200000000000003
vertex -0.06067627457812104 -0.0440838939219355 -0.28200000000000003
endloop
endfacet
facet normal -0.8270805742745614 -0.5620833778521312 0.0
outer loop
vertex -0.06332459441265112 -0.04018700962342476 -0.28200000000000003
vertex -0.06067627457812104 -0.0440838939219355 -0.28200000000000003
vertex -0.06332459441265112 -0.04018700962342476 -0.28
endloop
endfacet
facet normal -0.8270805742745614 -0.5620833778521312 0.0
outer loop
vertex -0.06332459441265112 -0.04018700962342476 -0.28
vertex -0.06067627457812104 -0.0440838939219355 -0.28200000000000003
vertex -0.06067627457812104 -0.0440838939219355 -0.28
endloop
endfacet
facet normal -0.0 0.0 0.9999999999999999
outer loop
vertex -0.06332459441265112 -0.04018700962342476 -0.28
vertex -0.06067627457812104 -0.0440838939219355 -0.28
vertex 0.0 0.0 -0.28
endloop
endfacet
facet normal 0.0 -0.0 -1.0
outer loop
vertex -0.06067627457812104 -0.0440838939219355 -0.28200000000000003
vertex 0.0 0.0 -0.28200000000000003
vertex -0.057788493208184175 -0.04780679923115175 -0.28200000000000003
endloop
endfacet
facet normal -0.7901550123756907 -0.612907053652976 0.0
outer loop
vertex -0.06067627457812104 -0.0440838939219355 -0.28200000000000003
vertex -0.057788493208184175 -0.04780679923115175 -0.28200000000000003
vertex -0.06067627457812104 -0.0440838939219355 -0.28
endloop
endfacet
facet normal -0.7901550123756907 -0.612907053652976 0.0
outer loop
vertex -0.06067627457812104 -0.0440838939219355 -0.28
vertex -0.057788493208184175 -0.04780679923115175 -0.28200000000000003
vertex -0.057788493208184175 -0.04780679923115175 -0.28
endloop
endfacet
facet normal -0.0 0.0 0.9999999999999999
outer loop
vertex -0.06067627457812104 -0.0440838939219355 -0.28
vertex -0.057788493208184175 -0.04780679923115175 -0.28
vertex 0.0 0.0 -0.28
endloop
endfacet
facet normal 0.0 -0.0 -1.0
outer loop
vertex -0.057788493208184175 -0.04780679923115175 -0.28200000000000003
vertex 0.0 0.0 -0.28200000000000003
vertex -0.054672647056605864 -0.05134103294465165 -0.28200000000000003
endloop
endfacet
facet normal -0.7501110696304596 -0.6613118653236519 0.0
outer loop
vertex -0.057788493208184175 -0.04780679923115175 -0.28200000000000003
vertex -0.054672647056605864 -0.05134103294465165 -0.28200000000000003
vertex -0.057788493208184175 -0.04780679923115175 -0.28
endloop
endfacet
facet normal -0.7501110696304596 -0.6613118653236519 0.0
outer loop
vertex -0.057788493208184175 -0.04780679923115175 -0.28
vertex -0.054672647056605864 -0.05134103294465165 -0.28200000000000003
vertex -0.054672647056605864 -0.05134103294465165 -0.28
endloop
endfacet
facet normal -0.0 0.0 1.0
outer loop
vertex -0.057788493208184175 -0.04780679923115175 -0.28
vertex -0.054672647056605864 -0.05134103294465165 -0.28
vertex 0.0 0.0 -0.28
endloop
endfacet
facet normal 0.0 -0.0 -1.0
outer loop
vertex -0.054672647056605864 -0.05134103294465165 -0.28200000000000003
vertex 0.0 0.0 -0.28200000000000003
vertex -0.05134103294465164 -0.054672647056605864 -0.28200000000000003
endloop
endfacet
facet normal -0.7071067811865468 -0.7071067811865483 0.0
outer loop
vertex -0.054672647056605864 -0.05134103294465165 -0.28200000000000003
vertex -0.05134103294465164 -0.054672647056605864 -0.28200000000000003
vertex -0.054672647056605864 -0.05134103294465165 -0.28
endloop
endfacet
facet normal -0.7071067811865468 -0.7071067811865483 0.0
outer loop
vertex -0.054672647056605864 -0.05134103294465165 -0.28
vertex -0.05134103294465164 -0.054672647056605864 -0.28200000000000003
vertex -0.05134103294465164 -0.054672647056605864 -0.28
endloop
endfacet
facet normal -0.0 0.0 0.9999999999999999
outer loop
vertex -0.054672647056605864 -0.05134103294465165 -0.28
vertex -0.05134103294465164 -0.054672647056605864 -0.28
vertex 0.0 0.0 -0.28
endloop
endfacet
facet normal 0.0 -0.0 -1.0
outer loop
vertex -0.05134103294465164 -0.054672647056605864 -0.28200000000000003
vertex 0.0 0.0 -0.28200000000000003
vertex -0.04780679923115171 -0.0577884932081842 -0.28200000000000003
endloop
endfacet
facet normal -0.6613118653236523 -0.7501110696304591 0.0
outer loop
vertex -0.05134103294465164 -0.054672647056605864 -0.28200000000000003
vertex -0.04780679923115171 -0.0577884932081842 -0.28200000000000003
vertex -0.05134103294465164 -0.054672647056605864 -0.28
endloop
endfacet
facet normal -0.6613118653236523 -0.7501110696304591 0.0
outer loop
vertex -0.05134103294465164 -0.054672647056605864 -0.28
vertex -0.04780679923115171 -0.0577884932081842 -0.28200000000000003
vertex -0.04780679923115171 -0.0577884932081842 -0.28
endloop
endfacet
facet normal -0.0 0.0 1.0
outer loop
vertex -0.05134103294465164 -0.054672647056605864 -0.28
vertex -0.04780679923115171 -0.0577884932081842 -0.28
vertex 0.0 0.0 -0.28
endloop
endfacet
facet normal 0.0 -0.0 -0.9999999999999999
outer loop
vertex -0.04780679923115171 -0.0577884932081842 -0.28200000000000003
vertex 0.0 0.0 -0.28200000000000003
vertex -0.04408389392193549 -0.060676274578121046 -0.28200000000000003
endloop
endfacet
facet normal -0.6129070536529762 -0.7901550123756906 0.0
outer loop
vertex -0.04780679923115171 -0.0577884932081842 -0.28200000000000003
vertex -0.04408389392193549 -0.060676274578121046 -0.28200000000000003
vertex -0.04780679923115171 -0.0577884932081842 -0.28
endloop
endfacet
facet normal -0.6129070536529762 -0.7901550123756906 0.0
outer loop
vertex -0.04780679923115171 -0.0577884932081842 -0.28
vertex -0.04408389392193549 -0.060676274578121046 -0.28200000000000003
vertex -0.04408389392193549 -0.060676274578121046 -0.28
endloop
endfacet
facet normal -0.0 0.0 1.0
outer loop
vertex -0.04780679923115171 -0.0577884932081842 -0.28
vertex -0.04408389392193549 -0.060676274578121046 -0.28
vertex 0.0 0.0 -0.28
endloop
endfacet
facet normal 0.0 -0.0 -1.0
outer loop
vertex -0.04408389392193549 -0.060676274578121046 -0.28200000000000003
vertex 0.0 0.0 -0.28200000000000003
vertex -0.040187009623424724 -0.06332459441265115 -0.28200000000000003
endloop
endfacet
facet normal -0.5620833778521316 -0.8270805742745612 0.0
outer loop
vertex -0.04408389392193549 -0.060676274578121046 -0.28200000000000003
vertex -0.040187009623424724 -0.06332459441265115 -0.28200000000000003
vertex -0.04408389392193549 -0.060676274578121046 -0.28
endloop
endfacet
facet normal -0.5620833778521316 -0.8270805742745612 0.0
outer loop
vertex -0.04408389392193549 -0.060676274578121046 -0.28
vertex -0.040187009623424724 -0.06332459441265115 -0.28200000000000003
vertex -0.040187009623424724 -0.06332459441265115 -0.28
endloop
endfacet
facet normal -0.0 0.0 1.0
outer loop
vertex -0.04408389392193549 -0.060676274578121046 -0.28
vertex -0.040187009623424724 -0.06332459441265115 -0.28
vertex 0.0 0.0 -0.28
endloop
endfacet
facet normal 0.0 -0.0 -0.9999999999999999
outer loop
vertex -0.040187009623424724 -0.06332459441265115 -0.28200000000000003
vertex 0.0 0.0 -0.28200000000000003
vertex -0.03613152555762864 -0.06572300100328976 -0.28200000000000003
endloop
endfacet
facet normal -0.5090414157503691 -0.8607420270039449 0.0
outer loop
vertex -0.040187009623424724 -0.06332459441265115 -0.28200000000000003
vertex -0.03613152555762864 -0.06572300100328976 -0.28200000000000003
vertex -0.040187009623424724 -0.06332459441265115 -0.28
endloop
endfacet
facet normal -0.5090414157503691 -0.8607420270039449 0.0
outer loop
vertex -0.040187009623424724 -0.06332459441265115 -0.28
vertex -0.03613152555762864 -0.06572300100328976 -0.28200000000000003
vertex -0.03613152555762864 -0.06572300100328976 -0.28
endloop
endfacet
facet normal -0.0 0.0 0.9999999999999999
outer loop
vertex -0.040187009623424724 -0.06332459441265115 -0.28
vertex -0.03613152555762864 -0.06572300100328976 -0.28
vertex 0.0 0.0 -0.28
endloop
endfacet
facet normal 0.0 -0.0 -1.0
outer loop
vertex -0.03613152555762864 -0.06572300100328976 -0.28200000000000003
vertex 0.0 0.0 -0.28200000000000003
vertex -0.03193344686738041 -0.06786202893495148 -0.28200000000000003
endloop
endfacet
facet normal -0.45399049973954797 -0.8910065241883672 0.0
outer loop
vertex -0.03613152555762864 -0.06572300100328976 -0.28200000000000003
vertex -0.03193344686738041 -0.06786202893495148 -0.28200000000000003
vertex -0.03613152555762864 -0.06572300100328976 -0.28
endloop
endfacet
facet normal -0.45399049973954797 -0.8910065241883672 0.0
outer loop
vertex -0.03613152555762864 -0.06572300100328976 -0.28
vertex -0.03193344686738041 -0.06786202893495148 -0.28200000000000003
vertex -0.03193344686738041 -0.06786202893495148 -0.28
endloop
endfacet
facet normal -0.0 0.0 1.0
outer loop
vertex -0.03613152555762864 -0.06572300100328976 -0.28
vertex -0.03193344686738041 -0.06786202893495148 -0.28
vertex 0.0 0.0 -0.28
endloop
endfacet
facet normal 0.0 -0.0 -1.0
outer loop
vertex -0.03193344686738041 -0.06786202893495148 -0.28200000000000003
vertex 0.0 0.0 -0.28200000000000003
vertex -0.027609341451350834 -0.06973323644161886 -0.28200000000000003
endloop
endfacet
facet normal -0.3971478906347799 -0.9177546256839816 0.0
outer loop
vertex -0.03193344686738041 -0.06786202893495148 -0.28200000000000003
vertex -0.027609341451350834 -0.06973323644161886 -0.28200000000000003
vertex -0.03193344686738041 -0.06786202893495148 -0.28
endloop
endfacet
facet normal -0.3971478906347799 -0.9177546256839816 0.0
outer loop
vertex -0.03193344686738041 -0.06786202893495148 -0.28
vertex -0.027609341451350834 -0.06973323644161886 -0.28200000000000003
vertex -0.027609341451350834 -0.06973323644161886 -0.28
endloop
endfacet
facet normal -0.0 0.0 1.0
outer loop
vertex -0.03193344686738041 -0.06786202893495148 -0.28
vertex -0.027609341451350834 -0.06973323644161886 -0.28
vertex 0.0 0.0 -0.28
endloop
endfacet
facet normal 0.0 -0.0 -1.0
outer loop
vertex -0.027609341451350834 -0.06973323644161886 -0.28200000000000003
vertex 0.0 0.0 -0.28200000000000003
vertex -0.023176274578121065 -0.0713292387221365 -0.28200000000000003
endloop
endfacet
facet normal -0.33873792024529037 -0.9408807689542258 0.0
outer loop
vertex -0.027609341451350834 -0.06973323644161886 -0.28200000000000003
vertex -0.023176274578121065 -0.0713292387221365 -0.28200000000000003
vertex -0.027609341451350834 -0.06973323644161886 -0.28
endloop
endfacet
facet normal -0.33873792024529037 -0.9408807689542258 0.0
outer loop
vertex -0.027609341451350834 -0.06973323644161886 -0.28
vertex -0.023176274578121065 -0.0713292387221365 -0.28200000000000003
vertex -0.023176274578121065 -0.0713292387221365 -0.28
endloop
endfacet
facet normal -0.0 0.0 1.0
outer loop
vertex -0.027609341451350834 -0.06973323644161886 -0.28
vertex -0.023176274578121065 -0.0713292387221365 -0.28
vertex 0.0 0.0 -0.28
endloop
endfacet
facet normal 0.0 -0.0 -0.9999999999999999
outer loop
vertex -0.023176274578121065 -0.0713292387221365 -0.28200000000000003
vertex 0.0 0.0 -0.28200000000000003
vertex -0.018651741537364083 -0.07264373708464733 -0.28200000000000003
endloop
endfacet
facet normal -0.2789911060392289 -0.9602936856769432 0.0
outer loop
vertex -0.023176274578121065 -0.0713292387221365 -0.28200000000000003
vertex -0.018651741537364083 -0.07264373708464733 -0.28200000000000003
vertex -0.023176274578121065 -0.0713292387221365 -0.28
endloop
endfacet
facet normal -0.2789911060392289 -0.9602936856769432 0.0
outer loop
vertex -0.023176274578121065 -0.0713292387221365 -0.28
vertex -0.018651741537364083 -0.07264373708464733 -0.28200000000000003
vertex -0.018651741537364083 -0.07264373708464733 -0.28
endloop
endfacet
facet normal -0.0 0.0 1.0
outer loop
vertex -0.023176274578121065 -0.0713292387221365 -0.28
vertex -0.018651741537364083 -0.07264373708464733 -0.28
vertex 0.0 0.0 -0.28
endloop
endfacet
facet normal 0.0 -0.0 -1.0
outer loop
vertex -0.018651741537364083 -0.07264373708464733 -0.28200000000000003
vertex 0.0 0.0 -0.28200000000000003
vertex -0.014053598593929347 -0.07367154380465166 -0.28200000000000003
endloop
endfacet
facet normal -0.21814324139654553 -0.9759167619387468 0.0
outer loop
vertex -0.018651741537364083 -0.07264373708464733 -0.28200000000000003
vertex -0.014053598593929347 -0.07367154380465166 -0.28200000000000003
vertex -0.018651741537364083 -0.07264373708464733 -0.28
endloop
endfacet
facet normal -0.21814324139654553 -0.9759167619387468 0.0
outer loop
vertex -0.018651741537364083 -0.07264373708464733 -0.28
vertex -0.014053598593929347 -0.07367154380465166 -0.28200000000000003
vertex -0.014053598593929347 -0.07367154380465166 -0.28
endloop
endfacet
facet normal -0.0 0.0 1.0
outer loop
vertex -0.018651741537364083 -0.07264373708464733 -0.28
vertex -0.014053598593929347 -0.07367154380465166 -0.28
vertex 0.0 0.0 -0.28
endloop
endfacet
facet normal 0.0 -0.0 -1.0
outer loop
vertex -0.014053598593929347 -0.07367154380465166 -0.28200000000000003
vertex 0.0 0.0 -0.28200000000000003
vertex -0.00939999251732278 -0.07440860259858584 -0.28200000000000003
endloop
endfacet
facet normal -0.15643446504022854 -0.9876883405951381 0.0
outer loop
vertex -0.014053598593929347 -0.07367154380465166 -0.28200000000000003
vertex -0.00939999251732278 -0.07440860259858584 -0.28200000000000003
vertex -0.014053598593929347 -0.07367154380465166 -0.28
endloop
endfacet
facet normal -0.15643446504022854 -0.9876883405951381 0.0
outer loop
vertex -0.014053598593929347 -0.07367154380465166 -0.28
vertex -0.00939999251732278 -0.07440860259858584 -0.28200000000000003
vertex -0.00939999251732278 -0.07440860259858584 -0.28
endloop
endfacet
facet normal -0.0 0.0 0.9999999999999999
outer loop
vertex -0.014053598593929347 -0.07367154380465166 -0.28
vertex -0.00939999251732278 -0.07440860259858584 -0.28
vertex 0.0 0.0 -0.28
endloop
endfacet
facet normal 0.0 -0.0 -1.0
outer loop
vertex -0.00939999251732278 -0.07440860259858584 -0.28200000000000003
vertex 0.0 0.0 -0.28200000000000003
vertex -0.00470928896469849 -0.07485200463212037 -0.28200000000000003
endloop
endfacet
facet normal -0.09410831331851525 -0.99556196460308 0.0
outer loop
vertex -0.00939999251732278 -0.07440860259858584 -0.28200000000000003
vertex -0.00470928896469849 -0.07485200463212037 -0.28200000000000003
vertex -0.00939999251732278 -0.07440860259858584 -0.28
endloop
endfacet
facet normal -0.09410831331851525 -0.99556196460308 0.0
outer loop
vertex -0.00939999251732278 -0.07440860259858584 -0.28
vertex -0.00470928896469849 -0.07485200463212037 -0.28200000000000003
vertex -0.00470928896469849 -0.07485200463212037 -0.28
endloop
endfacet
facet normal -0.0 0.0 1.0
outer loop
vertex -0.00939999251732278 -0.07440860259858584 -0.28
vertex -0.00470928896469849 -0.07485200463212037 -0.28
vertex 0.0 0.0 -0.28
endloop
endfacet
facet normal 0.0 -0.0 -1.0
outer loop
vertex -0.00470928896469849 -0.07485200463212037 -0.28200000000000003
vertex 0.0 0.0 -0.28200000000000003
vertex -1.3777276490407722e-17 -0.075 -0.28200000000000003
endloop
endfacet
facet normal -0.03141075907812735 -0.9995065603657317 0.0
outer loop
vertex -0.00470928896469849 -0.07485200463212037 -0.28200000000000003
vertex -1.3777276490407722e-17 -0.075 -0.28200000000000003
vertex -0.00470928896469849 -0.07485200463212037 -0.28
endloop
endfacet
facet normal -0.03141075907812735 -0.9995065603657317 0.0
outer loop
vertex -0.00470928896469849 -0.07485200463212037 -0.28
vertex -1.3777276490407722e-17 -0.075 -0.28200000000000003
vertex -1.3777276490407722e-17 -0.075 -0.28
endloop
endfacet
facet normal -0.0 0.0 0.9999999999999999
outer loop
vertex -0.00470928896469849 -0.07485200463212037 -0.28
vertex -1.3777276490407722e-17 -0.075 -0.28
vertex 0.0 0.0 -0.28
endloop
endfacet
facet normal 0.0 0.0 -1.0
outer loop
vertex -1.3777276490407722e-17 -0.075 -0.28200000000000003
vertex 0.0 0.0 -0.28200000000000003
vertex 0.004709288964698529 -0.07485200463212037 -0.28200000000000003
endloop
endfacet
facet normal 0.0314107590781269 -0.9995065603657316 0.0
outer loop
vertex -1.3777276490407722e-17 -0.075 -0.28200000000000003
vertex 0.004709288964698529 -0.07485200463212037 -0.28200000000000003
vertex -1.3777276490407722e-17 -0.075 -0.28
endloop
endfacet
facet normal 0.0314107590781269 -0.9995065603657316 0.0
outer loop
vertex -1.3777276490407722e-17 -0.075 -0.28
vertex 0.004709288964698529 -0.07485200463212037 -0.28200000000000003
vertex 0.004709288964698529 -0.07485200463212037 -0.28
endloop
endfacet
facet normal 0.0 -0.0 1.0
outer loop
vertex -1.3777276490407722e-17 -0.075 -0.28
vertex 0.004709288964698529 -0.07485200463212037 -0.28
vertex 0.0 0.0 -0.28
endloop
endfacet
facet normal 0.0 0.0 -1.0
outer loop
vertex 0.004709288964698529 -0.07485200463212037 -0.28200000000000003
vertex 0.0 0.0 -0.28200000000000003
vertex 0.009399992517322818 -0.07440860259858584 -0.28200000000000003
endloop
endfacet
facet normal 0.09410831331851525 -0.9955619646030798 0.0
outer loop
vertex 0.004709288964698529 -0.07485200463212037 -0.28200000000000003
vertex 0.009399992517322818 -0.07440860259858584 -0.28200000000000003
vertex 0.004709288964698529 -0.07485200463212037 -0.28
endloop
endfacet
facet normal 0.09410831331851525 -0.9955619646030798 0.0
outer loop
vertex 0.004709288964698529 -0.07485200463212037 -0.28
vertex 0.009399992517322818 -0.07440860259858584 -0.28200000000000003
vertex 0.009399992517322818 -0.07440860259858584 -0.28
endloop
endfacet
facet normal 0.0 -0.0 1.0
outer loop
vertex 0.004709288964698529 -0.07485200463212037 -0.28
vertex 0.009399992517322818 -0.07440860259858584 -0.28
vertex 0.0 0.0 -0.28
endloop
endfacet
facet normal 0.0 0.0 -0.9999999999999999
outer loop
vertex 0.009399992517322818 -0.07440860259858584 -0.28200000000000003
vertex 0.0 0.0 -0.28200000000000003
vertex 0.014053598593929384 -0.07367154380465164 -0.28200000000000003
endloop
endfacet
facet normal 0.15643446504023148 -0.9876883405951377 0.0
outer loop
vertex 0.009399992517322818 -0.07440860259858584 -0.28200000000000003
vertex 0.014053598593929384 -0.07367154380465164 -0.28200000000000003
vertex 0.009399992517322818 -0.07440860259858584 -0.28
endloop
endfacet
facet normal 0.15643446504023148 -0.9876883405951377 0.0
outer loop
vertex 0.009399992517322818 -0.07440860259858584 -0.28
vertex 0.014053598593929384 -0.07367154380465164 -0.28200000000000003
vertex 0.014053598593929384 -0.07367154380465164 -0.28
endloop
endfacet
facet normal 0.0 -0.0 0.9999999999999999
outer loop
vertex 0.009399992517322818 -0.07440860259858584 -0.28
vertex 0.014053598593929384 -0.07367154380465164 -0.28
vertex 0.0 0.0 -0.28
endloop
endfacet
facet normal 0.0 0.0 -0.9999999999999999
outer loop
vertex 0.014053598593929384 -0.07367154380465164 -0.28200000000000003
vertex 0.0 0.0 -0.28200000000000003
vertex 0.018651741537364118 -0.07264373708464733 -0.28200000000000003
endloop
endfacet
facet normal 0.21814324139654284 -0.9759167619387474 0.0
outer loop
vertex 0.014053598593929384 -0.07367154380465164 -0.28200000000000003
vertex 0.018651741537364118 -0.07264373708464733 -0.28200000000000003
vertex 0.014053598593929384 -0.07367154380465164 -0.28
endloop
endfacet
facet normal 0.21814324139654284 -0.9759167619387474 0.0
outer loop
vertex 0.014053598593929384 -0.07367154380465164 -0.28
vertex 0.018651741537364118 -0.07264373708464733 -0.28200000000000003
vertex 0.018651741537364118 -0.07264373708464733 -0.28
endloop
endfacet
facet normal 0.0 -0.0 0.9999999999999999
outer loop
vertex 0.014053598593929384 -0.07367154380465164 -0.28
vertex 0.018651741537364118 -0.07264373708464733 -0.28
vertex 0.0 0.0 -0.28
endloop
endfacet
facet normal 0.0 0.0 -1.0
outer loop
vertex 0.018651741537364118 -0.07264373708464733 -0.28200000000000003
vertex 0.0 0.0 -0.28200000000000003
vertex 0.02317627457812104 -0.07132923872213652 -0.28200000000000003
endloop
endfacet
facet normal 0.27899110603922955 -0.960293685676943 0.0
outer loop
vertex 0.018651741537364118 -0.07264373708464733 -0.28200000000000003
vertex 0.02317627457812104 -0.07132923872213652 -0.28200000000000003
vertex 0.018651741537364118 -0.07264373708464733 -0.28
endloop
endfacet
facet normal 0.27899110603922955 -0.960293685676943 0.0
outer loop
vertex 0.018651741537364118 -0.07264373708464733 -0.28
vertex 0.02317627457812104 -0.07132923872213652 -0.28200000000000003
vertex 0.02317627457812104 -0.07132923872213652 -0.28
endloop
endfacet
facet normal 0.0 -0.0 1.0
outer loop
vertex 0.018651741537364118 -0.07264373708464733 -0.28
vertex 0.02317627457812104 -0.07132923872213652 -0.28
vertex 0.0 0.0 -0.28
endloop
endfacet
facet normal 0.0 0.0 -1.0
outer loop
vertex 0.02317627457812104 -0.07132923872213652 -0.28200000000000003
vertex 0.0 0.0 -0.28200000000000003
vertex 0.02760934145135087 -0.06973323644161884 -0.28200000000000003
endloop
endfacet
facet normal 0.3387379202452917 -0.9408807689542255 0.0
outer loop
vertex 0.02317627457812104 -0.07132923872213652 -0.28200000000000003
vertex 0.02760934145135087 -0.06973323644161884 -0.28200000000000003
vertex 0.02317627457812104 -0.07132923872213652 -0.28
endloop
endfacet
facet normal 0.3387379202452917 -0.9408807689542255 0.0
outer loop
vertex 0.02317627457812104 -0.07132923872213652 -0.28
vertex 0.02760934145135087 -0.06973323644161884 -0.28200000000000003
vertex 0.02760934145135087 -0.06973323644161884 -0.28
endloop
endfacet
facet normal 0.0 -0.0 1.0
outer loop
vertex 0.02317627457812104 -0.07132923872213652 -0.28
vertex 0.02760934145135087 -0.06973323644161884 -0.28
vertex 0.0 0.0 -0.28
endloop
endfacet
facet normal 0.0 0.0 -1.0
outer loop
vertex 0.02760934145135087 -0.06973323644161884 -0.28200000000000003
vertex 0.0 0.0 -0.28200000000000003
vertex 0.03193344686738044 -0.06786202893495147 -0.28200000000000003
endloop
endfacet
facet normal 0.3971478906347799 -0.9177546256839816 0.0
outer loop
vertex 0.02760934145135087 -0.06973323644161884 -0.28200000000000003
vertex 0.03193344686738044 -0.06786202893495147 -0.28200000000000003
vertex 0.02760934145135087 -0.06973323644161884 -0.28
endloop
endfacet
facet normal 0.3971478906347799 -0.9177546256839816 0.0
outer loop
vertex 0.02760934145135087 -0.06973323644161884 -0.28
vertex 0.03193344686738044 -0.06786202893495147 -0.28200000000000003
vertex 0.03193344686738044 -0.06786202893495147 -0.28
endloop
endfacet
facet normal 0.0 -0.0 1.0
outer loop
vertex 0.02760934145135087 -0.06973323644161884 -0.28
vertex 0.03193344686738044 -0.06786202893495147 -0.28
vertex 0.0 0.0 -0.28
endloop
endfacet
facet normal 0.0 0.0 -1.0
outer loop
vertex 0.03193344686738044 -0.06786202893495147 -0.28200000000000003
vertex 0.0 0.0 -0.28200000000000003
vertex 0.03613152555762868 -0.06572300100328975 -0.28200000000000003
endloop
endfacet
facet normal 0.45399049973954797 -0.8910065241883672 0.0
outer loop
vertex 0.03193344686738044 -0.06786202893495147 -0.28200000000000003
vertex 0.03613152555762868 -0.06572300100328975 -0.28200000000000003
vertex 0.03193344686738044 -0.06786202893495147 -0.28
endloop
endfacet
facet normal 0.45399049973954797 -0.8910065241883672 0.0
outer loop
vertex 0.03193344686738044 -0.06786202893495147 -0.28
vertex 0.03613152555762868 -0.06572300100328975 -0.28200000000000003
vertex 0.03613152555762868 -0.06572300100328975 -0.28
endloop
endfacet
facet normal 0.0 -0.0 1.0
outer loop
vertex 0.03193344686738044 -0.06786202893495147 -0.28
vertex 0.03613152555762868 -0.06572300100328975 -0.28
vertex 0.0 0.0 -0.28
endloop
endfacet
facet normal 0.0 0.0 -1.0
outer loop
vertex 0.03613152555762868 -0.06572300100328975 -0.28200000000000003
vertex 0.0 0.0 -0.28200000000000003
vertex 0.04018700962342476 -0.06332459441265112 -0.28200000000000003
endloop
endfacet
facet normal 0.5090414157503713 -0.8607420270039436 0.0
outer loop
vertex 0.03613152555762868 -0.06572300100328975 -0.28200000000000003
vertex 0.04018700962342476 -0.06332459441265112 -0.28200000000000003
vertex 0.03613152555762868 -0.06572300100328975 -0.28
endloop
endfacet
facet normal 0.5090414157503713 -0.8607420270039436 0.0
outer loop
vertex 0.03613152555762868 -0.06572300100328975 -0.28
vertex 0.04018700962342476 -0.06332459441265112 -0.28200000000000003
vertex 0.04018700962342476 -0.06332459441265112 -0.28
endloop
endfacet
facet normal 0.0 -0.0 1.0
outer loop
vertex 0.03613152555762868 -0.06572300100328975 -0.28
vertex 0.04018700962342476 -0.06332459441265112 -0.28
vertex 0.0 0.0 -0.28
endloop
endfacet
facet normal 0.0 0.0 -0.9999999999999999
outer loop
vertex 0.04018700962342476 -0.06332459441265112 -0.28200000000000003
vertex 0.0 0.0 -0.28200000000000003
vertex 0.04408389392193553 -0.060676274578121026 -0.28200000000000003
endloop
endfacet
facet normal 0.5620833778521305 -0.8270805742745617 0.0
outer loop
vertex 0.04018700962342476 -0.06332459441265112 -0.28200000000000003
vertex 0.04408389392193553 -0.060676274578121026 -0.28200000000000003
vertex 0.04018700962342476 -0.06332459441265112 -0.28
endloop
endfacet
facet normal 0.5620833778521305 -0.8270805742745617 0.0
outer loop
vertex 0.04018700962342476 -0.06332459441265112 -0.28
vertex 0.04408389392193553 -0.060676274578121026 -0.28200000000000003
vertex 0.04408389392193553 -0.060676274578121026 -0.28
endloop
endfacet
facet normal 0.0 -0.0 0.9999999999999999
outer loop
vertex 0.04018700962342476 -0.06332459441265112 -0.28
vertex 0.04408389392193553 -0.060676274578121026 -0.28
vertex 0.0 0.0 -0.28
endloop
endfacet
facet normal 0.0 0.0 -1.0
outer loop
vertex 0.04408389392193553 -0.060676274578121026 -0.28200000000000003
vertex 0.0 0.0 -0.28200000000000003
vertex 0.04780679923115175 -0.057788493208184175 -0.28200000000000003
endloop
endfacet
facet normal 0.612907053652977 -0.7901550123756899 0.0
outer loop
vertex 0.04408389392193553 -0.060676274578121026 -0.28200000000000003
vertex 0.04780679923115175 -0.057788493208184175 -0.28200000000000003
vertex 0.04408389392193553 -0.060676274578121026 -0.28
endloop
endfacet
facet normal 0.612907053652977 -0.7901550123756899 0.0
outer loop
vertex 0.04408389392193553 -0.060676274578121026 -0.28
vertex 0.04780679923115175 -0.057788493208184175 -0.28200000000000003
vertex 0.04780679923115175 -0.057788493208184175 -0.28
endloop
endfacet
facet normal 0.0 -0.0 1.0
outer loop
vertex 0.04408389392193553 -0.060676274578121026 -0.28
vertex 0.04780679923115175 -0.057788493208184175 -0.28
vertex 0.0 0.0 -0.28
endloop
endfacet
facet normal 0.0 0.0 -0.9999999999999999
outer loop
vertex 0.04780679923115175 -0.057788493208184175 -0.28200000000000003
vertex 0.0 0.0 -0.28200000000000003
vertex 0.05134103294465164 -0.054672647056605864 -0.28200000000000003
endloop
endfacet
facet normal 0.6613118653236525 -0.7501110696304588 0.0
outer loop
vertex 0.04780679923115175 -0.057788493208184175 -0.28200000000000003
vertex 0.05134103294465164 -0.054672647056605864 -0.28200000000000003
vertex 0.04780679923115175 -0.057788493208184175 -0.28
endloop
endfacet
facet normal 0.6613118653236525 -0.7501110696304588 0.0
outer loop
vertex 0.04780679923115175 -0.057788493208184175 -0.28
vertex 0.05134103294465164 -0.054672647056605864 -0.28200000000000003
vertex 0.05134103294465164 -0.054672647056605864 -0.28
endloop
endfacet
facet normal 0.0 -0.0 1.0
outer loop
vertex 0.04780679923115175 -0.057788493208184175 -0.28
vertex 0.05134103294465164 -0.054672647056605864 -0.28
vertex 0.0 0.0 -0.28
endloop
endfacet
facet normal 0.0 0.0 -1.0
outer loop
vertex 0.05134103294465164 -0.054672647056605864 -0.28200000000000003
vertex 0.0 0.0 -0.28200000000000003
vertex 0.05467264705660589 -0.05134103294465162 -0.28200000000000003
endloop
endfacet
facet normal 0.7071067811865468 -0.7071067811865482 0.0
outer loop
vertex 0.05134103294465164 -0.054672647056605864 -0.28200000000000003
vertex 0.05467264705660589 -0.05134103294465162 -0.28200000000000003
vertex 0.05134103294465164 -0.054672647056605864 -0.28
endloop
endfacet
facet normal 0.7071067811865468 -0.7071067811865482 0.0
outer loop
vertex 0.05134103294465164 -0.054672647056605864 -0.28
vertex 0.05467264705660589 -0.05134103294465162 -0.28200000000000003
vertex 0.05467264705660589 -0.05134103294465162 -0.28
endloop
endfacet
facet normal 0.0 -0.0 1.0
outer loop
vertex 0.05134103294465164 -0.054672647056605864 -0.28
vertex 0.05467264705660589 -0.05134103294465162 -0.28
vertex 0.0 0.0 -0.28
endloop
endfacet
facet normal 0.0 0.0 -0.9999999999999999
outer loop
vertex 0.05467264705660589 -0.05134103294465162 -0.28200000000000003
vertex 0.0 0.0 -0.28200000000000003
vertex 0.0577884932081842 -0.04780679923115172 -0.28200000000000003
endloop
endfacet
facet normal 0.7501110696304596 -0.6613118653236519 0.0
outer loop
vertex 0.05467264705660589 -0.05134103294465162 -0.28200000000000003
vertex 0.0577884932081842 -0.04780679923115172 -0.28200000000000003
vertex 0.05467264705660589 -0.05134103294465162 -0.28
endloop
endfacet
facet normal 0.7501110696304596 -0.6613118653236519 0.0
outer loop
vertex 0.05467264705660589 -0.05134103294465162 -0.28
vertex 0.0577884932081842 -0.04780679923115172 -0.28200000000000003
vertex 0.0577884932081842 -0.04780679923115172 -0.28
endloop
endfacet
facet normal 0.0 -0.0 1.0
outer loop
vertex 0.05467264705660589 -0.05134103294465162 -0.28
vertex 0.0577884932081842 -0.04780679923115172 -0.28
vertex 0.0 0.0 -0.28
endloop
endfacet
facet normal 0.0 0.0 -0.9999999999999999
outer loop
vertex 0.0577884932081842 -0.04780679923115172 -0.28200000000000003
vertex 0.0 0.0 -0.28200000000000003
vertex 0.06067627457812108 -0.044083893921935444 -0.28200000000000003
endloop
endfacet
facet normal 0.7901550123756915 -0.612907053652975 0.0
outer loop
vertex 0.0577884932081842 -0.04780679923115172 -0.28200000000000003
vertex 0.06067627457812108 -0.044083893921935444 -0.28200000000000003
vertex 0.0577884932081842 -0.04780679923115172 -0.28
endloop
endfacet
facet normal 0.7901550123756915 -0.612907053652975 0.0
outer loop
vertex 0.0577884932081842 -0.04780679923115172 -0.28
vertex 0.06067627457812108 -0.044083893921935444 -0.28200000000000003
vertex 0.06067627457812108 -0.044083893921935444 -0.28
endloop
endfacet
facet normal 0.0 -0.0 1.0
outer loop
vertex 0.0577884932081842 -0.04780679923115172 -0.28
vertex 0.06067627457812108 -0.044083893921935444 -0.28
vertex 0.0 0.0 -0.28
endloop
endfacet
facet normal 0.0 0.0 -1.0
outer loop
vertex 0.06067627457812108 -0.044083893921935444 -0.28200000000000003
vertex 0.0 0.0 -0.28200000000000003
vertex 0.06332459441265115 -0.040187009623424724 -0.28200000000000003
endloop
endfacet
facet normal 0.8270805742745614 -0.5620833778521312 0.0
outer loop
vertex 0.06067627457812108 -0.044083893921935444 -0.28200000000000003
vertex 0.06332459441265115 -0.040187009623424724 -0.28200000000000003
vertex 0.06067627457812108 -0.044083893921935444 -0.28
endloop
endfacet
facet normal 0.8270805742745614 -0.5620833778521312 0.0
outer loop
vertex 0.06067627457812108 -0.044083893921935444 -0.28
vertex 0.06332459441265115 -0.040187009623424724 -0.28200000000000003
vertex 0.06332459441265115 -0.040187009623424724 -0.28
endloop
endfacet
facet normal 0.0 -0.0 1.0
outer loop
vertex 0.06067627457812108 -0.044083893921935444 -0.28
vertex 0.06332459441265115 -0.040187009623424724 -0.28
vertex 0.0 0.0 -0.28
endloop
endfacet
facet normal 0.0 0.0 -1.0
outer loop
vertex 0.06332459441265115 -0.040187009623424724 -0.28200000000000003
vertex 0.0 0.0 -0.28200000000000003
vertex 0.06572300100328976 -0.03613152555762865 -0.28200000000000003
endloop
endfacet
facet normal 0.8607420270039445 -0.5090414157503698 0.0
outer loop
vertex 0.06332459441265115 -0.040187009623424724 -0.28200000000000003
vertex 0.06572300100328976 -0.03613152555762865 -0.28200000000000003
vertex 0.06332459441265115 -0.040187009623424724 -0.28
endloop
endfacet
facet normal 0.8607420270039445 -0.5090414157503698 0.0
outer loop
vertex 0.06332459441265115 -0.040187009623424724 -0.28
vertex 0.06572300100328976 -0.03613152555762865 -0.28200000000000003
vertex 0.06572300100328976 -0.03613152555762865 -0.28
endloop
endfacet
facet normal 0.0 -0.0 1.0
outer loop
vertex 0.06332459441265115 -0.040187009623424724 -0.28
vertex 0.06572300100328976 -0.03613152555762865 -0.28
vertex 0.0 0.0 -0.28
endloop
endfacet
facet normal 0.0 0.0 -0.9999999999999999
outer loop
vertex 0.06572300100328976 -0.03613152555762865 -0.28200000000000003
vertex 0.0 0.0 -0.28200000000000003
vertex 0.06786202893495147 -0.031933446867380415 -0.28200000000000003
endloop
endfacet
facet normal 0.8910065241883683 -0.4539904997395456 0.0
outer loop
vertex 0.06572300100328976 -0.03613152555762865 -0.28200000000000003
vertex 0.06786202893495147 -0.031933446867380415 -0.28200000000000003
vertex 0.06572300100328976 -0.03613152555762865 -0.28
endloop
endfacet
facet normal 0.8910065241883683 -0.4539904997395456 0.0
outer loop
vertex 0.06572300100328976 -0.03613152555762865 -0.28
vertex 0.06786202893495147 -0.031933446867380415 -0.28200000000000003
vertex 0.06786202893495147 -0.031933446867380415 -0.28
endloop
endfacet
facet normal 0.0 -0.0 1.0
outer loop
vertex 0.06572300100328976 -0.03613152555762865 -0.28
vertex 0.06786202893495147 -0.031933446867380415 -0.28
vertex 0.0 0.0 -0.28
endloop
endfacet
facet normal 0.0 0.0 -1.0
outer loop
vertex 0.06786202893495147 -0.031933446867380415 -0.28200000000000003
vertex 0.0 0.0 -0.28200000000000003
vertex 0.06973323644161886 -0.027609341451350838 -0.28200000000000003
endloop
endfacet
facet normal 0.9177546256839804 -0.39714789063478206 0.0
outer loop
vertex 0.06786202893495147 -0.031933446867380415 -0.28200000000000003
vertex 0.06973323644161886 -0.027609341451350838 -0.28200000000000003
vertex 0.06786202893495147 -0.031933446867380415 -0.28
endloop
endfacet
facet normal 0.9177546256839804 -0.39714789063478206 0.0
outer loop
vertex 0.06786202893495147 -0.031933446867380415 -0.28
vertex 0.06973323644161886 -0.027609341451350838 -0.28200000000000003
vertex 0.06973323644161886 -0.027609341451350838 -0.28
endloop
endfacet
facet normal 0.0 -0.0 1.0
outer loop
vertex 0.06786202893495147 -0.031933446867380415 -0.28
vertex 0.06973323644161886 -0.027609341451350838 -0.28
vertex 0.0 0.0 -0.28
endloop
endfacet
facet normal 0.0 0.0 -1.0
outer loop
vertex 0.06973323644161886 -0.027609341451350838 -0.28200000000000003
vertex 0.0 0.0 -0.28200000000000003
vertex 0.07132923872213653 -0.02317627457812101 -0.28200000000000003
endloop
endfacet
facet normal 0.9408807689542255 -0.3387379202452917 0.0
outer loop
vertex 0.06973323644161886 -0.027609341451350838 -0.28200000000000003
vertex 0.07132923872213653 -0.02317627457812101 -0.28200000000000003
vertex 0.06973323644161886 -0.027609341451350838 -0.28
endloop
endfacet
facet normal 0.9408807689542255 -0.3387379202452917 0.0
outer loop
vertex 0.06973323644161886 -0.027609341451350838 -0.28
vertex 0.07132923872213653 -0.02317627457812101 -0.28200000000000003
vertex 0.07132923872213653 -0.02317627457812101 -0.28
endloop
endfacet
facet normal 0.0 -0.0 1.0
outer loop
vertex 0.06973323644161886 -0.027609341451350838 -0.28
vertex 0.07132923872213653 -0.02317627457812101 -0.28
vertex 0.0 0.0 -0.28
endloop
endfacet
facet normal 0.0 0.0 -1.0
outer loop
vertex 0.07132923872213653 -0.02317627457812101 -0.28200000000000003
vertex 0.0 0.0 -0.28200000000000003
vertex 0.07264373708464733 -0.018651741537364087 -0.28200000000000003
endloop
endfacet
facet normal 0.9602936856769438 -0.2789911060392269 0.0
outer loop
vertex 0.07132923872213653 -0.02317627457812101 -0.28200000000000003
vertex 0.07264373708464733 -0.018651741537364087 -0.28200000000000003
vertex 0.07132923872213653 -0.02317627457812101 -0.28
endloop
endfacet
facet normal 0.9602936856769438 -0.2789911060392269 0.0
outer loop
vertex 0.07132923872213653 -0.02317627457812101 -0.28
vertex 0.07264373708464733 -0.018651741537364087 -0.28200000000000003
vertex 0.07264373708464733 -0.018651741537364087 -0.28
endloop
endfacet
facet normal 0.0 -0.0 0.9999999999999999
outer loop
vertex 0.07132923872213653 -0.02317627457812101 -0.28
vertex 0.07264373708464733 -0.018651741537364087 -0.28
vertex 0.0 0.0 -0.28
endloop
endfacet
facet normal 0.0 0.0 -1.0
outer loop
vertex 0.07264373708464733 -0.018651741537364087 -0.28200000000000003
vertex 0.0 0.0 -0.28200000000000003
vertex 0.07367154380465166 -0.01405359859392935 -0.28200000000000003
endloop
endfacet
facet normal 0.9759167619387468 -0.21814324139654553 0.0
outer loop
vertex 0.07264373708464733 -0.018651741537364087 -0.28200000000000003
vertex 0.07367154380465166 -0.01405359859392935 -0.28200000000000003
vertex 0.07264373708464733 -0.018651741537364087 -0.28
endloop
endfacet
facet normal 0.9759167619387468 -0.21814324139654553 0.0
outer loop
vertex 0.07264373708464733 -0.018651741537364087 -0.28
vertex 0.07367154380465166 -0.01405359859392935 -0.28200000000000003
vertex 0.07367154380465166 -0.01405359859392935 -0.28
endloop
endfacet
facet normal 0.0 -0.0 1.0
outer loop
vertex 0.07264373708464733 -0.018651741537364087 -0.28
vertex 0.07367154380465166 -0.01405359859392935 -0.28
vertex 0.0 0.0 -0.28
endloop
endfacet
facet normal 0.0 0.0 -0.9999999999999999
outer loop
vertex 0.07367154380465166 -0.01405359859392935 -0.28200000000000003
vertex 0.0 0.0 -0.28200000000000003
vertex 0.07440860259858584 -0.009399992517322783 -0.28200000000000003
endloop
endfacet
facet normal 0.9876883405951381 -0.15643446504022854 0.0
outer loop
vertex 0.07367154380465166 -0.01405359859392935 -0.28200000000000003
vertex 0.07440860259858584 -0.009399992517322783 -0.28200000000000003
vertex 0.07367154380465166 -0.01405359859392935 -0.28
endloop
endfacet
facet normal 0.9876883405951381 -0.15643446504022854 0.0
outer loop
vertex 0.07367154380465166 -0.01405359859392935 -0.28
vertex 0.07440860259858584 -0.009399992517322783 -0.28200000000000003
vertex 0.07440860259858584 -0.009399992517322783 -0.28
endloop
endfacet
facet normal 0.0 -0.0 0.9999999999999999
outer loop
vertex 0.07367154380465166 -0.01405359859392935 -0.28
vertex 0.07440860259858584 -0.009399992517322783 -0.28
vertex 0.0 0.0 -0.28
endloop
endfacet
facet normal 0.0 0.0 -1.0
outer loop
vertex 0.07440860259858584 -0.009399992517322783 -0.28200000000000003
vertex 0.0 0.0 -0.28200000000000003
vertex 0.07485200463212037 -0.0047092889646984945 -0.28200000000000003
endloop
endfacet
facet normal 0.9955619646030798 -0.09410831331851525 0.0
outer loop
vertex 0.07440860259858584 -0.009399992517322783 -0.28200000000000003
vertex 0.07485200463212037 -0.0047092889646984945 -0.28200000000000003
vertex 0.07440860259858584 -0.009399992517322783 -0.28
endloop
endfacet
facet normal 0.9955619646030798 -0.09410831331851525 0.0
outer loop
vertex 0.07440860259858584 -0.009399992517322783 -0.28
vertex 0.07485200463212037 -0.0047092889646984945 -0.28200000000000003
vertex 0.07485200463212037 -0.0047092889646984945 -0.28
endloop
endfacet
facet normal 0.0 -0.0 1.0
outer loop
vertex 0.07440860259858584 -0.009399992517322783 -0.28
vertex 0.07485200463212037 -0.0047092889646984945 -0.28
vertex 0.0 0.0 -0.28
endloop
endfacet
facet normal 0.0 0.0 -1.0
outer loop
vertex 0.07485200463212037 -0.0047092889646984945 -0.28200000000000003
vertex 0.0 0.0 -0.28200000000000003
vertex 0.075 0.0 -0.28200000000000003
endloop
endfacet
facet normal 0.9995065603657317 -0.03141075907812722 0.0
outer loop
vertex 0.07485200463212037 -0.0047092889646984945 -0.28200000000000003
vertex 0.075 0.0 -0.28200000000000003
vertex 0.07485200463212037 -0.0047092889646984945 -0.28
endloop
endfacet
facet normal 0.9995065603657317 -0.03141075907812722 0.0
outer loop
vertex 0.07485200463212037 -0.0047092889646984945 -0.28
vertex 0.075 0.0 -0.28200000000000003
vertex 0.075 0.0 -0.28
endloop
endfacet
facet normal 0.0 -0.0 1.0
outer loop
vertex 0.07485200463212037 -0.0047092889646984945 -0.28
vertex 0.075 0.0 -0.28
vertex 0.0 0.0 -0.28
endloop
endfacet

endsolid
